experiment,method,seed,trace,trace_key,mean_reward
fcc-test_video1,genet,100001,result_sim_abr_fcc-test_000_trace_942154_http---www.ebay.com_0,000_trace_942154_http---www.ebay.com_0,0.5393617021276595
fcc-test_video1,genet,100001,result_sim_abr_fcc-test_001_test_fcc_trace_215364_http---www.ebay.com_600_0,001_test_fcc_trace_215364_http---www.ebay.com_600_0,0.8010638297872341
fcc-test_video1,genet,100001,result_sim_abr_fcc-test_002_trace_939592_http---www.facebook.com_640,002_trace_939592_http---www.facebook.com_640,1.2042553191489362
fcc-test_video1,genet,100001,result_sim_abr_fcc-test_003_trace_215252_http---www.msn.com_640,003_trace_215252_http---www.msn.com_640,1.2648936170212766
fcc-test_video1,genet,100001,result_sim_abr_fcc-test_004_trace_901648_http---www.amazon.com_960,004_trace_901648_http---www.amazon.com_960,2.0861702127659565
fcc-test_video1,genet,100001,result_sim_abr_fcc-test_005_trace_13562_http---www.facebook.com_320,005_trace_13562_http---www.facebook.com_320,0.4627659574468085
fcc-test_video1,genet,100001,result_sim_abr_fcc-test_006_trace_7256_http---www.facebook.com_640,006_trace_7256_http---www.facebook.com_640,0.43404255319148943
fcc-test_video1,genet,100001,result_sim_abr_fcc-test_007_test_fcc_trace_14731_http---www.facebook.com_1080_0,007_test_fcc_trace_14731_http---www.facebook.com_1080_0,0.4148936170212766
fcc-test_video1,genet,100001,result_sim_abr_fcc-test_008_test_fcc_trace_27175_http---www.amazon.com_480_0,008_test_fcc_trace_27175_http---www.amazon.com_480_0,0.13036724468718977
fcc-test_video1,genet,100001,result_sim_abr_fcc-test_009_test_fcc_trace_27175_http---www.amazon.com_420_0,009_test_fcc_trace_27175_http---www.amazon.com_420_0,0.577659574468085
fcc-test_video1,genet,100001,result_sim_abr_fcc-test_010_test_fcc_trace_14731_http---www.facebook.com_1140_0,010_test_fcc_trace_14731_http---www.facebook.com_1140_0,0.39574468085106385
fcc-test_video1,genet,100001,result_sim_abr_fcc-test_011_test_fcc_trace_5554_http---www.amazon.com_360_0,011_test_fcc_trace_5554_http---www.amazon.com_360_0,0.4914893617021276
fcc-test_video1,genet,100001,result_sim_abr_fcc-test_012_trace_939562_http---www.google.com-mobile-_0,012_trace_939562_http---www.google.com-mobile-_0,2.0382978723404244
fcc-test_video1,genet,100001,result_sim_abr_fcc-test_013_trace_8299_http---www.amazon.com_1280,013_trace_8299_http---www.amazon.com_1280,1.2308510638297867
fcc-test_video1,genet,100001,result_sim_abr_fcc-test_014_trace_849842_http---www.facebook.com_960,014_trace_849842_http---www.facebook.com_960,0.4531914893617022
fcc-test_video1,genet,100001,result_sim_abr_fcc-test_015_test_fcc_trace_805712_http---www.facebook.com_720_0,015_test_fcc_trace_805712_http---www.facebook.com_720_0,1.2265957446808513
fcc-test_video1,genet,100001,result_sim_abr_fcc-test_016_trace_11332_http---www.facebook.com_640,016_trace_11332_http---www.facebook.com_640,0.4053191489361702
fcc-test_video1,genet,100001,result_sim_abr_fcc-test_017_trace_7451_http---www.yahoo.com_320,017_trace_7451_http---www.yahoo.com_320,0.902127659574468
fcc-test_video1,genet,100001,result_sim_abr_fcc-test_018_trace_806172_http---www.amazon.com_320,018_trace_806172_http---www.amazon.com_320,0.7404255319148936
fcc-test_video1,genet,100001,result_sim_abr_fcc-test_019_trace_7540_http---www.yahoo.com_0,019_trace_7540_http---www.yahoo.com_0,0.7893617021276598
fcc-test_video1,genet,100001,result_sim_abr_fcc-test_020_trace_28838_http---www.amazon.com_1280,020_trace_28838_http---www.amazon.com_1280,-0.5704453899046732
fcc-test_video1,genet,100001,result_sim_abr_fcc-test_021_test_fcc_trace_14731_http---www.facebook.com_300_0,021_test_fcc_trace_14731_http---www.facebook.com_300_0,0.4053191489361703
fcc-test_video1,genet,100001,result_sim_abr_fcc-test_022_trace_7451_http---www.yahoo.com_960,022_trace_7451_http---www.yahoo.com_960,0.8734042553191493
fcc-test_video1,genet,100001,result_sim_abr_fcc-test_023_trace_942092_http---www.facebook.com_0,023_trace_942092_http---www.facebook.com_0,1.4670212765957447
fcc-test_video1,genet,100001,result_sim_abr_fcc-test_024_test_fcc_trace_216810_http---www.facebook.com_1140_0,024_test_fcc_trace_216810_http---www.facebook.com_1140_0,0.8295188123901701
fcc-test_video1,genet,100001,result_sim_abr_fcc-test_025_test_fcc_trace_215364_http---www.ebay.com_1020_0,025_test_fcc_trace_215364_http---www.ebay.com_1020_0,0.7882978723404258
fcc-test_video1,genet,100001,result_sim_abr_fcc-test_026_trace_665192_http---www.facebook.com_640,026_trace_665192_http---www.facebook.com_640,1.8382978723404249
fcc-test_video1,genet,100001,result_sim_abr_fcc-test_027_test_fcc_trace_27175_http---www.amazon.com_660_0,027_test_fcc_trace_27175_http---www.amazon.com_660_0,1.0276595744680852
fcc-test_video1,genet,100001,result_sim_abr_fcc-test_028_trace_663494_http---www.facebook.com_960,028_trace_663494_http---www.facebook.com_960,1.8319148936170206
fcc-test_video1,genet,100001,result_sim_abr_fcc-test_029_test_fcc_trace_5554_http---www.amazon.com_1080_0,029_test_fcc_trace_5554_http---www.amazon.com_1080_0,0.6542553191489362
fcc-test_video1,genet,100001,result_sim_abr_fcc-test_030_test_fcc_trace_216810_http---www.facebook.com_120_0,030_test_fcc_trace_216810_http---www.facebook.com_120_0,1.518085106382979
fcc-test_video1,genet,100001,result_sim_abr_fcc-test_031_trace_849842_http---www.facebook.com_640,031_trace_849842_http---www.facebook.com_640,0.3861702127659575
fcc-test_video1,genet,100001,result_sim_abr_fcc-test_032_test_fcc_trace_805712_http---www.facebook.com_60_0,032_test_fcc_trace_805712_http---www.facebook.com_60_0,1.123404255319149
fcc-test_video1,genet,100001,result_sim_abr_fcc-test_033_test_fcc_trace_216810_http---www.facebook.com_480_0,033_test_fcc_trace_216810_http---www.facebook.com_480_0,1.1042553191489364
fcc-test_video1,genet,100001,result_sim_abr_fcc-test_034_trace_797466_http---www.amazon.com_320,034_trace_797466_http---www.amazon.com_320,0.5776595744680851
fcc-test_video1,genet,100001,result_sim_abr_fcc-test_035_trace_7289_http---www.yahoo.com_320,035_trace_7289_http---www.yahoo.com_320,0.7595744680851066
fcc-test_video1,genet,100001,result_sim_abr_fcc-test_036_trace_216826_http---www.amazon.com_960,036_trace_216826_http---www.amazon.com_960,0.7314091788919911
fcc-test_video1,genet,100001,result_sim_abr_fcc-test_037_test_fcc_trace_215364_http---www.ebay.com_840_0,037_test_fcc_trace_215364_http---www.ebay.com_840_0,0.7787234042553194
fcc-test_video1,genet,100001,result_sim_abr_fcc-test_038_trace_216826_http---www.amazon.com_640,038_trace_216826_http---www.amazon.com_640,0.74015020635513
fcc-test_video1,genet,100001,result_sim_abr_fcc-test_039_trace_866_http---www.amazon.com_1280,039_trace_866_http---www.amazon.com_1280,0.8340425531914896
fcc-test_video1,genet,100001,result_sim_abr_fcc-test_040_trace_799448_http---www.facebook.com_1280,040_trace_799448_http---www.facebook.com_1280,0.9776595744680855
fcc-test_video1,genet,100001,result_sim_abr_fcc-test_041_test_fcc_trace_5554_http---www.amazon.com_1200_0,041_test_fcc_trace_5554_http---www.amazon.com_1200_0,0.847872340425532
fcc-test_video1,genet,100001,result_sim_abr_fcc-test_042_trace_14679_http---www.facebook.com_0,042_trace_14679_http---www.facebook.com_0,0.43404255319148943
fcc-test_video1,genet,100001,result_sim_abr_fcc-test_043_trace_8299_http---www.amazon.com_640,043_trace_8299_http---www.amazon.com_640,1.5124409240962022
fcc-test_video1,genet,100001,result_sim_abr_fcc-test_044_trace_8747_http---www.amazon.com_320,044_trace_8747_http---www.amazon.com_320,1.922340425531914
fcc-test_video1,genet,100001,result_sim_abr_fcc-test_045_test_fcc_trace_27175_http---www.amazon.com_240_0,045_test_fcc_trace_27175_http---www.amazon.com_240_0,0.5585106382978723
fcc-test_video1,genet,100001,result_sim_abr_fcc-test_046_trace_7190_http---www.yahoo.com_1280,046_trace_7190_http---www.yahoo.com_1280,0.8404255319148937
fcc-test_video1,genet,100001,result_sim_abr_fcc-test_047_trace_8299_http---www.amazon.com_0,047_trace_8299_http---www.amazon.com_0,0.7109269573888216
fcc-test_video1,genet,100001,result_sim_abr_fcc-test_048_trace_806172_http---www.amazon.com_1280,048_trace_806172_http---www.amazon.com_1280,0.21822983685828864
fcc-test_video1,genet,100001,result_sim_abr_fcc-test_049_trace_665208_http---www.yahoo.com_0,049_trace_665208_http---www.yahoo.com_0,2.661702127659574
fcc-test_video1,genet,100001,result_sim_abr_fcc-test_050_trace_207336_http---www.amazon.com_1280,050_trace_207336_http---www.amazon.com_1280,0.7523501343407948
fcc-test_video1,genet,100001,result_sim_abr_fcc-test_051_test_fcc_trace_805712_http---www.facebook.com_1500_0,051_test_fcc_trace_805712_http---www.facebook.com_1500_0,1.0989361702127662
fcc-test_video1,genet,100001,result_sim_abr_fcc-test_052_test_fcc_trace_14731_http---www.facebook.com_420_0,052_test_fcc_trace_14731_http---www.facebook.com_420_0,0.3861702127659576
fcc-test_video1,genet,100001,result_sim_abr_fcc-test_053_trace_8299_http---www.amazon.com_960,053_trace_8299_http---www.amazon.com_960,-1.2789589376221084
fcc-test_video1,genet,100001,result_sim_abr_fcc-test_054_test_fcc_trace_805712_http---www.facebook.com_360_0,054_test_fcc_trace_805712_http---www.facebook.com_360_0,1.293617021276596
fcc-test_video1,genet,100001,result_sim_abr_fcc-test_055_trace_806172_http---www.amazon.com_960,055_trace_806172_http---www.amazon.com_960,1.4882978723404257
fcc-test_video1,genet,100001,result_sim_abr_fcc-test_056_test_fcc_trace_27175_http---www.amazon.com_600_0,056_test_fcc_trace_27175_http---www.amazon.com_600_0,0.5489361702127659
fcc-test_video1,genet,100001,result_sim_abr_fcc-test_057_test_fcc_trace_14731_http---www.facebook.com_1320_0,057_test_fcc_trace_14731_http---www.facebook.com_1320_0,0.3861702127659576
fcc-test_video1,genet,100001,result_sim_abr_fcc-test_058_trace_797700_http---www.yahoo.com_960,058_trace_797700_http---www.yahoo.com_960,0.5106382978723404
fcc-test_video1,genet,100001,result_sim_abr_fcc-test_059_trace_941752_http---www.facebook.com_0,059_trace_941752_http---www.facebook.com_0,0.47234042553191485
fcc-test_video1,genet,100001,result_sim_abr_fcc-test_060_test_fcc_trace_215364_http---www.ebay.com_1140_0,060_test_fcc_trace_215364_http---www.ebay.com_1140_0,0.7021276595744681
fcc-test_video1,genet,100001,result_sim_abr_fcc-test_061_trace_806172_http---www.amazon.com_0,061_trace_806172_http---www.amazon.com_0,1.6255319148936165
fcc-test_video1,genet,100001,result_sim_abr_fcc-test_062_trace_797700_http---www.yahoo.com_320,062_trace_797700_http---www.yahoo.com_320,0.39574468085106385
fcc-test_video1,genet,100001,result_sim_abr_fcc-test_063_trace_799296_http---www.amazon.com_960,063_trace_799296_http---www.amazon.com_960,2.020212765957446
fcc-test_video1,genet,100001,result_sim_abr_fcc-test_064_trace_10730_http---www.facebook.com_1280,064_trace_10730_http---www.facebook.com_1280,0.39574468085106385
fcc-test_video1,genet,100001,result_sim_abr_fcc-test_065_trace_799448_http---www.facebook.com_320,065_trace_799448_http---www.facebook.com_320,0.8106382978723404
fcc-test_video1,genet,100001,result_sim_abr_fcc-test_066_test_fcc_trace_805712_http---www.facebook.com_1140_0,066_test_fcc_trace_805712_http---www.facebook.com_1140_0,1.2872340425531916
fcc-test_video1,genet,100001,result_sim_abr_fcc-test_067_test_fcc_trace_27175_http---www.amazon.com_1320_0,067_test_fcc_trace_27175_http---www.amazon.com_1320_0,0.5680851063829787
fcc-test_video1,genet,100001,result_sim_abr_fcc-test_068_trace_901648_http---www.amazon.com_640,068_trace_901648_http---www.amazon.com_640,0.2082450349048878
fcc-test_video1,genet,100001,result_sim_abr_fcc-test_069_trace_939618_http---www.amazon.com_960,069_trace_939618_http---www.amazon.com_960,1.0340425531914896
fcc-test_video1,genet,100001,result_sim_abr_fcc-test_070_test_fcc_trace_14731_http---www.facebook.com_720_0,070_test_fcc_trace_14731_http---www.facebook.com_720_0,0.3765957446808512
fcc-test_video1,genet,100001,result_sim_abr_fcc-test_071_trace_7256_http---www.facebook.com_960,071_trace_7256_http---www.facebook.com_960,0.4819148936170212
fcc-test_video1,genet,100001,result_sim_abr_fcc-test_072_test_fcc_trace_216810_http---www.facebook.com_1440_0,072_test_fcc_trace_216810_http---www.facebook.com_1440_0,1.6031914893617014
fcc-test_video1,genet,100001,result_sim_abr_fcc-test_073_test_fcc_trace_5554_http---www.amazon.com_720_0,073_test_fcc_trace_5554_http---www.amazon.com_720_0,0.6829787234042553
fcc-test_video1,genet,100001,result_sim_abr_fcc-test_074_test_fcc_trace_27175_http---www.amazon.com_1140_0,074_test_fcc_trace_27175_http---www.amazon.com_1140_0,1.0214110584900535
fcc-test_video1,genet,100001,result_sim_abr_fcc-test_075_trace_7451_http---www.yahoo.com_640,075_trace_7451_http---www.yahoo.com_640,0.8212765957446806
fcc-test_video1,genet,100001,result_sim_abr_fcc-test_076_trace_805936_http---www.youtube.com_640,076_trace_805936_http---www.youtube.com_640,0.5968085106382979
fcc-test_video1,genet,100001,result_sim_abr_fcc-test_077_trace_665208_http---www.yahoo.com_640,077_trace_665208_http---www.yahoo.com_640,2.286170212765957
fcc-test_video1,genet,100001,result_sim_abr_fcc-test_078_trace_8747_http---www.amazon.com_960,078_trace_8747_http---www.amazon.com_960,0.6638297872340426
fcc-test_video1,genet,100001,result_sim_abr_fcc-test_079_test_fcc_trace_14731_http---www.facebook.com_1380_0,079_test_fcc_trace_14731_http---www.facebook.com_1380_0,0.3861702127659575
fcc-test_video1,genet,100001,result_sim_abr_fcc-test_080_test_fcc_trace_215364_http---www.ebay.com_420_0,080_test_fcc_trace_215364_http---www.ebay.com_420_0,0.748936170212766
fcc-test_video1,genet,100001,result_sim_abr_fcc-test_081_test_fcc_trace_14731_http---www.facebook.com_360_0,081_test_fcc_trace_14731_http---www.facebook.com_360_0,0.3765957446808511
fcc-test_video1,genet,100001,result_sim_abr_fcc-test_082_trace_26689_http---www.amazon.com_640,082_trace_26689_http---www.amazon.com_640,0.9478723404255321
fcc-test_video1,genet,100001,result_sim_abr_fcc-test_083_test_fcc_trace_216810_http---www.facebook.com_300_0,083_test_fcc_trace_216810_http---www.facebook.com_300_0,1.6776595744680844
fcc-test_video1,genet,100001,result_sim_abr_fcc-test_084_trace_849842_http---www.facebook.com_1280,084_trace_849842_http---www.facebook.com_1280,0.4053191489361702
fcc-test_video1,genet,100001,result_sim_abr_fcc-test_085_test_fcc_trace_27175_http---www.amazon.com_840_0,085_test_fcc_trace_27175_http---www.amazon.com_840_0,2.5382978723404253
fcc-test_video1,genet,100001,result_sim_abr_fcc-test_086_trace_941778_http---www.youtube.com_320,086_trace_941778_http---www.youtube.com_320,0.4053191489361703
fcc-test_video1,genet,100001,result_sim_abr_fcc-test_087_test_fcc_trace_27175_http---www.amazon.com_780_0,087_test_fcc_trace_27175_http---www.amazon.com_780_0,2.7265957446808513
fcc-test_video1,genet,100001,result_sim_abr_fcc-test_088_trace_10322_http---edition.cnn.com_960,088_trace_10322_http---edition.cnn.com_960,0.6404255319148937
fcc-test_video1,genet,100001,result_sim_abr_fcc-test_089_test_fcc_trace_215364_http---www.ebay.com_60_0,089_test_fcc_trace_215364_http---www.ebay.com_60_0,0.8074468085106385
fcc-test_video1,genet,100001,result_sim_abr_fcc-test_090_trace_663494_http---www.facebook.com_640,090_trace_663494_http---www.facebook.com_640,1.3819148936170214
fcc-test_video1,genet,100001,result_sim_abr_fcc-test_091_trace_11332_http---www.facebook.com_960,091_trace_11332_http---www.facebook.com_960,0.42446808510638295
fcc-test_video1,genet,100001,result_sim_abr_fcc-test_092_test_fcc_trace_216810_http---www.facebook.com_780_0,092_test_fcc_trace_216810_http---www.facebook.com_780_0,1.193617021276596
fcc-test_video1,genet,100001,result_sim_abr_fcc-test_093_test_fcc_trace_27175_http---www.amazon.com_720_0,093_test_fcc_trace_27175_http---www.amazon.com_720_0,2.0521276595744675
fcc-test_video1,genet,100001,result_sim_abr_fcc-test_094_test_fcc_trace_14731_http---www.facebook.com_1020_0,094_test_fcc_trace_14731_http---www.facebook.com_1020_0,0.32872340425531915
fcc-test_video1,genet,100001,result_sim_abr_fcc-test_095_trace_8996_http---www.facebook.com_320,095_trace_8996_http---www.facebook.com_320,0.4148936170212767
fcc-test_video1,genet,100001,result_sim_abr_fcc-test_096_trace_925806_http---www.amazon.com_640,096_trace_925806_http---www.amazon.com_640,0.39574468085106385
fcc-test_video1,genet,100001,result_sim_abr_fcc-test_097_test_fcc_trace_805712_http---www.facebook.com_1200_0,097_test_fcc_trace_805712_http---www.facebook.com_1200_0,1.0797872340425534
fcc-test_video1,genet,100001,result_sim_abr_fcc-test_098_trace_939562_http---www.google.com-mobile-_320,098_trace_939562_http---www.google.com-mobile-_320,2.267021276595744
fcc-test_video1,genet,100001,result_sim_abr_fcc-test_099_trace_925800_http---www.ebay.com_320,099_trace_925800_http---www.ebay.com_320,0.5968085106382979
fcc-test_video1,genet,100002,result_sim_abr_fcc-test_000_trace_942154_http---www.ebay.com_0,000_trace_942154_http---www.ebay.com_0,0.5010638297872342
fcc-test_video1,genet,100002,result_sim_abr_fcc-test_001_test_fcc_trace_215364_http---www.ebay.com_600_0,001_test_fcc_trace_215364_http---www.ebay.com_600_0,0.7531914893617021
fcc-test_video1,genet,100002,result_sim_abr_fcc-test_002_trace_939592_http---www.facebook.com_640,002_trace_939592_http---www.facebook.com_640,1.2819148936170215
fcc-test_video1,genet,100002,result_sim_abr_fcc-test_003_trace_215252_http---www.msn.com_640,003_trace_215252_http---www.msn.com_640,1.120212765957447
fcc-test_video1,genet,100002,result_sim_abr_fcc-test_004_trace_901648_http---www.amazon.com_960,004_trace_901648_http---www.amazon.com_960,1.9627659574468077
fcc-test_video1,genet,100002,result_sim_abr_fcc-test_005_trace_13562_http---www.facebook.com_320,005_trace_13562_http---www.facebook.com_320,0.3765957446808511
fcc-test_video1,genet,100002,result_sim_abr_fcc-test_006_trace_7256_http---www.facebook.com_640,006_trace_7256_http---www.facebook.com_640,0.5010638297872342
fcc-test_video1,genet,100002,result_sim_abr_fcc-test_007_test_fcc_trace_14731_http---www.facebook.com_1080_0,007_test_fcc_trace_14731_http---www.facebook.com_1080_0,0.3574468085106383
fcc-test_video1,genet,100002,result_sim_abr_fcc-test_008_test_fcc_trace_27175_http---www.amazon.com_480_0,008_test_fcc_trace_27175_http---www.amazon.com_480_0,0.5202923754834509
fcc-test_video1,genet,100002,result_sim_abr_fcc-test_009_test_fcc_trace_27175_http---www.amazon.com_420_0,009_test_fcc_trace_27175_http---www.amazon.com_420_0,0.5393617021276597
fcc-test_video1,genet,100002,result_sim_abr_fcc-test_010_test_fcc_trace_14731_http---www.facebook.com_1140_0,010_test_fcc_trace_14731_http---www.facebook.com_1140_0,0.35744680851063837
fcc-test_video1,genet,100002,result_sim_abr_fcc-test_011_test_fcc_trace_5554_http---www.amazon.com_360_0,011_test_fcc_trace_5554_http---www.amazon.com_360_0,0.43404255319148943
fcc-test_video1,genet,100002,result_sim_abr_fcc-test_012_trace_939562_http---www.google.com-mobile-_0,012_trace_939562_http---www.google.com-mobile-_0,2.1340425531914886
fcc-test_video1,genet,100002,result_sim_abr_fcc-test_013_trace_8299_http---www.amazon.com_1280,013_trace_8299_http---www.amazon.com_1280,-0.008069804734486513
fcc-test_video1,genet,100002,result_sim_abr_fcc-test_014_trace_849842_http---www.facebook.com_960,014_trace_849842_http---www.facebook.com_960,0.4148936170212767
fcc-test_video1,genet,100002,result_sim_abr_fcc-test_015_test_fcc_trace_805712_http---www.facebook.com_720_0,015_test_fcc_trace_805712_http---www.facebook.com_720_0,1.121276595744681
fcc-test_video1,genet,100002,result_sim_abr_fcc-test_016_trace_11332_http---www.facebook.com_640,016_trace_11332_http---www.facebook.com_640,0.4053191489361703
fcc-test_video1,genet,100002,result_sim_abr_fcc-test_017_trace_7451_http---www.yahoo.com_320,017_trace_7451_http---www.yahoo.com_320,0.8361702127659578
fcc-test_video1,genet,100002,result_sim_abr_fcc-test_018_trace_806172_http---www.amazon.com_320,018_trace_806172_http---www.amazon.com_320,0.7691489361702128
fcc-test_video1,genet,100002,result_sim_abr_fcc-test_019_trace_7540_http---www.yahoo.com_0,019_trace_7540_http---www.yahoo.com_0,0.7882978723404256
fcc-test_video1,genet,100002,result_sim_abr_fcc-test_020_trace_28838_http---www.amazon.com_1280,020_trace_28838_http---www.amazon.com_1280,-1.9342420295364824
fcc-test_video1,genet,100002,result_sim_abr_fcc-test_021_test_fcc_trace_14731_http---www.facebook.com_300_0,021_test_fcc_trace_14731_http---www.facebook.com_300_0,0.3574468085106383
fcc-test_video1,genet,100002,result_sim_abr_fcc-test_022_trace_7451_http---www.yahoo.com_960,022_trace_7451_http---www.yahoo.com_960,0.8553191489361706
fcc-test_video1,genet,100002,result_sim_abr_fcc-test_023_trace_942092_http---www.facebook.com_0,023_trace_942092_http---www.facebook.com_0,1.3234042553191492
fcc-test_video1,genet,100002,result_sim_abr_fcc-test_024_test_fcc_trace_216810_http---www.facebook.com_1140_0,024_test_fcc_trace_216810_http---www.facebook.com_1140_0,1.3734042553191486
fcc-test_video1,genet,100002,result_sim_abr_fcc-test_025_test_fcc_trace_215364_http---www.ebay.com_1020_0,025_test_fcc_trace_215364_http---www.ebay.com_1020_0,0.7755319148936166
fcc-test_video1,genet,100002,result_sim_abr_fcc-test_026_trace_665192_http---www.facebook.com_640,026_trace_665192_http---www.facebook.com_640,1.8085106382978715
fcc-test_video1,genet,100002,result_sim_abr_fcc-test_027_test_fcc_trace_27175_http---www.amazon.com_660_0,027_test_fcc_trace_27175_http---www.amazon.com_660_0,0.5221709281640697
fcc-test_video1,genet,100002,result_sim_abr_fcc-test_028_trace_663494_http---www.facebook.com_960,028_trace_663494_http---www.facebook.com_960,1.7755319148936162
fcc-test_video1,genet,100002,result_sim_abr_fcc-test_029_test_fcc_trace_5554_http---www.amazon.com_1080_0,029_test_fcc_trace_5554_http---www.amazon.com_1080_0,0.6914893617021277
fcc-test_video1,genet,100002,result_sim_abr_fcc-test_030_test_fcc_trace_216810_http---www.facebook.com_120_0,030_test_fcc_trace_216810_http---www.facebook.com_120_0,1.534042553191489
fcc-test_video1,genet,100002,result_sim_abr_fcc-test_031_trace_849842_http---www.facebook.com_640,031_trace_849842_http---www.facebook.com_640,0.36702127659574474
fcc-test_video1,genet,100002,result_sim_abr_fcc-test_032_test_fcc_trace_805712_http---www.facebook.com_60_0,032_test_fcc_trace_805712_http---www.facebook.com_60_0,1.1670212765957448
fcc-test_video1,genet,100002,result_sim_abr_fcc-test_033_test_fcc_trace_216810_http---www.facebook.com_480_0,033_test_fcc_trace_216810_http---www.facebook.com_480_0,1.0670212765957445
fcc-test_video1,genet,100002,result_sim_abr_fcc-test_034_trace_797466_http---www.amazon.com_320,034_trace_797466_http---www.amazon.com_320,0.6159574468085105
fcc-test_video1,genet,100002,result_sim_abr_fcc-test_035_trace_7289_http---www.yahoo.com_320,035_trace_7289_http---www.yahoo.com_320,0.8531914893617022
fcc-test_video1,genet,100002,result_sim_abr_fcc-test_036_trace_216826_http---www.amazon.com_960,036_trace_216826_http---www.amazon.com_960,0.897897300177772
fcc-test_video1,genet,100002,result_sim_abr_fcc-test_037_test_fcc_trace_215364_http---www.ebay.com_840_0,037_test_fcc_trace_215364_http---www.ebay.com_840_0,0.8053191489361704
fcc-test_video1,genet,100002,result_sim_abr_fcc-test_038_trace_216826_http---www.amazon.com_640,038_trace_216826_http---www.amazon.com_640,-0.0388371413626405
fcc-test_video1,genet,100002,result_sim_abr_fcc-test_039_trace_866_http---www.amazon.com_1280,039_trace_866_http---www.amazon.com_1280,0.6925531914893617
fcc-test_video1,genet,100002,result_sim_abr_fcc-test_040_trace_799448_http---www.facebook.com_1280,040_trace_799448_http---www.facebook.com_1280,0.9308510638297877
fcc-test_video1,genet,100002,result_sim_abr_fcc-test_041_test_fcc_trace_5554_http---www.amazon.com_1200_0,041_test_fcc_trace_5554_http---www.amazon.com_1200_0,0.8638297872340426
fcc-test_video1,genet,100002,result_sim_abr_fcc-test_042_trace_14679_http---www.facebook.com_0,042_trace_14679_http---www.facebook.com_0,0.42446808510638306
fcc-test_video1,genet,100002,result_sim_abr_fcc-test_043_trace_8299_http---www.amazon.com_640,043_trace_8299_http---www.amazon.com_640,2.0242090578551863
fcc-test_video1,genet,100002,result_sim_abr_fcc-test_044_trace_8747_http---www.amazon.com_320,044_trace_8747_http---www.amazon.com_320,1.823404255319148
fcc-test_video1,genet,100002,result_sim_abr_fcc-test_045_test_fcc_trace_27175_http---www.amazon.com_240_0,045_test_fcc_trace_27175_http---www.amazon.com_240_0,0.7106382978723403
fcc-test_video1,genet,100002,result_sim_abr_fcc-test_046_trace_7190_http---www.yahoo.com_1280,046_trace_7190_http---www.yahoo.com_1280,0.8765957446808513
fcc-test_video1,genet,100002,result_sim_abr_fcc-test_047_trace_8299_http---www.amazon.com_0,047_trace_8299_http---www.amazon.com_0,1.671783675495475
fcc-test_video1,genet,100002,result_sim_abr_fcc-test_048_trace_806172_http---www.amazon.com_1280,048_trace_806172_http---www.amazon.com_1280,1.0787234042553193
fcc-test_video1,genet,100002,result_sim_abr_fcc-test_049_trace_665208_http---www.yahoo.com_0,049_trace_665208_http---www.yahoo.com_0,2.559574468085106
fcc-test_video1,genet,100002,result_sim_abr_fcc-test_050_trace_207336_http---www.amazon.com_1280,050_trace_207336_http---www.amazon.com_1280,0.6040122817353986
fcc-test_video1,genet,100002,result_sim_abr_fcc-test_051_test_fcc_trace_805712_http---www.facebook.com_1500_0,051_test_fcc_trace_805712_http---www.facebook.com_1500_0,1.1808510638297873
fcc-test_video1,genet,100002,result_sim_abr_fcc-test_052_test_fcc_trace_14731_http---www.facebook.com_420_0,052_test_fcc_trace_14731_http---www.facebook.com_420_0,0.3861702127659574
fcc-test_video1,genet,100002,result_sim_abr_fcc-test_053_trace_8299_http---www.amazon.com_960,053_trace_8299_http---www.amazon.com_960,-0.7795402546426263
fcc-test_video1,genet,100002,result_sim_abr_fcc-test_054_test_fcc_trace_805712_http---www.facebook.com_360_0,054_test_fcc_trace_805712_http---www.facebook.com_360_0,1.142553191489362
fcc-test_video1,genet,100002,result_sim_abr_fcc-test_055_trace_806172_http---www.amazon.com_960,055_trace_806172_http---www.amazon.com_960,1.5489361702127653
fcc-test_video1,genet,100002,result_sim_abr_fcc-test_056_test_fcc_trace_27175_http---www.amazon.com_600_0,056_test_fcc_trace_27175_http---www.amazon.com_600_0,0.5872340425531914
fcc-test_video1,genet,100002,result_sim_abr_fcc-test_057_test_fcc_trace_14731_http---www.facebook.com_1320_0,057_test_fcc_trace_14731_http---www.facebook.com_1320_0,0.3382978723404255
fcc-test_video1,genet,100002,result_sim_abr_fcc-test_058_trace_797700_http---www.yahoo.com_960,058_trace_797700_http---www.yahoo.com_960,0.4627659574468085
fcc-test_video1,genet,100002,result_sim_abr_fcc-test_059_trace_941752_http---www.facebook.com_0,059_trace_941752_http---www.facebook.com_0,0.5106382978723405
fcc-test_video1,genet,100002,result_sim_abr_fcc-test_060_test_fcc_trace_215364_http---www.ebay.com_1140_0,060_test_fcc_trace_215364_http---www.ebay.com_1140_0,0.8478723404255321
fcc-test_video1,genet,100002,result_sim_abr_fcc-test_061_trace_806172_http---www.amazon.com_0,061_trace_806172_http---www.amazon.com_0,1.5957446808510636
fcc-test_video1,genet,100002,result_sim_abr_fcc-test_062_trace_797700_http---www.yahoo.com_320,062_trace_797700_http---www.yahoo.com_320,0.3861702127659576
fcc-test_video1,genet,100002,result_sim_abr_fcc-test_063_trace_799296_http---www.amazon.com_960,063_trace_799296_http---www.amazon.com_960,1.96595744680851
fcc-test_video1,genet,100002,result_sim_abr_fcc-test_064_trace_10730_http---www.facebook.com_1280,064_trace_10730_http---www.facebook.com_1280,0.35744680851063837
fcc-test_video1,genet,100002,result_sim_abr_fcc-test_065_trace_799448_http---www.facebook.com_320,065_trace_799448_http---www.facebook.com_320,0.7861702127659576
fcc-test_video1,genet,100002,result_sim_abr_fcc-test_066_test_fcc_trace_805712_http---www.facebook.com_1140_0,066_test_fcc_trace_805712_http---www.facebook.com_1140_0,1.2276595744680854
fcc-test_video1,genet,100002,result_sim_abr_fcc-test_067_test_fcc_trace_27175_http---www.amazon.com_1320_0,067_test_fcc_trace_27175_http---www.amazon.com_1320_0,0.5968085106382979
fcc-test_video1,genet,100002,result_sim_abr_fcc-test_068_trace_901648_http---www.amazon.com_640,068_trace_901648_http---www.amazon.com_640,1.1776595744680847
fcc-test_video1,genet,100002,result_sim_abr_fcc-test_069_trace_939618_http---www.amazon.com_960,069_trace_939618_http---www.amazon.com_960,1.0563829787234045
fcc-test_video1,genet,100002,result_sim_abr_fcc-test_070_test_fcc_trace_14731_http---www.facebook.com_720_0,070_test_fcc_trace_14731_http---www.facebook.com_720_0,0.3861702127659576
fcc-test_video1,genet,100002,result_sim_abr_fcc-test_071_trace_7256_http---www.facebook.com_960,071_trace_7256_http---www.facebook.com_960,0.4053191489361702
fcc-test_video1,genet,100002,result_sim_abr_fcc-test_072_test_fcc_trace_216810_http---www.facebook.com_1440_0,072_test_fcc_trace_216810_http---www.facebook.com_1440_0,1.5446808510638295
fcc-test_video1,genet,100002,result_sim_abr_fcc-test_073_test_fcc_trace_5554_http---www.amazon.com_720_0,073_test_fcc_trace_5554_http---www.amazon.com_720_0,0.6734042553191489
fcc-test_video1,genet,100002,result_sim_abr_fcc-test_074_test_fcc_trace_27175_http---www.amazon.com_1140_0,074_test_fcc_trace_27175_http---www.amazon.com_1140_0,-2.503283034117558
fcc-test_video1,genet,100002,result_sim_abr_fcc-test_075_trace_7451_http---www.yahoo.com_640,075_trace_7451_http---www.yahoo.com_640,0.8936170212765961
fcc-test_video1,genet,100002,result_sim_abr_fcc-test_076_trace_805936_http---www.youtube.com_640,076_trace_805936_http---www.youtube.com_640,0.5106382978723404
fcc-test_video1,genet,100002,result_sim_abr_fcc-test_077_trace_665208_http---www.yahoo.com_640,077_trace_665208_http---www.yahoo.com_640,2.1925531914893615
fcc-test_video1,genet,100002,result_sim_abr_fcc-test_078_trace_8747_http---www.amazon.com_960,078_trace_8747_http---www.amazon.com_960,0.6574468085106384
fcc-test_video1,genet,100002,result_sim_abr_fcc-test_079_test_fcc_trace_14731_http---www.facebook.com_1380_0,079_test_fcc_trace_14731_http---www.facebook.com_1380_0,0.34787234042553195
fcc-test_video1,genet,100002,result_sim_abr_fcc-test_080_test_fcc_trace_215364_http---www.ebay.com_420_0,080_test_fcc_trace_215364_http---www.ebay.com_420_0,0.17341812243374297
fcc-test_video1,genet,100002,result_sim_abr_fcc-test_081_test_fcc_trace_14731_http---www.facebook.com_360_0,081_test_fcc_trace_14731_http---www.facebook.com_360_0,0.34787234042553195
fcc-test_video1,genet,100002,result_sim_abr_fcc-test_082_trace_26689_http---www.amazon.com_640,082_trace_26689_http---www.amazon.com_640,0.9500000000000003
fcc-test_video1,genet,100002,result_sim_abr_fcc-test_083_test_fcc_trace_216810_http---www.facebook.com_300_0,083_test_fcc_trace_216810_http---www.facebook.com_300_0,1.608510638297872
fcc-test_video1,genet,100002,result_sim_abr_fcc-test_084_trace_849842_http---www.facebook.com_1280,084_trace_849842_http---www.facebook.com_1280,0.4148936170212767
fcc-test_video1,genet,100002,result_sim_abr_fcc-test_085_test_fcc_trace_27175_http---www.amazon.com_840_0,085_test_fcc_trace_27175_http---www.amazon.com_840_0,2.4702127659574464
fcc-test_video1,genet,100002,result_sim_abr_fcc-test_086_trace_941778_http---www.youtube.com_320,086_trace_941778_http---www.youtube.com_320,0.4148936170212767
fcc-test_video1,genet,100002,result_sim_abr_fcc-test_087_test_fcc_trace_27175_http---www.amazon.com_780_0,087_test_fcc_trace_27175_http---www.amazon.com_780_0,2.6936170212765953
fcc-test_video1,genet,100002,result_sim_abr_fcc-test_088_trace_10322_http---edition.cnn.com_960,088_trace_10322_http---edition.cnn.com_960,0.6638297872340425
fcc-test_video1,genet,100002,result_sim_abr_fcc-test_089_test_fcc_trace_215364_http---www.ebay.com_60_0,089_test_fcc_trace_215364_http---www.ebay.com_60_0,0.8280892562462889
fcc-test_video1,genet,100002,result_sim_abr_fcc-test_090_trace_663494_http---www.facebook.com_640,090_trace_663494_http---www.facebook.com_640,1.4095744680851063
fcc-test_video1,genet,100002,result_sim_abr_fcc-test_091_trace_11332_http---www.facebook.com_960,091_trace_11332_http---www.facebook.com_960,0.39574468085106396
fcc-test_video1,genet,100002,result_sim_abr_fcc-test_092_test_fcc_trace_216810_http---www.facebook.com_780_0,092_test_fcc_trace_216810_http---www.facebook.com_780_0,1.1127659574468085
fcc-test_video1,genet,100002,result_sim_abr_fcc-test_093_test_fcc_trace_27175_http---www.amazon.com_720_0,093_test_fcc_trace_27175_http---www.amazon.com_720_0,2.1542553191489358
fcc-test_video1,genet,100002,result_sim_abr_fcc-test_094_test_fcc_trace_14731_http---www.facebook.com_1020_0,094_test_fcc_trace_14731_http---www.facebook.com_1020_0,0.34787234042553195
fcc-test_video1,genet,100002,result_sim_abr_fcc-test_095_trace_8996_http---www.facebook.com_320,095_trace_8996_http---www.facebook.com_320,0.4244680851063831
fcc-test_video1,genet,100002,result_sim_abr_fcc-test_096_trace_925806_http---www.amazon.com_640,096_trace_925806_http---www.amazon.com_640,0.4627659574468085
fcc-test_video1,genet,100002,result_sim_abr_fcc-test_097_test_fcc_trace_805712_http---www.facebook.com_1200_0,097_test_fcc_trace_805712_http---www.facebook.com_1200_0,1.1053191489361702
fcc-test_video1,genet,100002,result_sim_abr_fcc-test_098_trace_939562_http---www.google.com-mobile-_320,098_trace_939562_http---www.google.com-mobile-_320,2.043617021276595
fcc-test_video1,genet,100002,result_sim_abr_fcc-test_099_trace_925800_http---www.ebay.com_320,099_trace_925800_http---www.ebay.com_320,0.652127659574468
fcc-test_video1,genet,100003,result_sim_abr_fcc-test_000_trace_942154_http---www.ebay.com_0,000_trace_942154_http---www.ebay.com_0,0.5297872340425531
fcc-test_video1,genet,100003,result_sim_abr_fcc-test_001_test_fcc_trace_215364_http---www.ebay.com_600_0,001_test_fcc_trace_215364_http---www.ebay.com_600_0,0.8457446808510642
fcc-test_video1,genet,100003,result_sim_abr_fcc-test_002_trace_939592_http---www.facebook.com_640,002_trace_939592_http---www.facebook.com_640,1.397872340425532
fcc-test_video1,genet,100003,result_sim_abr_fcc-test_003_trace_215252_http---www.msn.com_640,003_trace_215252_http---www.msn.com_640,1.251063829787234
fcc-test_video1,genet,100003,result_sim_abr_fcc-test_004_trace_901648_http---www.amazon.com_960,004_trace_901648_http---www.amazon.com_960,1.9404255319148929
fcc-test_video1,genet,100003,result_sim_abr_fcc-test_005_trace_13562_http---www.facebook.com_320,005_trace_13562_http---www.facebook.com_320,0.3914893617021277
fcc-test_video1,genet,100003,result_sim_abr_fcc-test_006_trace_7256_http---www.facebook.com_640,006_trace_7256_http---www.facebook.com_640,0.43404255319148943
fcc-test_video1,genet,100003,result_sim_abr_fcc-test_007_test_fcc_trace_14731_http---www.facebook.com_1080_0,007_test_fcc_trace_14731_http---www.facebook.com_1080_0,0.35744680851063837
fcc-test_video1,genet,100003,result_sim_abr_fcc-test_008_test_fcc_trace_27175_http---www.amazon.com_480_0,008_test_fcc_trace_27175_http---www.amazon.com_480_0,0.19283331641199272
fcc-test_video1,genet,100003,result_sim_abr_fcc-test_009_test_fcc_trace_27175_http---www.amazon.com_420_0,009_test_fcc_trace_27175_http---www.amazon.com_420_0,0.5106382978723404
fcc-test_video1,genet,100003,result_sim_abr_fcc-test_010_test_fcc_trace_14731_http---www.facebook.com_1140_0,010_test_fcc_trace_14731_http---www.facebook.com_1140_0,0.3861702127659576
fcc-test_video1,genet,100003,result_sim_abr_fcc-test_011_test_fcc_trace_5554_http---www.amazon.com_360_0,011_test_fcc_trace_5554_http---www.amazon.com_360_0,0.47234042553191496
fcc-test_video1,genet,100003,result_sim_abr_fcc-test_012_trace_939562_http---www.google.com-mobile-_0,012_trace_939562_http---www.google.com-mobile-_0,1.9840425531914885
fcc-test_video1,genet,100003,result_sim_abr_fcc-test_013_trace_8299_http---www.amazon.com_1280,013_trace_8299_http---www.amazon.com_1280,-1.1790224564063299
fcc-test_video1,genet,100003,result_sim_abr_fcc-test_014_trace_849842_http---www.facebook.com_960,014_trace_849842_http---www.facebook.com_960,0.47234042553191485
fcc-test_video1,genet,100003,result_sim_abr_fcc-test_015_test_fcc_trace_805712_http---www.facebook.com_720_0,015_test_fcc_trace_805712_http---www.facebook.com_720_0,1.3521276595744682
fcc-test_video1,genet,100003,result_sim_abr_fcc-test_016_trace_11332_http---www.facebook.com_640,016_trace_11332_http---www.facebook.com_640,0.4627659574468085
fcc-test_video1,genet,100003,result_sim_abr_fcc-test_017_trace_7451_http---www.yahoo.com_320,017_trace_7451_http---www.yahoo.com_320,0.8265957446808514
fcc-test_video1,genet,100003,result_sim_abr_fcc-test_018_trace_806172_http---www.amazon.com_320,018_trace_806172_http---www.amazon.com_320,0.7404255319148936
fcc-test_video1,genet,100003,result_sim_abr_fcc-test_019_trace_7540_http---www.yahoo.com_0,019_trace_7540_http---www.yahoo.com_0,0.7404255319148937
fcc-test_video1,genet,100003,result_sim_abr_fcc-test_020_trace_28838_http---www.amazon.com_1280,020_trace_28838_http---www.amazon.com_1280,-0.21026901252458113
fcc-test_video1,genet,100003,result_sim_abr_fcc-test_021_test_fcc_trace_14731_http---www.facebook.com_300_0,021_test_fcc_trace_14731_http---www.facebook.com_300_0,0.36702127659574485
fcc-test_video1,genet,100003,result_sim_abr_fcc-test_022_trace_7451_http---www.yahoo.com_960,022_trace_7451_http---www.yahoo.com_960,0.8861702127659575
fcc-test_video1,genet,100003,result_sim_abr_fcc-test_023_trace_942092_http---www.facebook.com_0,023_trace_942092_http---www.facebook.com_0,1.5936170212765952
fcc-test_video1,genet,100003,result_sim_abr_fcc-test_024_test_fcc_trace_216810_http---www.facebook.com_1140_0,024_test_fcc_trace_216810_http---www.facebook.com_1140_0,1.3065525660713535
fcc-test_video1,genet,100003,result_sim_abr_fcc-test_025_test_fcc_trace_215364_http---www.ebay.com_1020_0,025_test_fcc_trace_215364_http---www.ebay.com_1020_0,0.6542553191489362
fcc-test_video1,genet,100003,result_sim_abr_fcc-test_026_trace_665192_http---www.facebook.com_640,026_trace_665192_http---www.facebook.com_640,1.8287234042553189
fcc-test_video1,genet,100003,result_sim_abr_fcc-test_027_test_fcc_trace_27175_http---www.amazon.com_660_0,027_test_fcc_trace_27175_http---www.amazon.com_660_0,-0.4393957298885803
fcc-test_video1,genet,100003,result_sim_abr_fcc-test_028_trace_663494_http---www.facebook.com_960,028_trace_663494_http---www.facebook.com_960,1.843617021276595
fcc-test_video1,genet,100003,result_sim_abr_fcc-test_029_test_fcc_trace_5554_http---www.amazon.com_1080_0,029_test_fcc_trace_5554_http---www.amazon.com_1080_0,0.648936170212766
fcc-test_video1,genet,100003,result_sim_abr_fcc-test_030_test_fcc_trace_216810_http---www.facebook.com_120_0,030_test_fcc_trace_216810_http---www.facebook.com_120_0,1.4840425531914896
fcc-test_video1,genet,100003,result_sim_abr_fcc-test_031_trace_849842_http---www.facebook.com_640,031_trace_849842_http---www.facebook.com_640,0.4053191489361702
fcc-test_video1,genet,100003,result_sim_abr_fcc-test_032_test_fcc_trace_805712_http---www.facebook.com_60_0,032_test_fcc_trace_805712_http---www.facebook.com_60_0,1.068085106382979
fcc-test_video1,genet,100003,result_sim_abr_fcc-test_033_test_fcc_trace_216810_http---www.facebook.com_480_0,033_test_fcc_trace_216810_http---www.facebook.com_480_0,1.0404255319148934
fcc-test_video1,genet,100003,result_sim_abr_fcc-test_034_trace_797466_http---www.amazon.com_320,034_trace_797466_http---www.amazon.com_320,0.5872340425531914
fcc-test_video1,genet,100003,result_sim_abr_fcc-test_035_trace_7289_http---www.yahoo.com_320,035_trace_7289_http---www.yahoo.com_320,0.9382978723404257
fcc-test_video1,genet,100003,result_sim_abr_fcc-test_036_trace_216826_http---www.amazon.com_960,036_trace_216826_http---www.amazon.com_960,-0.6577481928266865
fcc-test_video1,genet,100003,result_sim_abr_fcc-test_037_test_fcc_trace_215364_http---www.ebay.com_840_0,037_test_fcc_trace_215364_http---www.ebay.com_840_0,0.7595744680851064
fcc-test_video1,genet,100003,result_sim_abr_fcc-test_038_trace_216826_http---www.amazon.com_640,038_trace_216826_http---www.amazon.com_640,0.5829293481193901
fcc-test_video1,genet,100003,result_sim_abr_fcc-test_039_trace_866_http---www.amazon.com_1280,039_trace_866_http---www.amazon.com_1280,0.7404255319148937
fcc-test_video1,genet,100003,result_sim_abr_fcc-test_040_trace_799448_http---www.facebook.com_1280,040_trace_799448_http---www.facebook.com_1280,0.9297872340425536
fcc-test_video1,genet,100003,result_sim_abr_fcc-test_041_test_fcc_trace_5554_http---www.amazon.com_1200_0,041_test_fcc_trace_5554_http---www.amazon.com_1200_0,0.797872340425532
fcc-test_video1,genet,100003,result_sim_abr_fcc-test_042_trace_14679_http---www.facebook.com_0,042_trace_14679_http---www.facebook.com_0,0.39574468085106385
fcc-test_video1,genet,100003,result_sim_abr_fcc-test_043_trace_8299_http---www.amazon.com_640,043_trace_8299_http---www.amazon.com_640,2.548619142062685
fcc-test_video1,genet,100003,result_sim_abr_fcc-test_044_trace_8747_http---www.amazon.com_320,044_trace_8747_http---www.amazon.com_320,1.9095744680851054
fcc-test_video1,genet,100003,result_sim_abr_fcc-test_045_test_fcc_trace_27175_http---www.amazon.com_240_0,045_test_fcc_trace_27175_http---www.amazon.com_240_0,0.6840425531914893
fcc-test_video1,genet,100003,result_sim_abr_fcc-test_046_trace_7190_http---www.yahoo.com_1280,046_trace_7190_http---www.yahoo.com_1280,0.8191489361702129
fcc-test_video1,genet,100003,result_sim_abr_fcc-test_047_trace_8299_http---www.amazon.com_0,047_trace_8299_http---www.amazon.com_0,1.275739763537897
fcc-test_video1,genet,100003,result_sim_abr_fcc-test_048_trace_806172_http---www.amazon.com_1280,048_trace_806172_http---www.amazon.com_1280,0.9008952169761686
fcc-test_video1,genet,100003,result_sim_abr_fcc-test_049_trace_665208_http---www.yahoo.com_0,049_trace_665208_http---www.yahoo.com_0,2.6936170212765953
fcc-test_video1,genet,100003,result_sim_abr_fcc-test_050_trace_207336_http---www.amazon.com_1280,050_trace_207336_http---www.amazon.com_1280,-0.1941120652561851
fcc-test_video1,genet,100003,result_sim_abr_fcc-test_051_test_fcc_trace_805712_http---www.facebook.com_1500_0,051_test_fcc_trace_805712_http---www.facebook.com_1500_0,1.1478723404255322
fcc-test_video1,genet,100003,result_sim_abr_fcc-test_052_test_fcc_trace_14731_http---www.facebook.com_420_0,052_test_fcc_trace_14731_http---www.facebook.com_420_0,0.32872340425531926
fcc-test_video1,genet,100003,result_sim_abr_fcc-test_053_trace_8299_http---www.amazon.com_960,053_trace_8299_http---www.amazon.com_960,-1.2180393526759319
fcc-test_video1,genet,100003,result_sim_abr_fcc-test_054_test_fcc_trace_805712_http---www.facebook.com_360_0,054_test_fcc_trace_805712_http---www.facebook.com_360_0,0.9627659574468088
fcc-test_video1,genet,100003,result_sim_abr_fcc-test_055_trace_806172_http---www.amazon.com_960,055_trace_806172_http---www.amazon.com_960,1.6297872340425525
fcc-test_video1,genet,100003,result_sim_abr_fcc-test_056_test_fcc_trace_27175_http---www.amazon.com_600_0,056_test_fcc_trace_27175_http---www.amazon.com_600_0,0.5010638297872341
fcc-test_video1,genet,100003,result_sim_abr_fcc-test_057_test_fcc_trace_14731_http---www.facebook.com_1320_0,057_test_fcc_trace_14731_http---www.facebook.com_1320_0,0.35744680851063837
fcc-test_video1,genet,100003,result_sim_abr_fcc-test_058_trace_797700_http---www.yahoo.com_960,058_trace_797700_http---www.yahoo.com_960,0.4531914893617022
fcc-test_video1,genet,100003,result_sim_abr_fcc-test_059_trace_941752_http---www.facebook.com_0,059_trace_941752_http---www.facebook.com_0,0.548936170212766
fcc-test_video1,genet,100003,result_sim_abr_fcc-test_060_test_fcc_trace_215364_http---www.ebay.com_1140_0,060_test_fcc_trace_215364_http---www.ebay.com_1140_0,0.7521276595744678
fcc-test_video1,genet,100003,result_sim_abr_fcc-test_061_trace_806172_http---www.amazon.com_0,061_trace_806172_http---www.amazon.com_0,1.6734042553191482
fcc-test_video1,genet,100003,result_sim_abr_fcc-test_062_trace_797700_http---www.yahoo.com_320,062_trace_797700_http---www.yahoo.com_320,0.4819148936170212
fcc-test_video1,genet,100003,result_sim_abr_fcc-test_063_trace_799296_http---www.amazon.com_960,063_trace_799296_http---www.amazon.com_960,1.8031914893617011
fcc-test_video1,genet,100003,result_sim_abr_fcc-test_064_trace_10730_http---www.facebook.com_1280,064_trace_10730_http---www.facebook.com_1280,0.30957446808510647
fcc-test_video1,genet,100003,result_sim_abr_fcc-test_065_trace_799448_http---www.facebook.com_320,065_trace_799448_http---www.facebook.com_320,0.7468085106382979
fcc-test_video1,genet,100003,result_sim_abr_fcc-test_066_test_fcc_trace_805712_http---www.facebook.com_1140_0,066_test_fcc_trace_805712_http---www.facebook.com_1140_0,1.0957446808510645
fcc-test_video1,genet,100003,result_sim_abr_fcc-test_067_test_fcc_trace_27175_http---www.amazon.com_1320_0,067_test_fcc_trace_27175_http---www.amazon.com_1320_0,0.4914893617021277
fcc-test_video1,genet,100003,result_sim_abr_fcc-test_068_trace_901648_http---www.amazon.com_640,068_trace_901648_http---www.amazon.com_640,-0.32712628687411777
fcc-test_video1,genet,100003,result_sim_abr_fcc-test_069_trace_939618_http---www.amazon.com_960,069_trace_939618_http---www.amazon.com_960,1.148936170212766
fcc-test_video1,genet,100003,result_sim_abr_fcc-test_070_test_fcc_trace_14731_http---www.facebook.com_720_0,070_test_fcc_trace_14731_http---www.facebook.com_720_0,0.3765957446808511
fcc-test_video1,genet,100003,result_sim_abr_fcc-test_071_trace_7256_http---www.facebook.com_960,071_trace_7256_http---www.facebook.com_960,0.4053191489361703
fcc-test_video1,genet,100003,result_sim_abr_fcc-test_072_test_fcc_trace_216810_http---www.facebook.com_1440_0,072_test_fcc_trace_216810_http---www.facebook.com_1440_0,0.8377890526584768
fcc-test_video1,genet,100003,result_sim_abr_fcc-test_073_test_fcc_trace_5554_http---www.amazon.com_720_0,073_test_fcc_trace_5554_http---www.amazon.com_720_0,0.7021276595744681
fcc-test_video1,genet,100003,result_sim_abr_fcc-test_074_test_fcc_trace_27175_http---www.amazon.com_1140_0,074_test_fcc_trace_27175_http---www.amazon.com_1140_0,1.5760032893636016
fcc-test_video1,genet,100003,result_sim_abr_fcc-test_075_trace_7451_http---www.yahoo.com_640,075_trace_7451_http---www.yahoo.com_640,0.8489361702127661
fcc-test_video1,genet,100003,result_sim_abr_fcc-test_076_trace_805936_http---www.youtube.com_640,076_trace_805936_http---www.youtube.com_640,0.5585106382978724
fcc-test_video1,genet,100003,result_sim_abr_fcc-test_077_trace_665208_http---www.yahoo.com_640,077_trace_665208_http---www.yahoo.com_640,2.1999999999999993
fcc-test_video1,genet,100003,result_sim_abr_fcc-test_078_trace_8747_http---www.amazon.com_960,078_trace_8747_http---www.amazon.com_960,0.5776595744680851
fcc-test_video1,genet,100003,result_sim_abr_fcc-test_079_test_fcc_trace_14731_http---www.facebook.com_1380_0,079_test_fcc_trace_14731_http---www.facebook.com_1380_0,0.4053191489361703
fcc-test_video1,genet,100003,result_sim_abr_fcc-test_080_test_fcc_trace_215364_http---www.ebay.com_420_0,080_test_fcc_trace_215364_http---www.ebay.com_420_0,0.7787234042553194
fcc-test_video1,genet,100003,result_sim_abr_fcc-test_081_test_fcc_trace_14731_http---www.facebook.com_360_0,081_test_fcc_trace_14731_http---www.facebook.com_360_0,0.4148936170212767
fcc-test_video1,genet,100003,result_sim_abr_fcc-test_082_trace_26689_http---www.amazon.com_640,082_trace_26689_http---www.amazon.com_640,0.8159574468085108
fcc-test_video1,genet,100003,result_sim_abr_fcc-test_083_test_fcc_trace_216810_http---www.facebook.com_300_0,083_test_fcc_trace_216810_http---www.facebook.com_300_0,1.5521276595744682
fcc-test_video1,genet,100003,result_sim_abr_fcc-test_084_trace_849842_http---www.facebook.com_1280,084_trace_849842_http---www.facebook.com_1280,0.34787234042553195
fcc-test_video1,genet,100003,result_sim_abr_fcc-test_085_test_fcc_trace_27175_http---www.amazon.com_840_0,085_test_fcc_trace_27175_http---www.amazon.com_840_0,2.593617021276595
fcc-test_video1,genet,100003,result_sim_abr_fcc-test_086_trace_941778_http---www.youtube.com_320,086_trace_941778_http---www.youtube.com_320,0.43404255319148943
fcc-test_video1,genet,100003,result_sim_abr_fcc-test_087_test_fcc_trace_27175_http---www.amazon.com_780_0,087_test_fcc_trace_27175_http---www.amazon.com_780_0,2.4319148936170203
fcc-test_video1,genet,100003,result_sim_abr_fcc-test_088_trace_10322_http---edition.cnn.com_960,088_trace_10322_http---edition.cnn.com_960,0.7117021276595745
fcc-test_video1,genet,100003,result_sim_abr_fcc-test_089_test_fcc_trace_215364_http---www.ebay.com_60_0,089_test_fcc_trace_215364_http---www.ebay.com_60_0,0.8744680851063832
fcc-test_video1,genet,100003,result_sim_abr_fcc-test_090_trace_663494_http---www.facebook.com_640,090_trace_663494_http---www.facebook.com_640,1.3712765957446809
fcc-test_video1,genet,100003,result_sim_abr_fcc-test_091_trace_11332_http---www.facebook.com_960,091_trace_11332_http---www.facebook.com_960,0.42446808510638306
fcc-test_video1,genet,100003,result_sim_abr_fcc-test_092_test_fcc_trace_216810_http---www.facebook.com_780_0,092_test_fcc_trace_216810_http---www.facebook.com_780_0,1.219148936170213
fcc-test_video1,genet,100003,result_sim_abr_fcc-test_093_test_fcc_trace_27175_http---www.amazon.com_720_0,093_test_fcc_trace_27175_http---www.amazon.com_720_0,2.05531914893617
fcc-test_video1,genet,100003,result_sim_abr_fcc-test_094_test_fcc_trace_14731_http---www.facebook.com_1020_0,094_test_fcc_trace_14731_http---www.facebook.com_1020_0,0.34787234042553195
fcc-test_video1,genet,100003,result_sim_abr_fcc-test_095_trace_8996_http---www.facebook.com_320,095_trace_8996_http---www.facebook.com_320,0.4531914893617021
fcc-test_video1,genet,100003,result_sim_abr_fcc-test_096_trace_925806_http---www.amazon.com_640,096_trace_925806_http---www.amazon.com_640,0.4148936170212767
fcc-test_video1,genet,100003,result_sim_abr_fcc-test_097_test_fcc_trace_805712_http---www.facebook.com_1200_0,097_test_fcc_trace_805712_http---www.facebook.com_1200_0,1.0446808510638301
fcc-test_video1,genet,100003,result_sim_abr_fcc-test_098_trace_939562_http---www.google.com-mobile-_320,098_trace_939562_http---www.google.com-mobile-_320,2.1819148936170207
fcc-test_video1,genet,100003,result_sim_abr_fcc-test_099_trace_925800_http---www.ebay.com_320,099_trace_925800_http---www.ebay.com_320,0.6446808510638298
fcc-test_video1,genet,100004,result_sim_abr_fcc-test_000_trace_942154_http---www.ebay.com_0,000_trace_942154_http---www.ebay.com_0,0.548936170212766
fcc-test_video1,genet,100004,result_sim_abr_fcc-test_001_test_fcc_trace_215364_http---www.ebay.com_600_0,001_test_fcc_trace_215364_http---www.ebay.com_600_0,0.7882978723404256
fcc-test_video1,genet,100004,result_sim_abr_fcc-test_002_trace_939592_http---www.facebook.com_640,002_trace_939592_http---www.facebook.com_640,1.2808510638297874
fcc-test_video1,genet,100004,result_sim_abr_fcc-test_003_trace_215252_http---www.msn.com_640,003_trace_215252_http---www.msn.com_640,1.3489361702127662
fcc-test_video1,genet,100004,result_sim_abr_fcc-test_004_trace_901648_http---www.amazon.com_960,004_trace_901648_http---www.amazon.com_960,2.0563829787234034
fcc-test_video1,genet,100004,result_sim_abr_fcc-test_005_trace_13562_http---www.facebook.com_320,005_trace_13562_http---www.facebook.com_320,0.39574468085106396
fcc-test_video1,genet,100004,result_sim_abr_fcc-test_006_trace_7256_http---www.facebook.com_640,006_trace_7256_http---www.facebook.com_640,0.4148936170212766
fcc-test_video1,genet,100004,result_sim_abr_fcc-test_007_test_fcc_trace_14731_http---www.facebook.com_1080_0,007_test_fcc_trace_14731_http---www.facebook.com_1080_0,0.34787234042553195
fcc-test_video1,genet,100004,result_sim_abr_fcc-test_008_test_fcc_trace_27175_http---www.amazon.com_480_0,008_test_fcc_trace_27175_http---www.amazon.com_480_0,-0.7551260953980332
fcc-test_video1,genet,100004,result_sim_abr_fcc-test_009_test_fcc_trace_27175_http---www.amazon.com_420_0,009_test_fcc_trace_27175_http---www.amazon.com_420_0,0.5393617021276597
fcc-test_video1,genet,100004,result_sim_abr_fcc-test_010_test_fcc_trace_14731_http---www.facebook.com_1140_0,010_test_fcc_trace_14731_http---www.facebook.com_1140_0,0.3670212765957447
fcc-test_video1,genet,100004,result_sim_abr_fcc-test_011_test_fcc_trace_5554_http---www.amazon.com_360_0,011_test_fcc_trace_5554_http---www.amazon.com_360_0,0.47234042553191485
fcc-test_video1,genet,100004,result_sim_abr_fcc-test_012_trace_939562_http---www.google.com-mobile-_0,012_trace_939562_http---www.google.com-mobile-_0,2.0223404255319144
fcc-test_video1,genet,100004,result_sim_abr_fcc-test_013_trace_8299_http---www.amazon.com_1280,013_trace_8299_http---www.amazon.com_1280,0.5360541167474426
fcc-test_video1,genet,100004,result_sim_abr_fcc-test_014_trace_849842_http---www.facebook.com_960,014_trace_849842_http---www.facebook.com_960,0.39574468085106396
fcc-test_video1,genet,100004,result_sim_abr_fcc-test_015_test_fcc_trace_805712_http---www.facebook.com_720_0,015_test_fcc_trace_805712_http---www.facebook.com_720_0,1.271276595744681
fcc-test_video1,genet,100004,result_sim_abr_fcc-test_016_trace_11332_http---www.facebook.com_640,016_trace_11332_http---www.facebook.com_640,0.4148936170212766
fcc-test_video1,genet,100004,result_sim_abr_fcc-test_017_trace_7451_http---www.yahoo.com_320,017_trace_7451_http---www.yahoo.com_320,0.7659574468085107
fcc-test_video1,genet,100004,result_sim_abr_fcc-test_018_trace_806172_http---www.amazon.com_320,018_trace_806172_http---www.amazon.com_320,0.7404255319148937
fcc-test_video1,genet,100004,result_sim_abr_fcc-test_019_trace_7540_http---www.yahoo.com_0,019_trace_7540_http---www.yahoo.com_0,0.8223404255319152
fcc-test_video1,genet,100004,result_sim_abr_fcc-test_020_trace_28838_http---www.amazon.com_1280,020_trace_28838_http---www.amazon.com_1280,-2.644110212135344
fcc-test_video1,genet,100004,result_sim_abr_fcc-test_021_test_fcc_trace_14731_http---www.facebook.com_300_0,021_test_fcc_trace_14731_http---www.facebook.com_300_0,0.3861702127659575
fcc-test_video1,genet,100004,result_sim_abr_fcc-test_022_trace_7451_http---www.yahoo.com_960,022_trace_7451_http---www.yahoo.com_960,0.9053191489361705
fcc-test_video1,genet,100004,result_sim_abr_fcc-test_023_trace_942092_http---www.facebook.com_0,023_trace_942092_http---www.facebook.com_0,1.6308510638297868
fcc-test_video1,genet,100004,result_sim_abr_fcc-test_024_test_fcc_trace_216810_http---www.facebook.com_1140_0,024_test_fcc_trace_216810_http---www.facebook.com_1140_0,0.667538805618423
fcc-test_video1,genet,100004,result_sim_abr_fcc-test_025_test_fcc_trace_215364_http---www.ebay.com_1020_0,025_test_fcc_trace_215364_http---www.ebay.com_1020_0,0.817021276595745
fcc-test_video1,genet,100004,result_sim_abr_fcc-test_026_trace_665192_http---www.facebook.com_640,026_trace_665192_http---www.facebook.com_640,1.7797872340425527
fcc-test_video1,genet,100004,result_sim_abr_fcc-test_027_test_fcc_trace_27175_http---www.amazon.com_660_0,027_test_fcc_trace_27175_http---www.amazon.com_660_0,-0.15644482261083853
fcc-test_video1,genet,100004,result_sim_abr_fcc-test_028_trace_663494_http---www.facebook.com_960,028_trace_663494_http---www.facebook.com_960,1.712765957446808
fcc-test_video1,genet,100004,result_sim_abr_fcc-test_029_test_fcc_trace_5554_http---www.amazon.com_1080_0,029_test_fcc_trace_5554_http---www.amazon.com_1080_0,0.7287234042553193
fcc-test_video1,genet,100004,result_sim_abr_fcc-test_030_test_fcc_trace_216810_http---www.facebook.com_120_0,030_test_fcc_trace_216810_http---www.facebook.com_120_0,1.5446808510638297
fcc-test_video1,genet,100004,result_sim_abr_fcc-test_031_trace_849842_http---www.facebook.com_640,031_trace_849842_http---www.facebook.com_640,0.4148936170212766
fcc-test_video1,genet,100004,result_sim_abr_fcc-test_032_test_fcc_trace_805712_http---www.facebook.com_60_0,032_test_fcc_trace_805712_http---www.facebook.com_60_0,1.2127659574468086
fcc-test_video1,genet,100004,result_sim_abr_fcc-test_033_test_fcc_trace_216810_http---www.facebook.com_480_0,033_test_fcc_trace_216810_http---www.facebook.com_480_0,1.1351063829787236
fcc-test_video1,genet,100004,result_sim_abr_fcc-test_034_trace_797466_http---www.amazon.com_320,034_trace_797466_http---www.amazon.com_320,0.5776595744680851
fcc-test_video1,genet,100004,result_sim_abr_fcc-test_035_trace_7289_http---www.yahoo.com_320,035_trace_7289_http---www.yahoo.com_320,0.8531914893617023
fcc-test_video1,genet,100004,result_sim_abr_fcc-test_036_trace_216826_http---www.amazon.com_960,036_trace_216826_http---www.amazon.com_960,0.3181053562566175
fcc-test_video1,genet,100004,result_sim_abr_fcc-test_037_test_fcc_trace_215364_http---www.ebay.com_840_0,037_test_fcc_trace_215364_http---www.ebay.com_840_0,0.7787234042553192
fcc-test_video1,genet,100004,result_sim_abr_fcc-test_038_trace_216826_http---www.amazon.com_640,038_trace_216826_http---www.amazon.com_640,0.3626313853888105
fcc-test_video1,genet,100004,result_sim_abr_fcc-test_039_trace_866_http---www.amazon.com_1280,039_trace_866_http---www.amazon.com_1280,0.7882978723404258
fcc-test_video1,genet,100004,result_sim_abr_fcc-test_040_trace_799448_http---www.facebook.com_1280,040_trace_799448_http---www.facebook.com_1280,0.8500000000000003
fcc-test_video1,genet,100004,result_sim_abr_fcc-test_041_test_fcc_trace_5554_http---www.amazon.com_1200_0,041_test_fcc_trace_5554_http---www.amazon.com_1200_0,0.8042553191489362
fcc-test_video1,genet,100004,result_sim_abr_fcc-test_042_trace_14679_http---www.facebook.com_0,042_trace_14679_http---www.facebook.com_0,0.4148936170212767
fcc-test_video1,genet,100004,result_sim_abr_fcc-test_043_trace_8299_http---www.amazon.com_640,043_trace_8299_http---www.amazon.com_640,1.8860448928128855
fcc-test_video1,genet,100004,result_sim_abr_fcc-test_044_trace_8747_http---www.amazon.com_320,044_trace_8747_http---www.amazon.com_320,1.9606382978723396
fcc-test_video1,genet,100004,result_sim_abr_fcc-test_045_test_fcc_trace_27175_http---www.amazon.com_240_0,045_test_fcc_trace_27175_http---www.amazon.com_240_0,0.577659574468085
fcc-test_video1,genet,100004,result_sim_abr_fcc-test_046_trace_7190_http---www.yahoo.com_1280,046_trace_7190_http---www.yahoo.com_1280,0.7297872340425531
fcc-test_video1,genet,100004,result_sim_abr_fcc-test_047_trace_8299_http---www.amazon.com_0,047_trace_8299_http---www.amazon.com_0,1.013067930524572
fcc-test_video1,genet,100004,result_sim_abr_fcc-test_048_trace_806172_http---www.amazon.com_1280,048_trace_806172_http---www.amazon.com_1280,0.7511592339304032
fcc-test_video1,genet,100004,result_sim_abr_fcc-test_049_trace_665208_http---www.yahoo.com_0,049_trace_665208_http---www.yahoo.com_0,2.697872340425532
fcc-test_video1,genet,100004,result_sim_abr_fcc-test_050_trace_207336_http---www.amazon.com_1280,050_trace_207336_http---www.amazon.com_1280,0.9234042553191486
fcc-test_video1,genet,100004,result_sim_abr_fcc-test_051_test_fcc_trace_805712_http---www.facebook.com_1500_0,051_test_fcc_trace_805712_http---www.facebook.com_1500_0,1.1297872340425534
fcc-test_video1,genet,100004,result_sim_abr_fcc-test_052_test_fcc_trace_14731_http---www.facebook.com_420_0,052_test_fcc_trace_14731_http---www.facebook.com_420_0,0.3670212765957447
fcc-test_video1,genet,100004,result_sim_abr_fcc-test_053_trace_8299_http---www.amazon.com_960,053_trace_8299_http---www.amazon.com_960,-0.6688199891158705
fcc-test_video1,genet,100004,result_sim_abr_fcc-test_054_test_fcc_trace_805712_http---www.facebook.com_360_0,054_test_fcc_trace_805712_http---www.facebook.com_360_0,1.170212765957447
fcc-test_video1,genet,100004,result_sim_abr_fcc-test_055_trace_806172_http---www.amazon.com_960,055_trace_806172_http---www.amazon.com_960,1.4787234042553188
fcc-test_video1,genet,100004,result_sim_abr_fcc-test_056_test_fcc_trace_27175_http---www.amazon.com_600_0,056_test_fcc_trace_27175_http---www.amazon.com_600_0,0.548936170212766
fcc-test_video1,genet,100004,result_sim_abr_fcc-test_057_test_fcc_trace_14731_http---www.facebook.com_1320_0,057_test_fcc_trace_14731_http---www.facebook.com_1320_0,0.3191489361702129
fcc-test_video1,genet,100004,result_sim_abr_fcc-test_058_trace_797700_http---www.yahoo.com_960,058_trace_797700_http---www.yahoo.com_960,0.5393617021276595
fcc-test_video1,genet,100004,result_sim_abr_fcc-test_059_trace_941752_http---www.facebook.com_0,059_trace_941752_http---www.facebook.com_0,0.5393617021276597
fcc-test_video1,genet,100004,result_sim_abr_fcc-test_060_test_fcc_trace_215364_http---www.ebay.com_1140_0,060_test_fcc_trace_215364_http---www.ebay.com_1140_0,0.7606382978723404
fcc-test_video1,genet,100004,result_sim_abr_fcc-test_061_trace_806172_http---www.amazon.com_0,061_trace_806172_http---www.amazon.com_0,1.639361702127659
fcc-test_video1,genet,100004,result_sim_abr_fcc-test_062_trace_797700_http---www.yahoo.com_320,062_trace_797700_http---www.yahoo.com_320,0.4436170212765958
fcc-test_video1,genet,100004,result_sim_abr_fcc-test_063_trace_799296_http---www.amazon.com_960,063_trace_799296_http---www.amazon.com_960,1.947872340425531
fcc-test_video1,genet,100004,result_sim_abr_fcc-test_064_trace_10730_http---www.facebook.com_1280,064_trace_10730_http---www.facebook.com_1280,0.37659574468085105
fcc-test_video1,genet,100004,result_sim_abr_fcc-test_065_trace_799448_http---www.facebook.com_320,065_trace_799448_http---www.facebook.com_320,0.8138297872340425
fcc-test_video1,genet,100004,result_sim_abr_fcc-test_066_test_fcc_trace_805712_http---www.facebook.com_1140_0,066_test_fcc_trace_805712_http---www.facebook.com_1140_0,1.267021276595745
fcc-test_video1,genet,100004,result_sim_abr_fcc-test_067_test_fcc_trace_27175_http---www.amazon.com_1320_0,067_test_fcc_trace_27175_http---www.amazon.com_1320_0,0.5680851063829787
fcc-test_video1,genet,100004,result_sim_abr_fcc-test_068_trace_901648_http---www.amazon.com_640,068_trace_901648_http---www.amazon.com_640,0.535640557558634
fcc-test_video1,genet,100004,result_sim_abr_fcc-test_069_trace_939618_http---www.amazon.com_960,069_trace_939618_http---www.amazon.com_960,0.9563829787234042
fcc-test_video1,genet,100004,result_sim_abr_fcc-test_070_test_fcc_trace_14731_http---www.facebook.com_720_0,070_test_fcc_trace_14731_http---www.facebook.com_720_0,0.39574468085106385
fcc-test_video1,genet,100004,result_sim_abr_fcc-test_071_trace_7256_http---www.facebook.com_960,071_trace_7256_http---www.facebook.com_960,0.4531914893617021
fcc-test_video1,genet,100004,result_sim_abr_fcc-test_072_test_fcc_trace_216810_http---www.facebook.com_1440_0,072_test_fcc_trace_216810_http---www.facebook.com_1440_0,1.4524469179819077
fcc-test_video1,genet,100004,result_sim_abr_fcc-test_073_test_fcc_trace_5554_http---www.amazon.com_720_0,073_test_fcc_trace_5554_http---www.amazon.com_720_0,0.702127659574468
fcc-test_video1,genet,100004,result_sim_abr_fcc-test_074_test_fcc_trace_27175_http---www.amazon.com_1140_0,074_test_fcc_trace_27175_http---www.amazon.com_1140_0,-0.2929035324943959
fcc-test_video1,genet,100004,result_sim_abr_fcc-test_075_trace_7451_http---www.yahoo.com_640,075_trace_7451_http---www.yahoo.com_640,0.9574468085106385
fcc-test_video1,genet,100004,result_sim_abr_fcc-test_076_trace_805936_http---www.youtube.com_640,076_trace_805936_http---www.youtube.com_640,0.5202127659574468
fcc-test_video1,genet,100004,result_sim_abr_fcc-test_077_trace_665208_http---www.yahoo.com_640,077_trace_665208_http---www.yahoo.com_640,2.240425531914893
fcc-test_video1,genet,100004,result_sim_abr_fcc-test_078_trace_8747_http---www.amazon.com_960,078_trace_8747_http---www.amazon.com_960,0.6787234042553193
fcc-test_video1,genet,100004,result_sim_abr_fcc-test_079_test_fcc_trace_14731_http---www.facebook.com_1380_0,079_test_fcc_trace_14731_http---www.facebook.com_1380_0,0.3861702127659574
fcc-test_video1,genet,100004,result_sim_abr_fcc-test_080_test_fcc_trace_215364_http---www.ebay.com_420_0,080_test_fcc_trace_215364_http---www.ebay.com_420_0,0.7595744680851063
fcc-test_video1,genet,100004,result_sim_abr_fcc-test_081_test_fcc_trace_14731_http---www.facebook.com_360_0,081_test_fcc_trace_14731_http---www.facebook.com_360_0,0.4053191489361703
fcc-test_video1,genet,100004,result_sim_abr_fcc-test_082_trace_26689_http---www.amazon.com_640,082_trace_26689_http---www.amazon.com_640,1.119148936170213
fcc-test_video1,genet,100004,result_sim_abr_fcc-test_083_test_fcc_trace_216810_http---www.facebook.com_300_0,083_test_fcc_trace_216810_http---www.facebook.com_300_0,1.7244680851063827
fcc-test_video1,genet,100004,result_sim_abr_fcc-test_084_trace_849842_http---www.facebook.com_1280,084_trace_849842_http---www.facebook.com_1280,0.4531914893617022
fcc-test_video1,genet,100004,result_sim_abr_fcc-test_085_test_fcc_trace_27175_http---www.amazon.com_840_0,085_test_fcc_trace_27175_http---www.amazon.com_840_0,2.4999999999999996
fcc-test_video1,genet,100004,result_sim_abr_fcc-test_086_trace_941778_http---www.youtube.com_320,086_trace_941778_http---www.youtube.com_320,0.4148936170212767
fcc-test_video1,genet,100004,result_sim_abr_fcc-test_087_test_fcc_trace_27175_http---www.amazon.com_780_0,087_test_fcc_trace_27175_http---www.amazon.com_780_0,2.781914893617021
fcc-test_video1,genet,100004,result_sim_abr_fcc-test_088_trace_10322_http---edition.cnn.com_960,088_trace_10322_http---edition.cnn.com_960,0.6734042553191488
fcc-test_video1,genet,100004,result_sim_abr_fcc-test_089_test_fcc_trace_215364_http---www.ebay.com_60_0,089_test_fcc_trace_215364_http---www.ebay.com_60_0,0.7787234042553194
fcc-test_video1,genet,100004,result_sim_abr_fcc-test_090_trace_663494_http---www.facebook.com_640,090_trace_663494_http---www.facebook.com_640,1.513829787234042
fcc-test_video1,genet,100004,result_sim_abr_fcc-test_091_trace_11332_http---www.facebook.com_960,091_trace_11332_http---www.facebook.com_960,0.3861702127659575
fcc-test_video1,genet,100004,result_sim_abr_fcc-test_092_test_fcc_trace_216810_http---www.facebook.com_780_0,092_test_fcc_trace_216810_http---www.facebook.com_780_0,1.2031914893617024
fcc-test_video1,genet,100004,result_sim_abr_fcc-test_093_test_fcc_trace_27175_http---www.amazon.com_720_0,093_test_fcc_trace_27175_http---www.amazon.com_720_0,2.2308510638297867
fcc-test_video1,genet,100004,result_sim_abr_fcc-test_094_test_fcc_trace_14731_http---www.facebook.com_1020_0,094_test_fcc_trace_14731_http---www.facebook.com_1020_0,0.36702127659574474
fcc-test_video1,genet,100004,result_sim_abr_fcc-test_095_trace_8996_http---www.facebook.com_320,095_trace_8996_http---www.facebook.com_320,0.43404255319148943
fcc-test_video1,genet,100004,result_sim_abr_fcc-test_096_trace_925806_http---www.amazon.com_640,096_trace_925806_http---www.amazon.com_640,0.4627659574468086
fcc-test_video1,genet,100004,result_sim_abr_fcc-test_097_test_fcc_trace_805712_http---www.facebook.com_1200_0,097_test_fcc_trace_805712_http---www.facebook.com_1200_0,1.0936170212765954
fcc-test_video1,genet,100004,result_sim_abr_fcc-test_098_trace_939562_http---www.google.com-mobile-_320,098_trace_939562_http---www.google.com-mobile-_320,2.097872340425531
fcc-test_video1,genet,100004,result_sim_abr_fcc-test_099_trace_925800_http---www.ebay.com_320,099_trace_925800_http---www.ebay.com_320,0.6734042553191488
fcc-test_video1,genet,100005,result_sim_abr_fcc-test_000_trace_942154_http---www.ebay.com_0,000_trace_942154_http---www.ebay.com_0,0.501063829787234
fcc-test_video1,genet,100005,result_sim_abr_fcc-test_001_test_fcc_trace_215364_http---www.ebay.com_600_0,001_test_fcc_trace_215364_http---www.ebay.com_600_0,0.7691489361702128
fcc-test_video1,genet,100005,result_sim_abr_fcc-test_002_trace_939592_http---www.facebook.com_640,002_trace_939592_http---www.facebook.com_640,1.2404255319148936
fcc-test_video1,genet,100005,result_sim_abr_fcc-test_003_trace_215252_http---www.msn.com_640,003_trace_215252_http---www.msn.com_640,1.1638297872340428
fcc-test_video1,genet,100005,result_sim_abr_fcc-test_004_trace_901648_http---www.amazon.com_960,004_trace_901648_http---www.amazon.com_960,1.9797872340425526
fcc-test_video1,genet,100005,result_sim_abr_fcc-test_005_trace_13562_http---www.facebook.com_320,005_trace_13562_http---www.facebook.com_320,0.3765957446808511
fcc-test_video1,genet,100005,result_sim_abr_fcc-test_006_trace_7256_http---www.facebook.com_640,006_trace_7256_http---www.facebook.com_640,0.4531914893617022
fcc-test_video1,genet,100005,result_sim_abr_fcc-test_007_test_fcc_trace_14731_http---www.facebook.com_1080_0,007_test_fcc_trace_14731_http---www.facebook.com_1080_0,0.3765957446808511
fcc-test_video1,genet,100005,result_sim_abr_fcc-test_008_test_fcc_trace_27175_http---www.amazon.com_480_0,008_test_fcc_trace_27175_http---www.amazon.com_480_0,0.2614305067874723
fcc-test_video1,genet,100005,result_sim_abr_fcc-test_009_test_fcc_trace_27175_http---www.amazon.com_420_0,009_test_fcc_trace_27175_http---www.amazon.com_420_0,0.5585106382978723
fcc-test_video1,genet,100005,result_sim_abr_fcc-test_010_test_fcc_trace_14731_http---www.facebook.com_1140_0,010_test_fcc_trace_14731_http---www.facebook.com_1140_0,0.39574468085106385
fcc-test_video1,genet,100005,result_sim_abr_fcc-test_011_test_fcc_trace_5554_http---www.amazon.com_360_0,011_test_fcc_trace_5554_http---www.amazon.com_360_0,0.4819148936170212
fcc-test_video1,genet,100005,result_sim_abr_fcc-test_012_trace_939562_http---www.google.com-mobile-_0,012_trace_939562_http---www.google.com-mobile-_0,1.8521276595744671
fcc-test_video1,genet,100005,result_sim_abr_fcc-test_013_trace_8299_http---www.amazon.com_1280,013_trace_8299_http---www.amazon.com_1280,-1.6378470323078327
fcc-test_video1,genet,100005,result_sim_abr_fcc-test_014_trace_849842_http---www.facebook.com_960,014_trace_849842_http---www.facebook.com_960,0.4436170212765958
fcc-test_video1,genet,100005,result_sim_abr_fcc-test_015_test_fcc_trace_805712_http---www.facebook.com_720_0,015_test_fcc_trace_805712_http---www.facebook.com_720_0,1.168085106382979
fcc-test_video1,genet,100005,result_sim_abr_fcc-test_016_trace_11332_http---www.facebook.com_640,016_trace_11332_http---www.facebook.com_640,0.3765957446808511
fcc-test_video1,genet,100005,result_sim_abr_fcc-test_017_trace_7451_http---www.yahoo.com_320,017_trace_7451_http---www.yahoo.com_320,0.8372340425531913
fcc-test_video1,genet,100005,result_sim_abr_fcc-test_018_trace_806172_http---www.amazon.com_320,018_trace_806172_http---www.amazon.com_320,0.702127659574468
fcc-test_video1,genet,100005,result_sim_abr_fcc-test_019_trace_7540_http---www.yahoo.com_0,019_trace_7540_http---www.yahoo.com_0,0.846808510638298
fcc-test_video1,genet,100005,result_sim_abr_fcc-test_020_trace_28838_http---www.amazon.com_1280,020_trace_28838_http---www.amazon.com_1280,-0.979117578679823
fcc-test_video1,genet,100005,result_sim_abr_fcc-test_021_test_fcc_trace_14731_http---www.facebook.com_300_0,021_test_fcc_trace_14731_http---www.facebook.com_300_0,0.36702127659574474
fcc-test_video1,genet,100005,result_sim_abr_fcc-test_022_trace_7451_http---www.yahoo.com_960,022_trace_7451_http---www.yahoo.com_960,0.9372340425531918
fcc-test_video1,genet,100005,result_sim_abr_fcc-test_023_trace_942092_http---www.facebook.com_0,023_trace_942092_http---www.facebook.com_0,1.5904255319148932
fcc-test_video1,genet,100005,result_sim_abr_fcc-test_024_test_fcc_trace_216810_http---www.facebook.com_1140_0,024_test_fcc_trace_216810_http---www.facebook.com_1140_0,0.7048997127802673
fcc-test_video1,genet,100005,result_sim_abr_fcc-test_025_test_fcc_trace_215364_http---www.ebay.com_1020_0,025_test_fcc_trace_215364_http---www.ebay.com_1020_0,0.8361702127659578
fcc-test_video1,genet,100005,result_sim_abr_fcc-test_026_trace_665192_http---www.facebook.com_640,026_trace_665192_http---www.facebook.com_640,1.6170212765957446
fcc-test_video1,genet,100005,result_sim_abr_fcc-test_027_test_fcc_trace_27175_http---www.amazon.com_660_0,027_test_fcc_trace_27175_http---www.amazon.com_660_0,0.9095744680851062
fcc-test_video1,genet,100005,result_sim_abr_fcc-test_028_trace_663494_http---www.facebook.com_960,028_trace_663494_http---www.facebook.com_960,1.8127659574468076
fcc-test_video1,genet,100005,result_sim_abr_fcc-test_029_test_fcc_trace_5554_http---www.amazon.com_1080_0,029_test_fcc_trace_5554_http---www.amazon.com_1080_0,0.6351063829787233
fcc-test_video1,genet,100005,result_sim_abr_fcc-test_030_test_fcc_trace_216810_http---www.facebook.com_120_0,030_test_fcc_trace_216810_http---www.facebook.com_120_0,1.4872340425531914
fcc-test_video1,genet,100005,result_sim_abr_fcc-test_031_trace_849842_http---www.facebook.com_640,031_trace_849842_http---www.facebook.com_640,0.42446808510638295
fcc-test_video1,genet,100005,result_sim_abr_fcc-test_032_test_fcc_trace_805712_http---www.facebook.com_60_0,032_test_fcc_trace_805712_http---www.facebook.com_60_0,1.1319148936170216
fcc-test_video1,genet,100005,result_sim_abr_fcc-test_033_test_fcc_trace_216810_http---www.facebook.com_480_0,033_test_fcc_trace_216810_http---www.facebook.com_480_0,1.1648936170212765
fcc-test_video1,genet,100005,result_sim_abr_fcc-test_034_trace_797466_http---www.amazon.com_320,034_trace_797466_http---www.amazon.com_320,0.5393617021276597
fcc-test_video1,genet,100005,result_sim_abr_fcc-test_035_trace_7289_http---www.yahoo.com_320,035_trace_7289_http---www.yahoo.com_320,0.8138297872340425
fcc-test_video1,genet,100005,result_sim_abr_fcc-test_036_trace_216826_http---www.amazon.com_960,036_trace_216826_http---www.amazon.com_960,-0.2234074251385699
fcc-test_video1,genet,100005,result_sim_abr_fcc-test_037_test_fcc_trace_215364_http---www.ebay.com_840_0,037_test_fcc_trace_215364_http---www.ebay.com_840_0,0.7617021276595742
fcc-test_video1,genet,100005,result_sim_abr_fcc-test_038_trace_216826_http---www.amazon.com_640,038_trace_216826_http---www.amazon.com_640,0.8868657851570666
fcc-test_video1,genet,100005,result_sim_abr_fcc-test_039_trace_866_http---www.amazon.com_1280,039_trace_866_http---www.amazon.com_1280,0.5585106382978723
fcc-test_video1,genet,100005,result_sim_abr_fcc-test_040_trace_799448_http---www.facebook.com_1280,040_trace_799448_http---www.facebook.com_1280,0.8255319148936172
fcc-test_video1,genet,100005,result_sim_abr_fcc-test_041_test_fcc_trace_5554_http---www.amazon.com_1200_0,041_test_fcc_trace_5554_http---www.amazon.com_1200_0,0.8936170212765957
fcc-test_video1,genet,100005,result_sim_abr_fcc-test_042_trace_14679_http---www.facebook.com_0,042_trace_14679_http---www.facebook.com_0,0.39574468085106396
fcc-test_video1,genet,100005,result_sim_abr_fcc-test_043_trace_8299_http---www.amazon.com_640,043_trace_8299_http---www.amazon.com_640,2.236170212765957
fcc-test_video1,genet,100005,result_sim_abr_fcc-test_044_trace_8747_http---www.amazon.com_320,044_trace_8747_http---www.amazon.com_320,1.7382978723404248
fcc-test_video1,genet,100005,result_sim_abr_fcc-test_045_test_fcc_trace_27175_http---www.amazon.com_240_0,045_test_fcc_trace_27175_http---www.amazon.com_240_0,0.577659574468085
fcc-test_video1,genet,100005,result_sim_abr_fcc-test_046_trace_7190_http---www.yahoo.com_1280,046_trace_7190_http---www.yahoo.com_1280,0.8361702127659578
fcc-test_video1,genet,100005,result_sim_abr_fcc-test_047_trace_8299_http---www.amazon.com_0,047_trace_8299_http---www.amazon.com_0,-0.1621889798446087
fcc-test_video1,genet,100005,result_sim_abr_fcc-test_048_trace_806172_http---www.amazon.com_1280,048_trace_806172_http---www.amazon.com_1280,1.025531914893617
fcc-test_video1,genet,100005,result_sim_abr_fcc-test_049_trace_665208_http---www.yahoo.com_0,049_trace_665208_http---www.yahoo.com_0,2.613829787234042
fcc-test_video1,genet,100005,result_sim_abr_fcc-test_050_trace_207336_http---www.amazon.com_1280,050_trace_207336_http---www.amazon.com_1280,0.037247293895626234
fcc-test_video1,genet,100005,result_sim_abr_fcc-test_051_test_fcc_trace_805712_http---www.facebook.com_1500_0,051_test_fcc_trace_805712_http---www.facebook.com_1500_0,1.0074468085106385
fcc-test_video1,genet,100005,result_sim_abr_fcc-test_052_test_fcc_trace_14731_http---www.facebook.com_420_0,052_test_fcc_trace_14731_http---www.facebook.com_420_0,0.35744680851063837
fcc-test_video1,genet,100005,result_sim_abr_fcc-test_053_trace_8299_http---www.amazon.com_960,053_trace_8299_http---www.amazon.com_960,-0.8762135044319939
fcc-test_video1,genet,100005,result_sim_abr_fcc-test_054_test_fcc_trace_805712_http---www.facebook.com_360_0,054_test_fcc_trace_805712_http---www.facebook.com_360_0,1.1829787234042557
fcc-test_video1,genet,100005,result_sim_abr_fcc-test_055_trace_806172_http---www.amazon.com_960,055_trace_806172_http---www.amazon.com_960,1.497872340425532
fcc-test_video1,genet,100005,result_sim_abr_fcc-test_056_test_fcc_trace_27175_http---www.amazon.com_600_0,056_test_fcc_trace_27175_http---www.amazon.com_600_0,0.5819148936170213
fcc-test_video1,genet,100005,result_sim_abr_fcc-test_057_test_fcc_trace_14731_http---www.facebook.com_1320_0,057_test_fcc_trace_14731_http---www.facebook.com_1320_0,0.3382978723404256
fcc-test_video1,genet,100005,result_sim_abr_fcc-test_058_trace_797700_http---www.yahoo.com_960,058_trace_797700_http---www.yahoo.com_960,0.4340425531914895
fcc-test_video1,genet,100005,result_sim_abr_fcc-test_059_trace_941752_http---www.facebook.com_0,059_trace_941752_http---www.facebook.com_0,0.5106382978723405
fcc-test_video1,genet,100005,result_sim_abr_fcc-test_060_test_fcc_trace_215364_http---www.ebay.com_1140_0,060_test_fcc_trace_215364_http---www.ebay.com_1140_0,0.8042553191489364
fcc-test_video1,genet,100005,result_sim_abr_fcc-test_061_trace_806172_http---www.amazon.com_0,061_trace_806172_http---www.amazon.com_0,1.6436170212765948
fcc-test_video1,genet,100005,result_sim_abr_fcc-test_062_trace_797700_http---www.yahoo.com_320,062_trace_797700_http---www.yahoo.com_320,0.4053191489361703
fcc-test_video1,genet,100005,result_sim_abr_fcc-test_063_trace_799296_http---www.amazon.com_960,063_trace_799296_http---www.amazon.com_960,1.8936170212765948
fcc-test_video1,genet,100005,result_sim_abr_fcc-test_064_trace_10730_http---www.facebook.com_1280,064_trace_10730_http---www.facebook.com_1280,0.35744680851063837
fcc-test_video1,genet,100005,result_sim_abr_fcc-test_065_trace_799448_http---www.facebook.com_320,065_trace_799448_http---www.facebook.com_320,0.8148936170212765
fcc-test_video1,genet,100005,result_sim_abr_fcc-test_066_test_fcc_trace_805712_http---www.facebook.com_1140_0,066_test_fcc_trace_805712_http---www.facebook.com_1140_0,1.1436170212765961
fcc-test_video1,genet,100005,result_sim_abr_fcc-test_067_test_fcc_trace_27175_http---www.amazon.com_1320_0,067_test_fcc_trace_27175_http---www.amazon.com_1320_0,0.5393617021276595
fcc-test_video1,genet,100005,result_sim_abr_fcc-test_068_trace_901648_http---www.amazon.com_640,068_trace_901648_http---www.amazon.com_640,1.3063829787234045
fcc-test_video1,genet,100005,result_sim_abr_fcc-test_069_trace_939618_http---www.amazon.com_960,069_trace_939618_http---www.amazon.com_960,1.0340425531914896
fcc-test_video1,genet,100005,result_sim_abr_fcc-test_070_test_fcc_trace_14731_http---www.facebook.com_720_0,070_test_fcc_trace_14731_http---www.facebook.com_720_0,0.39574468085106385
fcc-test_video1,genet,100005,result_sim_abr_fcc-test_071_trace_7256_http---www.facebook.com_960,071_trace_7256_http---www.facebook.com_960,0.4436170212765958
fcc-test_video1,genet,100005,result_sim_abr_fcc-test_072_test_fcc_trace_216810_http---www.facebook.com_1440_0,072_test_fcc_trace_216810_http---www.facebook.com_1440_0,1.4861702127659573
fcc-test_video1,genet,100005,result_sim_abr_fcc-test_073_test_fcc_trace_5554_http---www.amazon.com_720_0,073_test_fcc_trace_5554_http---www.amazon.com_720_0,0.6925531914893617
fcc-test_video1,genet,100005,result_sim_abr_fcc-test_074_test_fcc_trace_27175_http---www.amazon.com_1140_0,074_test_fcc_trace_27175_http---www.amazon.com_1140_0,0.19285177421208713
fcc-test_video1,genet,100005,result_sim_abr_fcc-test_075_trace_7451_http---www.yahoo.com_640,075_trace_7451_http---www.yahoo.com_640,0.964893617021277
fcc-test_video1,genet,100005,result_sim_abr_fcc-test_076_trace_805936_http---www.youtube.com_640,076_trace_805936_http---www.youtube.com_640,0.49148936170212754
fcc-test_video1,genet,100005,result_sim_abr_fcc-test_077_trace_665208_http---www.yahoo.com_640,077_trace_665208_http---www.yahoo.com_640,2.2659574468085095
fcc-test_video1,genet,100005,result_sim_abr_fcc-test_078_trace_8747_http---www.amazon.com_960,078_trace_8747_http---www.amazon.com_960,0.6329787234042553
fcc-test_video1,genet,100005,result_sim_abr_fcc-test_079_test_fcc_trace_14731_http---www.facebook.com_1380_0,079_test_fcc_trace_14731_http---www.facebook.com_1380_0,0.3670212765957447
fcc-test_video1,genet,100005,result_sim_abr_fcc-test_080_test_fcc_trace_215364_http---www.ebay.com_420_0,080_test_fcc_trace_215364_http---www.ebay.com_420_0,0.817021276595745
fcc-test_video1,genet,100005,result_sim_abr_fcc-test_081_test_fcc_trace_14731_http---www.facebook.com_360_0,081_test_fcc_trace_14731_http---www.facebook.com_360_0,0.34787234042553195
fcc-test_video1,genet,100005,result_sim_abr_fcc-test_082_trace_26689_http---www.amazon.com_640,082_trace_26689_http---www.amazon.com_640,0.8744680851063834
fcc-test_video1,genet,100005,result_sim_abr_fcc-test_083_test_fcc_trace_216810_http---www.facebook.com_300_0,083_test_fcc_trace_216810_http---www.facebook.com_300_0,1.0810813511870339
fcc-test_video1,genet,100005,result_sim_abr_fcc-test_084_trace_849842_http---www.facebook.com_1280,084_trace_849842_http---www.facebook.com_1280,0.39574468085106396
fcc-test_video1,genet,100005,result_sim_abr_fcc-test_085_test_fcc_trace_27175_http---www.amazon.com_840_0,085_test_fcc_trace_27175_http---www.amazon.com_840_0,2.7627659574468084
fcc-test_video1,genet,100005,result_sim_abr_fcc-test_086_trace_941778_http---www.youtube.com_320,086_trace_941778_http---www.youtube.com_320,0.4436170212765957
fcc-test_video1,genet,100005,result_sim_abr_fcc-test_087_test_fcc_trace_27175_http---www.amazon.com_780_0,087_test_fcc_trace_27175_http---www.amazon.com_780_0,2.612765957446808
fcc-test_video1,genet,100005,result_sim_abr_fcc-test_088_trace_10322_http---edition.cnn.com_960,088_trace_10322_http---edition.cnn.com_960,0.6191489361702128
fcc-test_video1,genet,100005,result_sim_abr_fcc-test_089_test_fcc_trace_215364_http---www.ebay.com_60_0,089_test_fcc_trace_215364_http---www.ebay.com_60_0,0.9021276595744684
fcc-test_video1,genet,100005,result_sim_abr_fcc-test_090_trace_663494_http---www.facebook.com_640,090_trace_663494_http---www.facebook.com_640,1.4223404255319148
fcc-test_video1,genet,100005,result_sim_abr_fcc-test_091_trace_11332_http---www.facebook.com_960,091_trace_11332_http---www.facebook.com_960,0.3670212765957447
fcc-test_video1,genet,100005,result_sim_abr_fcc-test_092_test_fcc_trace_216810_http---www.facebook.com_780_0,092_test_fcc_trace_216810_http---www.facebook.com_780_0,1.0989361702127658
fcc-test_video1,genet,100005,result_sim_abr_fcc-test_093_test_fcc_trace_27175_http---www.amazon.com_720_0,093_test_fcc_trace_27175_http---www.amazon.com_720_0,2.0957446808510634
fcc-test_video1,genet,100005,result_sim_abr_fcc-test_094_test_fcc_trace_14731_http---www.facebook.com_1020_0,094_test_fcc_trace_14731_http---www.facebook.com_1020_0,0.4148936170212767
fcc-test_video1,genet,100005,result_sim_abr_fcc-test_095_trace_8996_http---www.facebook.com_320,095_trace_8996_http---www.facebook.com_320,0.3861702127659575
fcc-test_video1,genet,100005,result_sim_abr_fcc-test_096_trace_925806_http---www.amazon.com_640,096_trace_925806_http---www.amazon.com_640,0.4244680851063831
fcc-test_video1,genet,100005,result_sim_abr_fcc-test_097_test_fcc_trace_805712_http---www.facebook.com_1200_0,097_test_fcc_trace_805712_http---www.facebook.com_1200_0,1.1148936170212769
fcc-test_video1,genet,100005,result_sim_abr_fcc-test_098_trace_939562_http---www.google.com-mobile-_320,098_trace_939562_http---www.google.com-mobile-_320,1.837234042553191
fcc-test_video1,genet,100005,result_sim_abr_fcc-test_099_trace_925800_http---www.ebay.com_320,099_trace_925800_http---www.ebay.com_320,0.5872340425531916
fcc-test_video1,final,100001,result_sim_abr_fcc-test_000_trace_942154_http---www.ebay.com_0,000_trace_942154_http---www.ebay.com_0,0.5393617021276597
fcc-test_video1,final,100001,result_sim_abr_fcc-test_001_test_fcc_trace_215364_http---www.ebay.com_600_0,001_test_fcc_trace_215364_http---www.ebay.com_600_0,0.7308510638297873
fcc-test_video1,final,100001,result_sim_abr_fcc-test_002_trace_939592_http---www.facebook.com_640,002_trace_939592_http---www.facebook.com_640,1.1361702127659576
fcc-test_video1,final,100001,result_sim_abr_fcc-test_003_trace_215252_http---www.msn.com_640,003_trace_215252_http---www.msn.com_640,1.2787234042553193
fcc-test_video1,final,100001,result_sim_abr_fcc-test_004_trace_901648_http---www.amazon.com_960,004_trace_901648_http---www.amazon.com_960,1.7244680851063823
fcc-test_video1,final,100001,result_sim_abr_fcc-test_005_trace_13562_http---www.facebook.com_320,005_trace_13562_http---www.facebook.com_320,0.3765957446808511
fcc-test_video1,final,100001,result_sim_abr_fcc-test_006_trace_7256_http---www.facebook.com_640,006_trace_7256_http---www.facebook.com_640,0.4819148936170214
fcc-test_video1,final,100001,result_sim_abr_fcc-test_007_test_fcc_trace_14731_http---www.facebook.com_1080_0,007_test_fcc_trace_14731_http---www.facebook.com_1080_0,0.30000000000000004
fcc-test_video1,final,100001,result_sim_abr_fcc-test_008_test_fcc_trace_27175_http---www.amazon.com_480_0,008_test_fcc_trace_27175_http---www.amazon.com_480_0,0.919148936170213
fcc-test_video1,final,100001,result_sim_abr_fcc-test_009_test_fcc_trace_27175_http---www.amazon.com_420_0,009_test_fcc_trace_27175_http---www.amazon.com_420_0,0.5680851063829788
fcc-test_video1,final,100001,result_sim_abr_fcc-test_010_test_fcc_trace_14731_http---www.facebook.com_1140_0,010_test_fcc_trace_14731_http---www.facebook.com_1140_0,0.36702127659574474
fcc-test_video1,final,100001,result_sim_abr_fcc-test_011_test_fcc_trace_5554_http---www.amazon.com_360_0,011_test_fcc_trace_5554_http---www.amazon.com_360_0,0.4436170212765959
fcc-test_video1,final,100001,result_sim_abr_fcc-test_012_trace_939562_http---www.google.com-mobile-_0,012_trace_939562_http---www.google.com-mobile-_0,1.9872340425531907
fcc-test_video1,final,100001,result_sim_abr_fcc-test_013_trace_8299_http---www.amazon.com_1280,013_trace_8299_http---www.amazon.com_1280,1.2531914893617024
fcc-test_video1,final,100001,result_sim_abr_fcc-test_014_trace_849842_http---www.facebook.com_960,014_trace_849842_http---www.facebook.com_960,0.4340425531914895
fcc-test_video1,final,100001,result_sim_abr_fcc-test_015_test_fcc_trace_805712_http---www.facebook.com_720_0,015_test_fcc_trace_805712_http---www.facebook.com_720_0,0.9031914893617027
fcc-test_video1,final,100001,result_sim_abr_fcc-test_016_trace_11332_http---www.facebook.com_640,016_trace_11332_http---www.facebook.com_640,0.4244680851063831
fcc-test_video1,final,100001,result_sim_abr_fcc-test_017_trace_7451_http---www.yahoo.com_320,017_trace_7451_http---www.yahoo.com_320,0.8457446808510642
fcc-test_video1,final,100001,result_sim_abr_fcc-test_018_trace_806172_http---www.amazon.com_320,018_trace_806172_http---www.amazon.com_320,0.7212765957446808
fcc-test_video1,final,100001,result_sim_abr_fcc-test_019_trace_7540_http---www.yahoo.com_0,019_trace_7540_http---www.yahoo.com_0,0.6925531914893618
fcc-test_video1,final,100001,result_sim_abr_fcc-test_020_trace_28838_http---www.amazon.com_1280,020_trace_28838_http---www.amazon.com_1280,0.8779673665521595
fcc-test_video1,final,100001,result_sim_abr_fcc-test_021_test_fcc_trace_14731_http---www.facebook.com_300_0,021_test_fcc_trace_14731_http---www.facebook.com_300_0,0.36702127659574474
fcc-test_video1,final,100001,result_sim_abr_fcc-test_022_trace_7451_http---www.yahoo.com_960,022_trace_7451_http---www.yahoo.com_960,0.8553191489361706
fcc-test_video1,final,100001,result_sim_abr_fcc-test_023_trace_942092_http---www.facebook.com_0,023_trace_942092_http---www.facebook.com_0,1.291489361702128
fcc-test_video1,final,100001,result_sim_abr_fcc-test_024_test_fcc_trace_216810_http---www.facebook.com_1140_0,024_test_fcc_trace_216810_http---www.facebook.com_1140_0,1.3712765957446809
fcc-test_video1,final,100001,result_sim_abr_fcc-test_025_test_fcc_trace_215364_http---www.ebay.com_1020_0,025_test_fcc_trace_215364_http---www.ebay.com_1020_0,0.702127659574468
fcc-test_video1,final,100001,result_sim_abr_fcc-test_026_trace_665192_http---www.facebook.com_640,026_trace_665192_http---www.facebook.com_640,1.6191489361702123
fcc-test_video1,final,100001,result_sim_abr_fcc-test_027_test_fcc_trace_27175_http---www.amazon.com_660_0,027_test_fcc_trace_27175_http---www.amazon.com_660_0,-0.1733562640310998
fcc-test_video1,final,100001,result_sim_abr_fcc-test_028_trace_663494_http---www.facebook.com_960,028_trace_663494_http---www.facebook.com_960,1.5180851063829783
fcc-test_video1,final,100001,result_sim_abr_fcc-test_029_test_fcc_trace_5554_http---www.amazon.com_1080_0,029_test_fcc_trace_5554_http---www.amazon.com_1080_0,0.6351063829787233
fcc-test_video1,final,100001,result_sim_abr_fcc-test_030_test_fcc_trace_216810_http---www.facebook.com_120_0,030_test_fcc_trace_216810_http---www.facebook.com_120_0,1.2574468085106387
fcc-test_video1,final,100001,result_sim_abr_fcc-test_031_trace_849842_http---www.facebook.com_640,031_trace_849842_http---www.facebook.com_640,0.3765957446808511
fcc-test_video1,final,100001,result_sim_abr_fcc-test_032_test_fcc_trace_805712_http---www.facebook.com_60_0,032_test_fcc_trace_805712_http---www.facebook.com_60_0,0.9414893617021282
fcc-test_video1,final,100001,result_sim_abr_fcc-test_033_test_fcc_trace_216810_http---www.facebook.com_480_0,033_test_fcc_trace_216810_http---www.facebook.com_480_0,1.1106382978723406
fcc-test_video1,final,100001,result_sim_abr_fcc-test_034_trace_797466_http---www.amazon.com_320,034_trace_797466_http---www.amazon.com_320,0.625531914893617
fcc-test_video1,final,100001,result_sim_abr_fcc-test_035_trace_7289_http---www.yahoo.com_320,035_trace_7289_http---www.yahoo.com_320,0.7595744680851064
fcc-test_video1,final,100001,result_sim_abr_fcc-test_036_trace_216826_http---www.amazon.com_960,036_trace_216826_http---www.amazon.com_960,1.329787234042553
fcc-test_video1,final,100001,result_sim_abr_fcc-test_037_test_fcc_trace_215364_http---www.ebay.com_840_0,037_test_fcc_trace_215364_http---www.ebay.com_840_0,0.7212765957446808
fcc-test_video1,final,100001,result_sim_abr_fcc-test_038_trace_216826_http---www.amazon.com_640,038_trace_216826_http---www.amazon.com_640,1.4638297872340422
fcc-test_video1,final,100001,result_sim_abr_fcc-test_039_trace_866_http---www.amazon.com_1280,039_trace_866_http---www.amazon.com_1280,0.7308510638297873
fcc-test_video1,final,100001,result_sim_abr_fcc-test_040_trace_799448_http---www.facebook.com_1280,040_trace_799448_http---www.facebook.com_1280,0.9425531914893622
fcc-test_video1,final,100001,result_sim_abr_fcc-test_041_test_fcc_trace_5554_http---www.amazon.com_1200_0,041_test_fcc_trace_5554_http---www.amazon.com_1200_0,0.6239440950986302
fcc-test_video1,final,100001,result_sim_abr_fcc-test_042_trace_14679_http---www.facebook.com_0,042_trace_14679_http---www.facebook.com_0,0.4148936170212767
fcc-test_video1,final,100001,result_sim_abr_fcc-test_043_trace_8299_http---www.amazon.com_640,043_trace_8299_http---www.amazon.com_640,2.0882978723404246
fcc-test_video1,final,100001,result_sim_abr_fcc-test_044_trace_8747_http---www.amazon.com_320,044_trace_8747_http---www.amazon.com_320,1.426595744680851
fcc-test_video1,final,100001,result_sim_abr_fcc-test_045_test_fcc_trace_27175_http---www.amazon.com_240_0,045_test_fcc_trace_27175_http---www.amazon.com_240_0,0.7308510638297873
fcc-test_video1,final,100001,result_sim_abr_fcc-test_046_trace_7190_http---www.yahoo.com_1280,046_trace_7190_http---www.yahoo.com_1280,0.793617021276596
fcc-test_video1,final,100001,result_sim_abr_fcc-test_047_trace_8299_http---www.amazon.com_0,047_trace_8299_http---www.amazon.com_0,2.178723404255318
fcc-test_video1,final,100001,result_sim_abr_fcc-test_048_trace_806172_http---www.amazon.com_1280,048_trace_806172_http---www.amazon.com_1280,0.9234042553191492
fcc-test_video1,final,100001,result_sim_abr_fcc-test_049_trace_665208_http---www.yahoo.com_0,049_trace_665208_http---www.yahoo.com_0,2.308510638297872
fcc-test_video1,final,100001,result_sim_abr_fcc-test_050_trace_207336_http---www.amazon.com_1280,050_trace_207336_http---www.amazon.com_1280,1.1372340425531915
fcc-test_video1,final,100001,result_sim_abr_fcc-test_051_test_fcc_trace_805712_http---www.facebook.com_1500_0,051_test_fcc_trace_805712_http---www.facebook.com_1500_0,1.0425531914893618
fcc-test_video1,final,100001,result_sim_abr_fcc-test_052_test_fcc_trace_14731_http---www.facebook.com_420_0,052_test_fcc_trace_14731_http---www.facebook.com_420_0,0.3287234042553192
fcc-test_video1,final,100001,result_sim_abr_fcc-test_053_trace_8299_http---www.amazon.com_960,053_trace_8299_http---www.amazon.com_960,0.31131047707411563
fcc-test_video1,final,100001,result_sim_abr_fcc-test_054_test_fcc_trace_805712_http---www.facebook.com_360_0,054_test_fcc_trace_805712_http---www.facebook.com_360_0,1.198936170212766
fcc-test_video1,final,100001,result_sim_abr_fcc-test_055_trace_806172_http---www.amazon.com_960,055_trace_806172_http---www.amazon.com_960,1.4957446808510637
fcc-test_video1,final,100001,result_sim_abr_fcc-test_056_test_fcc_trace_27175_http---www.amazon.com_600_0,056_test_fcc_trace_27175_http---www.amazon.com_600_0,0.6227172205077973
fcc-test_video1,final,100001,result_sim_abr_fcc-test_057_test_fcc_trace_14731_http---www.facebook.com_1320_0,057_test_fcc_trace_14731_http---www.facebook.com_1320_0,0.33829787234042563
fcc-test_video1,final,100001,result_sim_abr_fcc-test_058_trace_797700_http---www.yahoo.com_960,058_trace_797700_http---www.yahoo.com_960,0.5202127659574469
fcc-test_video1,final,100001,result_sim_abr_fcc-test_059_trace_941752_http---www.facebook.com_0,059_trace_941752_http---www.facebook.com_0,0.5297872340425533
fcc-test_video1,final,100001,result_sim_abr_fcc-test_060_test_fcc_trace_215364_http---www.ebay.com_1140_0,060_test_fcc_trace_215364_http---www.ebay.com_1140_0,0.8744680851063834
fcc-test_video1,final,100001,result_sim_abr_fcc-test_061_trace_806172_http---www.amazon.com_0,061_trace_806172_http---www.amazon.com_0,1.4
fcc-test_video1,final,100001,result_sim_abr_fcc-test_062_trace_797700_http---www.yahoo.com_320,062_trace_797700_http---www.yahoo.com_320,0.4148936170212767
fcc-test_video1,final,100001,result_sim_abr_fcc-test_063_trace_799296_http---www.amazon.com_960,063_trace_799296_http---www.amazon.com_960,1.479787234042553
fcc-test_video1,final,100001,result_sim_abr_fcc-test_064_trace_10730_http---www.facebook.com_1280,064_trace_10730_http---www.facebook.com_1280,0.35744680851063837
fcc-test_video1,final,100001,result_sim_abr_fcc-test_065_trace_799448_http---www.facebook.com_320,065_trace_799448_http---www.facebook.com_320,0.7521276595744683
fcc-test_video1,final,100001,result_sim_abr_fcc-test_066_test_fcc_trace_805712_http---www.facebook.com_1140_0,066_test_fcc_trace_805712_http---www.facebook.com_1140_0,1.0074468085106387
fcc-test_video1,final,100001,result_sim_abr_fcc-test_067_test_fcc_trace_27175_http---www.amazon.com_1320_0,067_test_fcc_trace_27175_http---www.amazon.com_1320_0,0.6159574468085105
fcc-test_video1,final,100001,result_sim_abr_fcc-test_068_trace_901648_http---www.amazon.com_640,068_trace_901648_http---www.amazon.com_640,1.392553191489362
fcc-test_video1,final,100001,result_sim_abr_fcc-test_069_trace_939618_http---www.amazon.com_960,069_trace_939618_http---www.amazon.com_960,1.0287234042553195
fcc-test_video1,final,100001,result_sim_abr_fcc-test_070_test_fcc_trace_14731_http---www.facebook.com_720_0,070_test_fcc_trace_14731_http---www.facebook.com_720_0,0.3574468085106383
fcc-test_video1,final,100001,result_sim_abr_fcc-test_071_trace_7256_http---www.facebook.com_960,071_trace_7256_http---www.facebook.com_960,0.4531914893617022
fcc-test_video1,final,100001,result_sim_abr_fcc-test_072_test_fcc_trace_216810_http---www.facebook.com_1440_0,072_test_fcc_trace_216810_http---www.facebook.com_1440_0,1.5446808510638295
fcc-test_video1,final,100001,result_sim_abr_fcc-test_073_test_fcc_trace_5554_http---www.amazon.com_720_0,073_test_fcc_trace_5554_http---www.amazon.com_720_0,0.7212765957446808
fcc-test_video1,final,100001,result_sim_abr_fcc-test_074_test_fcc_trace_27175_http---www.amazon.com_1140_0,074_test_fcc_trace_27175_http---www.amazon.com_1140_0,-0.2712411570917242
fcc-test_video1,final,100001,result_sim_abr_fcc-test_075_trace_7451_http---www.yahoo.com_640,075_trace_7451_http---www.yahoo.com_640,0.9744680851063833
fcc-test_video1,final,100001,result_sim_abr_fcc-test_076_trace_805936_http---www.youtube.com_640,076_trace_805936_http---www.youtube.com_640,0.5489361702127661
fcc-test_video1,final,100001,result_sim_abr_fcc-test_077_trace_665208_http---www.yahoo.com_640,077_trace_665208_http---www.yahoo.com_640,2.0308510638297865
fcc-test_video1,final,100001,result_sim_abr_fcc-test_078_trace_8747_http---www.amazon.com_960,078_trace_8747_http---www.amazon.com_960,0.6829787234042554
fcc-test_video1,final,100001,result_sim_abr_fcc-test_079_test_fcc_trace_14731_http---www.facebook.com_1380_0,079_test_fcc_trace_14731_http---www.facebook.com_1380_0,0.3191489361702128
fcc-test_video1,final,100001,result_sim_abr_fcc-test_080_test_fcc_trace_215364_http---www.ebay.com_420_0,080_test_fcc_trace_215364_http---www.ebay.com_420_0,0.7627659574468086
fcc-test_video1,final,100001,result_sim_abr_fcc-test_081_test_fcc_trace_14731_http---www.facebook.com_360_0,081_test_fcc_trace_14731_http---www.facebook.com_360_0,0.35744680851063837
fcc-test_video1,final,100001,result_sim_abr_fcc-test_082_trace_26689_http---www.amazon.com_640,082_trace_26689_http---www.amazon.com_640,0.9031914893617027
fcc-test_video1,final,100001,result_sim_abr_fcc-test_083_test_fcc_trace_216810_http---www.facebook.com_300_0,083_test_fcc_trace_216810_http---www.facebook.com_300_0,1.7499999999999991
fcc-test_video1,final,100001,result_sim_abr_fcc-test_084_trace_849842_http---www.facebook.com_1280,084_trace_849842_http---www.facebook.com_1280,0.35744680851063837
fcc-test_video1,final,100001,result_sim_abr_fcc-test_085_test_fcc_trace_27175_http---www.amazon.com_840_0,085_test_fcc_trace_27175_http---www.amazon.com_840_0,1.720212765957446
fcc-test_video1,final,100001,result_sim_abr_fcc-test_086_trace_941778_http---www.youtube.com_320,086_trace_941778_http---www.youtube.com_320,0.39574468085106385
fcc-test_video1,final,100001,result_sim_abr_fcc-test_087_test_fcc_trace_27175_http---www.amazon.com_780_0,087_test_fcc_trace_27175_http---www.amazon.com_780_0,2.199999999999999
fcc-test_video1,final,100001,result_sim_abr_fcc-test_088_trace_10322_http---edition.cnn.com_960,088_trace_10322_http---edition.cnn.com_960,0.7595744680851066
fcc-test_video1,final,100001,result_sim_abr_fcc-test_089_test_fcc_trace_215364_http---www.ebay.com_60_0,089_test_fcc_trace_215364_http---www.ebay.com_60_0,0.8723404255319149
fcc-test_video1,final,100001,result_sim_abr_fcc-test_090_trace_663494_http---www.facebook.com_640,090_trace_663494_http---www.facebook.com_640,1.4691489361702128
fcc-test_video1,final,100001,result_sim_abr_fcc-test_091_trace_11332_http---www.facebook.com_960,091_trace_11332_http---www.facebook.com_960,0.35744680851063837
fcc-test_video1,final,100001,result_sim_abr_fcc-test_092_test_fcc_trace_216810_http---www.facebook.com_780_0,092_test_fcc_trace_216810_http---www.facebook.com_780_0,1.1819148936170216
fcc-test_video1,final,100001,result_sim_abr_fcc-test_093_test_fcc_trace_27175_http---www.amazon.com_720_0,093_test_fcc_trace_27175_http---www.amazon.com_720_0,1.834042553191489
fcc-test_video1,final,100001,result_sim_abr_fcc-test_094_test_fcc_trace_14731_http---www.facebook.com_1020_0,094_test_fcc_trace_14731_http---www.facebook.com_1020_0,0.36702127659574474
fcc-test_video1,final,100001,result_sim_abr_fcc-test_095_trace_8996_http---www.facebook.com_320,095_trace_8996_http---www.facebook.com_320,0.4244680851063831
fcc-test_video1,final,100001,result_sim_abr_fcc-test_096_trace_925806_http---www.amazon.com_640,096_trace_925806_http---www.amazon.com_640,0.4148936170212767
fcc-test_video1,final,100001,result_sim_abr_fcc-test_097_test_fcc_trace_805712_http---www.facebook.com_1200_0,097_test_fcc_trace_805712_http---www.facebook.com_1200_0,1.2393617021276597
fcc-test_video1,final,100001,result_sim_abr_fcc-test_098_trace_939562_http---www.google.com-mobile-_320,098_trace_939562_http---www.google.com-mobile-_320,1.7212765957446803
fcc-test_video1,final,100001,result_sim_abr_fcc-test_099_trace_925800_http---www.ebay.com_320,099_trace_925800_http---www.ebay.com_320,0.6351063829787235
fcc-test_video1,final,100002,result_sim_abr_fcc-test_000_trace_942154_http---www.ebay.com_0,000_trace_942154_http---www.ebay.com_0,0.5393617021276597
fcc-test_video1,final,100002,result_sim_abr_fcc-test_001_test_fcc_trace_215364_http---www.ebay.com_600_0,001_test_fcc_trace_215364_http---www.ebay.com_600_0,0.7606382978723403
fcc-test_video1,final,100002,result_sim_abr_fcc-test_002_trace_939592_http---www.facebook.com_640,002_trace_939592_http---www.facebook.com_640,1.0797872340425534
fcc-test_video1,final,100002,result_sim_abr_fcc-test_003_trace_215252_http---www.msn.com_640,003_trace_215252_http---www.msn.com_640,1.4340425531914895
fcc-test_video1,final,100002,result_sim_abr_fcc-test_004_trace_901648_http---www.amazon.com_960,004_trace_901648_http---www.amazon.com_960,1.9297872340425526
fcc-test_video1,final,100002,result_sim_abr_fcc-test_005_trace_13562_http---www.facebook.com_320,005_trace_13562_http---www.facebook.com_320,0.42446808510638295
fcc-test_video1,final,100002,result_sim_abr_fcc-test_006_trace_7256_http---www.facebook.com_640,006_trace_7256_http---www.facebook.com_640,0.4627659574468086
fcc-test_video1,final,100002,result_sim_abr_fcc-test_007_test_fcc_trace_14731_http---www.facebook.com_1080_0,007_test_fcc_trace_14731_http---www.facebook.com_1080_0,0.3861702127659575
fcc-test_video1,final,100002,result_sim_abr_fcc-test_008_test_fcc_trace_27175_http---www.amazon.com_480_0,008_test_fcc_trace_27175_http---www.amazon.com_480_0,1.1095744680851067
fcc-test_video1,final,100002,result_sim_abr_fcc-test_009_test_fcc_trace_27175_http---www.amazon.com_420_0,009_test_fcc_trace_27175_http---www.amazon.com_420_0,0.6063829787234042
fcc-test_video1,final,100002,result_sim_abr_fcc-test_010_test_fcc_trace_14731_http---www.facebook.com_1140_0,010_test_fcc_trace_14731_http---www.facebook.com_1140_0,0.3861702127659576
fcc-test_video1,final,100002,result_sim_abr_fcc-test_011_test_fcc_trace_5554_http---www.amazon.com_360_0,011_test_fcc_trace_5554_http---www.amazon.com_360_0,0.39159265312469227
fcc-test_video1,final,100002,result_sim_abr_fcc-test_012_trace_939562_http---www.google.com-mobile-_0,012_trace_939562_http---www.google.com-mobile-_0,1.869148936170212
fcc-test_video1,final,100002,result_sim_abr_fcc-test_013_trace_8299_http---www.amazon.com_1280,013_trace_8299_http---www.amazon.com_1280,1.125531914893617
fcc-test_video1,final,100002,result_sim_abr_fcc-test_014_trace_849842_http---www.facebook.com_960,014_trace_849842_http---www.facebook.com_960,0.47234042553191496
fcc-test_video1,final,100002,result_sim_abr_fcc-test_015_test_fcc_trace_805712_http---www.facebook.com_720_0,015_test_fcc_trace_805712_http---www.facebook.com_720_0,1.3265957446808512
fcc-test_video1,final,100002,result_sim_abr_fcc-test_016_trace_11332_http---www.facebook.com_640,016_trace_11332_http---www.facebook.com_640,0.43404255319148943
fcc-test_video1,final,100002,result_sim_abr_fcc-test_017_trace_7451_http---www.yahoo.com_320,017_trace_7451_http---www.yahoo.com_320,0.8563829787234044
fcc-test_video1,final,100002,result_sim_abr_fcc-test_018_trace_806172_http---www.amazon.com_320,018_trace_806172_http---www.amazon.com_320,0.75
fcc-test_video1,final,100002,result_sim_abr_fcc-test_019_trace_7540_http---www.yahoo.com_0,019_trace_7540_http---www.yahoo.com_0,0.7840425531914895
fcc-test_video1,final,100002,result_sim_abr_fcc-test_020_trace_28838_http---www.amazon.com_1280,020_trace_28838_http---www.amazon.com_1280,0.0898763208565725
fcc-test_video1,final,100002,result_sim_abr_fcc-test_021_test_fcc_trace_14731_http---www.facebook.com_300_0,021_test_fcc_trace_14731_http---www.facebook.com_300_0,0.0948531855955657
fcc-test_video1,final,100002,result_sim_abr_fcc-test_022_trace_7451_http---www.yahoo.com_960,022_trace_7451_http---www.yahoo.com_960,0.7872340425531917
fcc-test_video1,final,100002,result_sim_abr_fcc-test_023_trace_942092_http---www.facebook.com_0,023_trace_942092_http---www.facebook.com_0,1.4627659574468086
fcc-test_video1,final,100002,result_sim_abr_fcc-test_024_test_fcc_trace_216810_http---www.facebook.com_1140_0,024_test_fcc_trace_216810_http---www.facebook.com_1140_0,0.8860423317872826
fcc-test_video1,final,100002,result_sim_abr_fcc-test_025_test_fcc_trace_215364_http---www.ebay.com_1020_0,025_test_fcc_trace_215364_http---www.ebay.com_1020_0,0.8904255319148939
fcc-test_video1,final,100002,result_sim_abr_fcc-test_026_trace_665192_http---www.facebook.com_640,026_trace_665192_http---www.facebook.com_640,1.6404255319148933
fcc-test_video1,final,100002,result_sim_abr_fcc-test_027_test_fcc_trace_27175_http---www.amazon.com_660_0,027_test_fcc_trace_27175_http---www.amazon.com_660_0,0.5480906045104662
fcc-test_video1,final,100002,result_sim_abr_fcc-test_028_trace_663494_http---www.facebook.com_960,028_trace_663494_http---www.facebook.com_960,1.7329787234042544
fcc-test_video1,final,100002,result_sim_abr_fcc-test_029_test_fcc_trace_5554_http---www.amazon.com_1080_0,029_test_fcc_trace_5554_http---www.amazon.com_1080_0,0.7882978723404258
fcc-test_video1,final,100002,result_sim_abr_fcc-test_030_test_fcc_trace_216810_http---www.facebook.com_120_0,030_test_fcc_trace_216810_http---www.facebook.com_120_0,1.4031914893617026
fcc-test_video1,final,100002,result_sim_abr_fcc-test_031_trace_849842_http---www.facebook.com_640,031_trace_849842_http---www.facebook.com_640,-0.011191500861127001
fcc-test_video1,final,100002,result_sim_abr_fcc-test_032_test_fcc_trace_805712_http---www.facebook.com_60_0,032_test_fcc_trace_805712_http---www.facebook.com_60_0,1.217021276595745
fcc-test_video1,final,100002,result_sim_abr_fcc-test_033_test_fcc_trace_216810_http---www.facebook.com_480_0,033_test_fcc_trace_216810_http---www.facebook.com_480_0,1.24468085106383
fcc-test_video1,final,100002,result_sim_abr_fcc-test_034_trace_797466_http---www.amazon.com_320,034_trace_797466_http---www.amazon.com_320,0.6159574468085106
fcc-test_video1,final,100002,result_sim_abr_fcc-test_035_trace_7289_http---www.yahoo.com_320,035_trace_7289_http---www.yahoo.com_320,0.9223404255319154
fcc-test_video1,final,100002,result_sim_abr_fcc-test_036_trace_216826_http---www.amazon.com_960,036_trace_216826_http---www.amazon.com_960,1.371019656855128
fcc-test_video1,final,100002,result_sim_abr_fcc-test_037_test_fcc_trace_215364_http---www.ebay.com_840_0,037_test_fcc_trace_215364_http---www.ebay.com_840_0,0.8234042553191492
fcc-test_video1,final,100002,result_sim_abr_fcc-test_038_trace_216826_http---www.amazon.com_640,038_trace_216826_http---www.amazon.com_640,1.6309993905066318
fcc-test_video1,final,100002,result_sim_abr_fcc-test_039_trace_866_http---www.amazon.com_1280,039_trace_866_http---www.amazon.com_1280,0.7595744680851064
fcc-test_video1,final,100002,result_sim_abr_fcc-test_040_trace_799448_http---www.facebook.com_1280,040_trace_799448_http---www.facebook.com_1280,0.8224219614269372
fcc-test_video1,final,100002,result_sim_abr_fcc-test_041_test_fcc_trace_5554_http---www.amazon.com_1200_0,041_test_fcc_trace_5554_http---www.amazon.com_1200_0,0.8191559495478199
fcc-test_video1,final,100002,result_sim_abr_fcc-test_042_trace_14679_http---www.facebook.com_0,042_trace_14679_http---www.facebook.com_0,0.43404255319148943
fcc-test_video1,final,100002,result_sim_abr_fcc-test_043_trace_8299_http---www.amazon.com_640,043_trace_8299_http---www.amazon.com_640,2.0882978723404246
fcc-test_video1,final,100002,result_sim_abr_fcc-test_044_trace_8747_http---www.amazon.com_320,044_trace_8747_http---www.amazon.com_320,1.8723404255319143
fcc-test_video1,final,100002,result_sim_abr_fcc-test_045_test_fcc_trace_27175_http---www.amazon.com_240_0,045_test_fcc_trace_27175_http---www.amazon.com_240_0,0.7414893617021275
fcc-test_video1,final,100002,result_sim_abr_fcc-test_046_trace_7190_http---www.yahoo.com_1280,046_trace_7190_http---www.yahoo.com_1280,0.8840425531914899
fcc-test_video1,final,100002,result_sim_abr_fcc-test_047_trace_8299_http---www.amazon.com_0,047_trace_8299_http---www.amazon.com_0,2.095744680851063
fcc-test_video1,final,100002,result_sim_abr_fcc-test_048_trace_806172_http---www.amazon.com_1280,048_trace_806172_http---www.amazon.com_1280,1.0457446808510642
fcc-test_video1,final,100002,result_sim_abr_fcc-test_049_trace_665208_http---www.yahoo.com_0,049_trace_665208_http---www.yahoo.com_0,2.107446808510638
fcc-test_video1,final,100002,result_sim_abr_fcc-test_050_trace_207336_http---www.amazon.com_1280,050_trace_207336_http---www.amazon.com_1280,1.1936170212765962
fcc-test_video1,final,100002,result_sim_abr_fcc-test_051_test_fcc_trace_805712_http---www.facebook.com_1500_0,051_test_fcc_trace_805712_http---www.facebook.com_1500_0,1.035106382978724
fcc-test_video1,final,100002,result_sim_abr_fcc-test_052_test_fcc_trace_14731_http---www.facebook.com_420_0,052_test_fcc_trace_14731_http---www.facebook.com_420_0,0.3574468085106383
fcc-test_video1,final,100002,result_sim_abr_fcc-test_053_trace_8299_http---www.amazon.com_960,053_trace_8299_http---www.amazon.com_960,-1.1091399040750767
fcc-test_video1,final,100002,result_sim_abr_fcc-test_054_test_fcc_trace_805712_http---www.facebook.com_360_0,054_test_fcc_trace_805712_http---www.facebook.com_360_0,1.2882978723404257
fcc-test_video1,final,100002,result_sim_abr_fcc-test_055_trace_806172_http---www.amazon.com_960,055_trace_806172_http---www.amazon.com_960,1.3936170212765957
fcc-test_video1,final,100002,result_sim_abr_fcc-test_056_test_fcc_trace_27175_http---www.amazon.com_600_0,056_test_fcc_trace_27175_http---www.amazon.com_600_0,0.7595744680851064
fcc-test_video1,final,100002,result_sim_abr_fcc-test_057_test_fcc_trace_14731_http---www.facebook.com_1320_0,057_test_fcc_trace_14731_http---www.facebook.com_1320_0,0.4148936170212767
fcc-test_video1,final,100002,result_sim_abr_fcc-test_058_trace_797700_http---www.yahoo.com_960,058_trace_797700_http---www.yahoo.com_960,0.4914893617021276
fcc-test_video1,final,100002,result_sim_abr_fcc-test_059_trace_941752_http---www.facebook.com_0,059_trace_941752_http---www.facebook.com_0,0.5297872340425532
fcc-test_video1,final,100002,result_sim_abr_fcc-test_060_test_fcc_trace_215364_http---www.ebay.com_1140_0,060_test_fcc_trace_215364_http---www.ebay.com_1140_0,0.8510638297872345
fcc-test_video1,final,100002,result_sim_abr_fcc-test_061_trace_806172_http---www.amazon.com_0,061_trace_806172_http---www.amazon.com_0,1.5627659574468082
fcc-test_video1,final,100002,result_sim_abr_fcc-test_062_trace_797700_http---www.yahoo.com_320,062_trace_797700_http---www.yahoo.com_320,0.2775832633777033
fcc-test_video1,final,100002,result_sim_abr_fcc-test_063_trace_799296_http---www.amazon.com_960,063_trace_799296_http---www.amazon.com_960,1.6117021276595738
fcc-test_video1,final,100002,result_sim_abr_fcc-test_064_trace_10730_http---www.facebook.com_1280,064_trace_10730_http---www.facebook.com_1280,0.3765957446808511
fcc-test_video1,final,100002,result_sim_abr_fcc-test_065_trace_799448_http---www.facebook.com_320,065_trace_799448_http---www.facebook.com_320,0.797872340425532
fcc-test_video1,final,100002,result_sim_abr_fcc-test_066_test_fcc_trace_805712_http---www.facebook.com_1140_0,066_test_fcc_trace_805712_http---www.facebook.com_1140_0,0.9606382978723409
fcc-test_video1,final,100002,result_sim_abr_fcc-test_067_test_fcc_trace_27175_http---www.amazon.com_1320_0,067_test_fcc_trace_27175_http---www.amazon.com_1320_0,0.5304848386504266
fcc-test_video1,final,100002,result_sim_abr_fcc-test_068_trace_901648_http---www.amazon.com_640,068_trace_901648_http---www.amazon.com_640,1.321111134026021
fcc-test_video1,final,100002,result_sim_abr_fcc-test_069_trace_939618_http---www.amazon.com_960,069_trace_939618_http---www.amazon.com_960,1.1063829787234043
fcc-test_video1,final,100002,result_sim_abr_fcc-test_070_test_fcc_trace_14731_http---www.facebook.com_720_0,070_test_fcc_trace_14731_http---www.facebook.com_720_0,-0.43171443146874305
fcc-test_video1,final,100002,result_sim_abr_fcc-test_071_trace_7256_http---www.facebook.com_960,071_trace_7256_http---www.facebook.com_960,0.45390357195386793
fcc-test_video1,final,100002,result_sim_abr_fcc-test_072_test_fcc_trace_216810_http---www.facebook.com_1440_0,072_test_fcc_trace_216810_http---www.facebook.com_1440_0,1.5936170212765957
fcc-test_video1,final,100002,result_sim_abr_fcc-test_073_test_fcc_trace_5554_http---www.amazon.com_720_0,073_test_fcc_trace_5554_http---www.amazon.com_720_0,0.8000000000000002
fcc-test_video1,final,100002,result_sim_abr_fcc-test_074_test_fcc_trace_27175_http---www.amazon.com_1140_0,074_test_fcc_trace_27175_http---www.amazon.com_1140_0,0.8891557634232603
fcc-test_video1,final,100002,result_sim_abr_fcc-test_075_trace_7451_http---www.yahoo.com_640,075_trace_7451_http---www.yahoo.com_640,0.8957446808510642
fcc-test_video1,final,100002,result_sim_abr_fcc-test_076_trace_805936_http---www.youtube.com_640,076_trace_805936_http---www.youtube.com_640,0.625531914893617
fcc-test_video1,final,100002,result_sim_abr_fcc-test_077_trace_665208_http---www.yahoo.com_640,077_trace_665208_http---www.yahoo.com_640,1.6904255319148929
fcc-test_video1,final,100002,result_sim_abr_fcc-test_078_trace_8747_http---www.amazon.com_960,078_trace_8747_http---www.amazon.com_960,0.7478723404255321
fcc-test_video1,final,100002,result_sim_abr_fcc-test_079_test_fcc_trace_14731_http---www.facebook.com_1380_0,079_test_fcc_trace_14731_http---www.facebook.com_1380_0,0.39574468085106396
fcc-test_video1,final,100002,result_sim_abr_fcc-test_080_test_fcc_trace_215364_http---www.ebay.com_420_0,080_test_fcc_trace_215364_http---www.ebay.com_420_0,0.8170212765957447
fcc-test_video1,final,100002,result_sim_abr_fcc-test_081_test_fcc_trace_14731_http---www.facebook.com_360_0,081_test_fcc_trace_14731_http---www.facebook.com_360_0,-0.08292976383746735
fcc-test_video1,final,100002,result_sim_abr_fcc-test_082_trace_26689_http---www.amazon.com_640,082_trace_26689_http---www.amazon.com_640,0.8553191489361706
fcc-test_video1,final,100002,result_sim_abr_fcc-test_083_test_fcc_trace_216810_http---www.facebook.com_300_0,083_test_fcc_trace_216810_http---www.facebook.com_300_0,1.9117021276595738
fcc-test_video1,final,100002,result_sim_abr_fcc-test_084_trace_849842_http---www.facebook.com_1280,084_trace_849842_http---www.facebook.com_1280,0.3004939800694213
fcc-test_video1,final,100002,result_sim_abr_fcc-test_085_test_fcc_trace_27175_http---www.amazon.com_840_0,085_test_fcc_trace_27175_http---www.amazon.com_840_0,1.842553191489361
fcc-test_video1,final,100002,result_sim_abr_fcc-test_086_trace_941778_http---www.youtube.com_320,086_trace_941778_http---www.youtube.com_320,0.33946900702170224
fcc-test_video1,final,100002,result_sim_abr_fcc-test_087_test_fcc_trace_27175_http---www.amazon.com_780_0,087_test_fcc_trace_27175_http---www.amazon.com_780_0,1.994680851063829
fcc-test_video1,final,100002,result_sim_abr_fcc-test_088_trace_10322_http---edition.cnn.com_960,088_trace_10322_http---edition.cnn.com_960,0.7308510638297872
fcc-test_video1,final,100002,result_sim_abr_fcc-test_089_test_fcc_trace_215364_http---www.ebay.com_60_0,089_test_fcc_trace_215364_http---www.ebay.com_60_0,0.8074468085106385
fcc-test_video1,final,100002,result_sim_abr_fcc-test_090_trace_663494_http---www.facebook.com_640,090_trace_663494_http---www.facebook.com_640,1.415957446808511
fcc-test_video1,final,100002,result_sim_abr_fcc-test_091_trace_11332_http---www.facebook.com_960,091_trace_11332_http---www.facebook.com_960,0.39574468085106385
fcc-test_video1,final,100002,result_sim_abr_fcc-test_092_test_fcc_trace_216810_http---www.facebook.com_780_0,092_test_fcc_trace_216810_http---www.facebook.com_780_0,1.2457446808510642
fcc-test_video1,final,100002,result_sim_abr_fcc-test_093_test_fcc_trace_27175_http---www.amazon.com_720_0,093_test_fcc_trace_27175_http---www.amazon.com_720_0,1.6691489361702125
fcc-test_video1,final,100002,result_sim_abr_fcc-test_094_test_fcc_trace_14731_http---www.facebook.com_1020_0,094_test_fcc_trace_14731_http---www.facebook.com_1020_0,0.4053191489361702
fcc-test_video1,final,100002,result_sim_abr_fcc-test_095_trace_8996_http---www.facebook.com_320,095_trace_8996_http---www.facebook.com_320,0.3672228822122466
fcc-test_video1,final,100002,result_sim_abr_fcc-test_096_trace_925806_http---www.amazon.com_640,096_trace_925806_http---www.amazon.com_640,0.4627659574468085
fcc-test_video1,final,100002,result_sim_abr_fcc-test_097_test_fcc_trace_805712_http---www.facebook.com_1200_0,097_test_fcc_trace_805712_http---www.facebook.com_1200_0,1.0585106382978724
fcc-test_video1,final,100002,result_sim_abr_fcc-test_098_trace_939562_http---www.google.com-mobile-_320,098_trace_939562_http---www.google.com-mobile-_320,1.9117021276595738
fcc-test_video1,final,100002,result_sim_abr_fcc-test_099_trace_925800_http---www.ebay.com_320,099_trace_925800_http---www.ebay.com_320,0.6829787234042553
fcc-test_video1,final,100003,result_sim_abr_fcc-test_000_trace_942154_http---www.ebay.com_0,000_trace_942154_http---www.ebay.com_0,0.5202127659574468
fcc-test_video1,final,100003,result_sim_abr_fcc-test_001_test_fcc_trace_215364_http---www.ebay.com_600_0,001_test_fcc_trace_215364_http---www.ebay.com_600_0,0.8106382978723403
fcc-test_video1,final,100003,result_sim_abr_fcc-test_002_trace_939592_http---www.facebook.com_640,002_trace_939592_http---www.facebook.com_640,1.3478723404255322
fcc-test_video1,final,100003,result_sim_abr_fcc-test_003_trace_215252_http---www.msn.com_640,003_trace_215252_http---www.msn.com_640,1.3851063829787236
fcc-test_video1,final,100003,result_sim_abr_fcc-test_004_trace_901648_http---www.amazon.com_960,004_trace_901648_http---www.amazon.com_960,1.8829787234042543
fcc-test_video1,final,100003,result_sim_abr_fcc-test_005_trace_13562_http---www.facebook.com_320,005_trace_13562_http---www.facebook.com_320,0.4436170212765958
fcc-test_video1,final,100003,result_sim_abr_fcc-test_006_trace_7256_http---www.facebook.com_640,006_trace_7256_http---www.facebook.com_640,0.3626103931987181
fcc-test_video1,final,100003,result_sim_abr_fcc-test_007_test_fcc_trace_14731_http---www.facebook.com_1080_0,007_test_fcc_trace_14731_http---www.facebook.com_1080_0,0.36702127659574474
fcc-test_video1,final,100003,result_sim_abr_fcc-test_008_test_fcc_trace_27175_http---www.amazon.com_480_0,008_test_fcc_trace_27175_http---www.amazon.com_480_0,0.8734042553191492
fcc-test_video1,final,100003,result_sim_abr_fcc-test_009_test_fcc_trace_27175_http---www.amazon.com_420_0,009_test_fcc_trace_27175_http---www.amazon.com_420_0,0.5297872340425531
fcc-test_video1,final,100003,result_sim_abr_fcc-test_010_test_fcc_trace_14731_http---www.facebook.com_1140_0,010_test_fcc_trace_14731_http---www.facebook.com_1140_0,0.36702127659574474
fcc-test_video1,final,100003,result_sim_abr_fcc-test_011_test_fcc_trace_5554_http---www.amazon.com_360_0,011_test_fcc_trace_5554_http---www.amazon.com_360_0,0.47234042553191485
fcc-test_video1,final,100003,result_sim_abr_fcc-test_012_trace_939562_http---www.google.com-mobile-_0,012_trace_939562_http---www.google.com-mobile-_0,2.0042553191489354
fcc-test_video1,final,100003,result_sim_abr_fcc-test_013_trace_8299_http---www.amazon.com_1280,013_trace_8299_http---www.amazon.com_1280,0.9978252058825213
fcc-test_video1,final,100003,result_sim_abr_fcc-test_014_trace_849842_http---www.facebook.com_960,014_trace_849842_http---www.facebook.com_960,0.43404255319148943
fcc-test_video1,final,100003,result_sim_abr_fcc-test_015_test_fcc_trace_805712_http---www.facebook.com_720_0,015_test_fcc_trace_805712_http---www.facebook.com_720_0,1.3297872340425534
fcc-test_video1,final,100003,result_sim_abr_fcc-test_016_trace_11332_http---www.facebook.com_640,016_trace_11332_http---www.facebook.com_640,0.39574468085106396
fcc-test_video1,final,100003,result_sim_abr_fcc-test_017_trace_7451_http---www.yahoo.com_320,017_trace_7451_http---www.yahoo.com_320,0.9542553191489362
fcc-test_video1,final,100003,result_sim_abr_fcc-test_018_trace_806172_http---www.amazon.com_320,018_trace_806172_http---www.amazon.com_320,0.7404255319148936
fcc-test_video1,final,100003,result_sim_abr_fcc-test_019_trace_7540_http---www.yahoo.com_0,019_trace_7540_http---www.yahoo.com_0,0.74468085106383
fcc-test_video1,final,100003,result_sim_abr_fcc-test_020_trace_28838_http---www.amazon.com_1280,020_trace_28838_http---www.amazon.com_1280,1.187192104337453
fcc-test_video1,final,100003,result_sim_abr_fcc-test_021_test_fcc_trace_14731_http---www.facebook.com_300_0,021_test_fcc_trace_14731_http---www.facebook.com_300_0,0.3861702127659576
fcc-test_video1,final,100003,result_sim_abr_fcc-test_022_trace_7451_http---www.yahoo.com_960,022_trace_7451_http---www.yahoo.com_960,0.8478723404255318
fcc-test_video1,final,100003,result_sim_abr_fcc-test_023_trace_942092_http---www.facebook.com_0,023_trace_942092_http---www.facebook.com_0,1.4968085106382978
fcc-test_video1,final,100003,result_sim_abr_fcc-test_024_test_fcc_trace_216810_http---www.facebook.com_1140_0,024_test_fcc_trace_216810_http---www.facebook.com_1140_0,1.2877556826526413
fcc-test_video1,final,100003,result_sim_abr_fcc-test_025_test_fcc_trace_215364_http---www.ebay.com_1020_0,025_test_fcc_trace_215364_http---www.ebay.com_1020_0,0.8553191489361706
fcc-test_video1,final,100003,result_sim_abr_fcc-test_026_trace_665192_http---www.facebook.com_640,026_trace_665192_http---www.facebook.com_640,1.7542553191489356
fcc-test_video1,final,100003,result_sim_abr_fcc-test_027_test_fcc_trace_27175_http---www.amazon.com_660_0,027_test_fcc_trace_27175_http---www.amazon.com_660_0,0.2934119346628868
fcc-test_video1,final,100003,result_sim_abr_fcc-test_028_trace_663494_http---www.facebook.com_960,028_trace_663494_http---www.facebook.com_960,1.7882978723404246
fcc-test_video1,final,100003,result_sim_abr_fcc-test_029_test_fcc_trace_5554_http---www.amazon.com_1080_0,029_test_fcc_trace_5554_http---www.amazon.com_1080_0,0.6819148936170212
fcc-test_video1,final,100003,result_sim_abr_fcc-test_030_test_fcc_trace_216810_http---www.facebook.com_120_0,030_test_fcc_trace_216810_http---www.facebook.com_120_0,1.5627659574468082
fcc-test_video1,final,100003,result_sim_abr_fcc-test_031_trace_849842_http---www.facebook.com_640,031_trace_849842_http---www.facebook.com_640,0.3765957446808511
fcc-test_video1,final,100003,result_sim_abr_fcc-test_032_test_fcc_trace_805712_http---www.facebook.com_60_0,032_test_fcc_trace_805712_http---www.facebook.com_60_0,1.1191489361702132
fcc-test_video1,final,100003,result_sim_abr_fcc-test_033_test_fcc_trace_216810_http---www.facebook.com_480_0,033_test_fcc_trace_216810_http---www.facebook.com_480_0,1.2469203772958877
fcc-test_video1,final,100003,result_sim_abr_fcc-test_034_trace_797466_http---www.amazon.com_320,034_trace_797466_http---www.amazon.com_320,0.47908439778333894
fcc-test_video1,final,100003,result_sim_abr_fcc-test_035_trace_7289_http---www.yahoo.com_320,035_trace_7289_http---www.yahoo.com_320,0.802127659574468
fcc-test_video1,final,100003,result_sim_abr_fcc-test_036_trace_216826_http---www.amazon.com_960,036_trace_216826_http---www.amazon.com_960,0.6163529416017611
fcc-test_video1,final,100003,result_sim_abr_fcc-test_037_test_fcc_trace_215364_http---www.ebay.com_840_0,037_test_fcc_trace_215364_http---www.ebay.com_840_0,0.7606382978723404
fcc-test_video1,final,100003,result_sim_abr_fcc-test_038_trace_216826_http---www.amazon.com_640,038_trace_216826_http---www.amazon.com_640,1.5542553191489359
fcc-test_video1,final,100003,result_sim_abr_fcc-test_039_trace_866_http---www.amazon.com_1280,039_trace_866_http---www.amazon.com_1280,0.7308510638297873
fcc-test_video1,final,100003,result_sim_abr_fcc-test_040_trace_799448_http---www.facebook.com_1280,040_trace_799448_http---www.facebook.com_1280,0.9861702127659576
fcc-test_video1,final,100003,result_sim_abr_fcc-test_041_test_fcc_trace_5554_http---www.amazon.com_1200_0,041_test_fcc_trace_5554_http---www.amazon.com_1200_0,0.8085106382978725
fcc-test_video1,final,100003,result_sim_abr_fcc-test_042_trace_14679_http---www.facebook.com_0,042_trace_14679_http---www.facebook.com_0,0.4244680851063831
fcc-test_video1,final,100003,result_sim_abr_fcc-test_043_trace_8299_http---www.amazon.com_640,043_trace_8299_http---www.amazon.com_640,2.140425531914893
fcc-test_video1,final,100003,result_sim_abr_fcc-test_044_trace_8747_http---www.amazon.com_320,044_trace_8747_http---www.amazon.com_320,1.8117021276595733
fcc-test_video1,final,100003,result_sim_abr_fcc-test_045_test_fcc_trace_27175_http---www.amazon.com_240_0,045_test_fcc_trace_27175_http---www.amazon.com_240_0,0.5776595744680851
fcc-test_video1,final,100003,result_sim_abr_fcc-test_046_trace_7190_http---www.yahoo.com_1280,046_trace_7190_http---www.yahoo.com_1280,0.7936170212765957
fcc-test_video1,final,100003,result_sim_abr_fcc-test_047_trace_8299_http---www.amazon.com_0,047_trace_8299_http---www.amazon.com_0,1.9234042553191482
fcc-test_video1,final,100003,result_sim_abr_fcc-test_048_trace_806172_http---www.amazon.com_1280,048_trace_806172_http---www.amazon.com_1280,1.0255319148936168
fcc-test_video1,final,100003,result_sim_abr_fcc-test_049_trace_665208_http---www.yahoo.com_0,049_trace_665208_http---www.yahoo.com_0,1.643617021276595
fcc-test_video1,final,100003,result_sim_abr_fcc-test_050_trace_207336_http---www.amazon.com_1280,050_trace_207336_http---www.amazon.com_1280,0.7222794204550089
fcc-test_video1,final,100003,result_sim_abr_fcc-test_051_test_fcc_trace_805712_http---www.facebook.com_1500_0,051_test_fcc_trace_805712_http---www.facebook.com_1500_0,1.1329787234042554
fcc-test_video1,final,100003,result_sim_abr_fcc-test_052_test_fcc_trace_14731_http---www.facebook.com_420_0,052_test_fcc_trace_14731_http---www.facebook.com_420_0,0.3574468085106383
fcc-test_video1,final,100003,result_sim_abr_fcc-test_053_trace_8299_http---www.amazon.com_960,053_trace_8299_http---www.amazon.com_960,1.1999999999999997
fcc-test_video1,final,100003,result_sim_abr_fcc-test_054_test_fcc_trace_805712_http---www.facebook.com_360_0,054_test_fcc_trace_805712_http---www.facebook.com_360_0,1.2276595744680854
fcc-test_video1,final,100003,result_sim_abr_fcc-test_055_trace_806172_http---www.amazon.com_960,055_trace_806172_http---www.amazon.com_960,1.5148936170212763
fcc-test_video1,final,100003,result_sim_abr_fcc-test_056_test_fcc_trace_27175_http---www.amazon.com_600_0,056_test_fcc_trace_27175_http---www.amazon.com_600_0,0.6393617021276596
fcc-test_video1,final,100003,result_sim_abr_fcc-test_057_test_fcc_trace_14731_http---www.facebook.com_1320_0,057_test_fcc_trace_14731_http---www.facebook.com_1320_0,0.3861702127659576
fcc-test_video1,final,100003,result_sim_abr_fcc-test_058_trace_797700_http---www.yahoo.com_960,058_trace_797700_http---www.yahoo.com_960,0.49148936170212776
fcc-test_video1,final,100003,result_sim_abr_fcc-test_059_trace_941752_http---www.facebook.com_0,059_trace_941752_http---www.facebook.com_0,0.5585106382978724
fcc-test_video1,final,100003,result_sim_abr_fcc-test_060_test_fcc_trace_215364_http---www.ebay.com_1140_0,060_test_fcc_trace_215364_http---www.ebay.com_1140_0,0.7819148936170212
fcc-test_video1,final,100003,result_sim_abr_fcc-test_061_trace_806172_http---www.amazon.com_0,061_trace_806172_http---www.amazon.com_0,1.6702127659574462
fcc-test_video1,final,100003,result_sim_abr_fcc-test_062_trace_797700_http---www.yahoo.com_320,062_trace_797700_http---www.yahoo.com_320,0.4244680851063831
fcc-test_video1,final,100003,result_sim_abr_fcc-test_063_trace_799296_http---www.amazon.com_960,063_trace_799296_http---www.amazon.com_960,1.7723404255319142
fcc-test_video1,final,100003,result_sim_abr_fcc-test_064_trace_10730_http---www.facebook.com_1280,064_trace_10730_http---www.facebook.com_1280,0.23870411586429485
fcc-test_video1,final,100003,result_sim_abr_fcc-test_065_trace_799448_http---www.facebook.com_320,065_trace_799448_http---www.facebook.com_320,0.7734042553191488
fcc-test_video1,final,100003,result_sim_abr_fcc-test_066_test_fcc_trace_805712_http---www.facebook.com_1140_0,066_test_fcc_trace_805712_http---www.facebook.com_1140_0,1.2319148936170214
fcc-test_video1,final,100003,result_sim_abr_fcc-test_067_test_fcc_trace_27175_http---www.amazon.com_1320_0,067_test_fcc_trace_27175_http---www.amazon.com_1320_0,0.5542553191489361
fcc-test_video1,final,100003,result_sim_abr_fcc-test_068_trace_901648_http---www.amazon.com_640,068_trace_901648_http---www.amazon.com_640,1.3053191489361702
fcc-test_video1,final,100003,result_sim_abr_fcc-test_069_trace_939618_http---www.amazon.com_960,069_trace_939618_http---www.amazon.com_960,1.0638297872340428
fcc-test_video1,final,100003,result_sim_abr_fcc-test_070_test_fcc_trace_14731_http---www.facebook.com_720_0,070_test_fcc_trace_14731_http---www.facebook.com_720_0,0.3914893617021278
fcc-test_video1,final,100003,result_sim_abr_fcc-test_071_trace_7256_http---www.facebook.com_960,071_trace_7256_http---www.facebook.com_960,0.4914893617021276
fcc-test_video1,final,100003,result_sim_abr_fcc-test_072_test_fcc_trace_216810_http---www.facebook.com_1440_0,072_test_fcc_trace_216810_http---www.facebook.com_1440_0,1.4234042553191488
fcc-test_video1,final,100003,result_sim_abr_fcc-test_073_test_fcc_trace_5554_http---www.amazon.com_720_0,073_test_fcc_trace_5554_http---www.amazon.com_720_0,0.7882978723404258
fcc-test_video1,final,100003,result_sim_abr_fcc-test_074_test_fcc_trace_27175_http---www.amazon.com_1140_0,074_test_fcc_trace_27175_http---www.amazon.com_1140_0,2.123404255319148
fcc-test_video1,final,100003,result_sim_abr_fcc-test_075_trace_7451_http---www.yahoo.com_640,075_trace_7451_http---www.yahoo.com_640,0.9234042553191489
fcc-test_video1,final,100003,result_sim_abr_fcc-test_076_trace_805936_http---www.youtube.com_640,076_trace_805936_http---www.youtube.com_640,0.4547984246534769
fcc-test_video1,final,100003,result_sim_abr_fcc-test_077_trace_665208_http---www.yahoo.com_640,077_trace_665208_http---www.yahoo.com_640,1.7297872340425522
fcc-test_video1,final,100003,result_sim_abr_fcc-test_078_trace_8747_http---www.amazon.com_960,078_trace_8747_http---www.amazon.com_960,0.6797872340425531
fcc-test_video1,final,100003,result_sim_abr_fcc-test_079_test_fcc_trace_14731_http---www.facebook.com_1380_0,079_test_fcc_trace_14731_http---www.facebook.com_1380_0,0.3765957446808512
fcc-test_video1,final,100003,result_sim_abr_fcc-test_080_test_fcc_trace_215364_http---www.ebay.com_420_0,080_test_fcc_trace_215364_http---www.ebay.com_420_0,0.11400852463605983
fcc-test_video1,final,100003,result_sim_abr_fcc-test_081_test_fcc_trace_14731_http---www.facebook.com_360_0,081_test_fcc_trace_14731_http---www.facebook.com_360_0,0.16011885996167077
fcc-test_video1,final,100003,result_sim_abr_fcc-test_082_trace_26689_http---www.amazon.com_640,082_trace_26689_http---www.amazon.com_640,1.1170212765957448
fcc-test_video1,final,100003,result_sim_abr_fcc-test_083_test_fcc_trace_216810_http---www.facebook.com_300_0,083_test_fcc_trace_216810_http---www.facebook.com_300_0,1.8031914893617011
fcc-test_video1,final,100003,result_sim_abr_fcc-test_084_trace_849842_http---www.facebook.com_1280,084_trace_849842_http---www.facebook.com_1280,0.4531914893617021
fcc-test_video1,final,100003,result_sim_abr_fcc-test_085_test_fcc_trace_27175_http---www.amazon.com_840_0,085_test_fcc_trace_27175_http---www.amazon.com_840_0,1.9425531914893608
fcc-test_video1,final,100003,result_sim_abr_fcc-test_086_trace_941778_http---www.youtube.com_320,086_trace_941778_http---www.youtube.com_320,0.4340425531914895
fcc-test_video1,final,100003,result_sim_abr_fcc-test_087_test_fcc_trace_27175_http---www.amazon.com_780_0,087_test_fcc_trace_27175_http---www.amazon.com_780_0,2.0606382978723397
fcc-test_video1,final,100003,result_sim_abr_fcc-test_088_trace_10322_http---edition.cnn.com_960,088_trace_10322_http---edition.cnn.com_960,0.7212765957446808
fcc-test_video1,final,100003,result_sim_abr_fcc-test_089_test_fcc_trace_215364_http---www.ebay.com_60_0,089_test_fcc_trace_215364_http---www.ebay.com_60_0,0.8702127659574468
fcc-test_video1,final,100003,result_sim_abr_fcc-test_090_trace_663494_http---www.facebook.com_640,090_trace_663494_http---www.facebook.com_640,1.3882978723404256
fcc-test_video1,final,100003,result_sim_abr_fcc-test_091_trace_11332_http---www.facebook.com_960,091_trace_11332_http---www.facebook.com_960,0.06455807266659823
fcc-test_video1,final,100003,result_sim_abr_fcc-test_092_test_fcc_trace_216810_http---www.facebook.com_780_0,092_test_fcc_trace_216810_http---www.facebook.com_780_0,1.2297872340425535
fcc-test_video1,final,100003,result_sim_abr_fcc-test_093_test_fcc_trace_27175_http---www.amazon.com_720_0,093_test_fcc_trace_27175_http---www.amazon.com_720_0,1.482978723404255
fcc-test_video1,final,100003,result_sim_abr_fcc-test_094_test_fcc_trace_14731_http---www.facebook.com_1020_0,094_test_fcc_trace_14731_http---www.facebook.com_1020_0,0.3670212765957447
fcc-test_video1,final,100003,result_sim_abr_fcc-test_095_trace_8996_http---www.facebook.com_320,095_trace_8996_http---www.facebook.com_320,0.32885596805045514
fcc-test_video1,final,100003,result_sim_abr_fcc-test_096_trace_925806_http---www.amazon.com_640,096_trace_925806_http---www.amazon.com_640,0.42446808510638306
fcc-test_video1,final,100003,result_sim_abr_fcc-test_097_test_fcc_trace_805712_http---www.facebook.com_1200_0,097_test_fcc_trace_805712_http---www.facebook.com_1200_0,1.2638297872340427
fcc-test_video1,final,100003,result_sim_abr_fcc-test_098_trace_939562_http---www.google.com-mobile-_320,098_trace_939562_http---www.google.com-mobile-_320,1.8627659574468076
fcc-test_video1,final,100003,result_sim_abr_fcc-test_099_trace_925800_http---www.ebay.com_320,099_trace_925800_http---www.ebay.com_320,0.6542553191489362
fcc-test_video1,final,100004,result_sim_abr_fcc-test_000_trace_942154_http---www.ebay.com_0,000_trace_942154_http---www.ebay.com_0,0.5106382978723404
fcc-test_video1,final,100004,result_sim_abr_fcc-test_001_test_fcc_trace_215364_http---www.ebay.com_600_0,001_test_fcc_trace_215364_http---www.ebay.com_600_0,0.7212765957446808
fcc-test_video1,final,100004,result_sim_abr_fcc-test_002_trace_939592_http---www.facebook.com_640,002_trace_939592_http---www.facebook.com_640,1.464002052534861
fcc-test_video1,final,100004,result_sim_abr_fcc-test_003_trace_215252_http---www.msn.com_640,003_trace_215252_http---www.msn.com_640,1.2829787234042553
fcc-test_video1,final,100004,result_sim_abr_fcc-test_004_trace_901648_http---www.amazon.com_960,004_trace_901648_http---www.amazon.com_960,2.2329787234042544
fcc-test_video1,final,100004,result_sim_abr_fcc-test_005_trace_13562_http---www.facebook.com_320,005_trace_13562_http---www.facebook.com_320,0.4531914893617021
fcc-test_video1,final,100004,result_sim_abr_fcc-test_006_trace_7256_http---www.facebook.com_640,006_trace_7256_http---www.facebook.com_640,0.5106382978723404
fcc-test_video1,final,100004,result_sim_abr_fcc-test_007_test_fcc_trace_14731_http---www.facebook.com_1080_0,007_test_fcc_trace_14731_http---www.facebook.com_1080_0,0.3765957446808511
fcc-test_video1,final,100004,result_sim_abr_fcc-test_008_test_fcc_trace_27175_http---www.amazon.com_480_0,008_test_fcc_trace_27175_http---www.amazon.com_480_0,1.0595744680851067
fcc-test_video1,final,100004,result_sim_abr_fcc-test_009_test_fcc_trace_27175_http---www.amazon.com_420_0,009_test_fcc_trace_27175_http---www.amazon.com_420_0,0.5393617021276597
fcc-test_video1,final,100004,result_sim_abr_fcc-test_010_test_fcc_trace_14731_http---www.facebook.com_1140_0,010_test_fcc_trace_14731_http---www.facebook.com_1140_0,0.39574468085106385
fcc-test_video1,final,100004,result_sim_abr_fcc-test_011_test_fcc_trace_5554_http---www.amazon.com_360_0,011_test_fcc_trace_5554_http---www.amazon.com_360_0,0.4436170212765958
fcc-test_video1,final,100004,result_sim_abr_fcc-test_012_trace_939562_http---www.google.com-mobile-_0,012_trace_939562_http---www.google.com-mobile-_0,1.9904255319148927
fcc-test_video1,final,100004,result_sim_abr_fcc-test_013_trace_8299_http---www.amazon.com_1280,013_trace_8299_http---www.amazon.com_1280,0.9914893617021279
fcc-test_video1,final,100004,result_sim_abr_fcc-test_014_trace_849842_http---www.facebook.com_960,014_trace_849842_http---www.facebook.com_960,0.47234042553191485
fcc-test_video1,final,100004,result_sim_abr_fcc-test_015_test_fcc_trace_805712_http---www.facebook.com_720_0,015_test_fcc_trace_805712_http---www.facebook.com_720_0,1.1648936170212767
fcc-test_video1,final,100004,result_sim_abr_fcc-test_016_trace_11332_http---www.facebook.com_640,016_trace_11332_http---www.facebook.com_640,0.4340425531914893
fcc-test_video1,final,100004,result_sim_abr_fcc-test_017_trace_7451_http---www.yahoo.com_320,017_trace_7451_http---www.yahoo.com_320,0.9063829787234046
fcc-test_video1,final,100004,result_sim_abr_fcc-test_018_trace_806172_http---www.amazon.com_320,018_trace_806172_http---www.amazon.com_320,0.6542553191489361
fcc-test_video1,final,100004,result_sim_abr_fcc-test_019_trace_7540_http---www.yahoo.com_0,019_trace_7540_http---www.yahoo.com_0,0.7627659574468085
fcc-test_video1,final,100004,result_sim_abr_fcc-test_020_trace_28838_http---www.amazon.com_1280,020_trace_28838_http---www.amazon.com_1280,0.40120324712865696
fcc-test_video1,final,100004,result_sim_abr_fcc-test_021_test_fcc_trace_14731_http---www.facebook.com_300_0,021_test_fcc_trace_14731_http---www.facebook.com_300_0,0.3765957446808511
fcc-test_video1,final,100004,result_sim_abr_fcc-test_022_trace_7451_http---www.yahoo.com_960,022_trace_7451_http---www.yahoo.com_960,0.7691489361702128
fcc-test_video1,final,100004,result_sim_abr_fcc-test_023_trace_942092_http---www.facebook.com_0,023_trace_942092_http---www.facebook.com_0,1.5223404255319148
fcc-test_video1,final,100004,result_sim_abr_fcc-test_024_test_fcc_trace_216810_http---www.facebook.com_1140_0,024_test_fcc_trace_216810_http---www.facebook.com_1140_0,0.6226420909328949
fcc-test_video1,final,100004,result_sim_abr_fcc-test_025_test_fcc_trace_215364_http---www.ebay.com_1020_0,025_test_fcc_trace_215364_http---www.ebay.com_1020_0,0.6638297872340424
fcc-test_video1,final,100004,result_sim_abr_fcc-test_026_trace_665192_http---www.facebook.com_640,026_trace_665192_http---www.facebook.com_640,1.5904255319148932
fcc-test_video1,final,100004,result_sim_abr_fcc-test_027_test_fcc_trace_27175_http---www.amazon.com_660_0,027_test_fcc_trace_27175_http---www.amazon.com_660_0,-1.5919161766683514
fcc-test_video1,final,100004,result_sim_abr_fcc-test_028_trace_663494_http---www.facebook.com_960,028_trace_663494_http---www.facebook.com_960,1.8968085106382968
fcc-test_video1,final,100004,result_sim_abr_fcc-test_029_test_fcc_trace_5554_http---www.amazon.com_1080_0,029_test_fcc_trace_5554_http---www.amazon.com_1080_0,0.5680851063829787
fcc-test_video1,final,100004,result_sim_abr_fcc-test_030_test_fcc_trace_216810_http---www.facebook.com_120_0,030_test_fcc_trace_216810_http---www.facebook.com_120_0,1.6563829787234041
fcc-test_video1,final,100004,result_sim_abr_fcc-test_031_trace_849842_http---www.facebook.com_640,031_trace_849842_http---www.facebook.com_640,0.4053191489361702
fcc-test_video1,final,100004,result_sim_abr_fcc-test_032_test_fcc_trace_805712_http---www.facebook.com_60_0,032_test_fcc_trace_805712_http---www.facebook.com_60_0,1.0021276595744684
fcc-test_video1,final,100004,result_sim_abr_fcc-test_033_test_fcc_trace_216810_http---www.facebook.com_480_0,033_test_fcc_trace_216810_http---www.facebook.com_480_0,0.9837139913506129
fcc-test_video1,final,100004,result_sim_abr_fcc-test_034_trace_797466_http---www.amazon.com_320,034_trace_797466_http---www.amazon.com_320,0.5297872340425532
fcc-test_video1,final,100004,result_sim_abr_fcc-test_035_trace_7289_http---www.yahoo.com_320,035_trace_7289_http---www.yahoo.com_320,0.8840425531914899
fcc-test_video1,final,100004,result_sim_abr_fcc-test_036_trace_216826_http---www.amazon.com_960,036_trace_216826_http---www.amazon.com_960,1.4335497551665843
fcc-test_video1,final,100004,result_sim_abr_fcc-test_037_test_fcc_trace_215364_http---www.ebay.com_840_0,037_test_fcc_trace_215364_http---www.ebay.com_840_0,0.7117021276595745
fcc-test_video1,final,100004,result_sim_abr_fcc-test_038_trace_216826_http---www.amazon.com_640,038_trace_216826_http---www.amazon.com_640,-0.48917998884727004
fcc-test_video1,final,100004,result_sim_abr_fcc-test_039_trace_866_http---www.amazon.com_1280,039_trace_866_http---www.amazon.com_1280,0.6446808510638298
fcc-test_video1,final,100004,result_sim_abr_fcc-test_040_trace_799448_http---www.facebook.com_1280,040_trace_799448_http---www.facebook.com_1280,0.9393617021276598
fcc-test_video1,final,100004,result_sim_abr_fcc-test_041_test_fcc_trace_5554_http---www.amazon.com_1200_0,041_test_fcc_trace_5554_http---www.amazon.com_1200_0,0.7712765957446809
fcc-test_video1,final,100004,result_sim_abr_fcc-test_042_trace_14679_http---www.facebook.com_0,042_trace_14679_http---www.facebook.com_0,0.4436170212765958
fcc-test_video1,final,100004,result_sim_abr_fcc-test_043_trace_8299_http---www.amazon.com_640,043_trace_8299_http---www.amazon.com_640,2.1053191489361693
fcc-test_video1,final,100004,result_sim_abr_fcc-test_044_trace_8747_http---www.amazon.com_320,044_trace_8747_http---www.amazon.com_320,1.9085106382978716
fcc-test_video1,final,100004,result_sim_abr_fcc-test_045_test_fcc_trace_27175_http---www.amazon.com_240_0,045_test_fcc_trace_27175_http---www.amazon.com_240_0,0.5872340425531914
fcc-test_video1,final,100004,result_sim_abr_fcc-test_046_trace_7190_http---www.yahoo.com_1280,046_trace_7190_http---www.yahoo.com_1280,0.8202127659574467
fcc-test_video1,final,100004,result_sim_abr_fcc-test_047_trace_8299_http---www.amazon.com_0,047_trace_8299_http---www.amazon.com_0,0.7820465399076479
fcc-test_video1,final,100004,result_sim_abr_fcc-test_048_trace_806172_http---www.amazon.com_1280,048_trace_806172_http---www.amazon.com_1280,0.7244680851063833
fcc-test_video1,final,100004,result_sim_abr_fcc-test_049_trace_665208_http---www.yahoo.com_0,049_trace_665208_http---www.yahoo.com_0,2.0797872340425525
fcc-test_video1,final,100004,result_sim_abr_fcc-test_050_trace_207336_http---www.amazon.com_1280,050_trace_207336_http---www.amazon.com_1280,0.9585106382978723
fcc-test_video1,final,100004,result_sim_abr_fcc-test_051_test_fcc_trace_805712_http---www.facebook.com_1500_0,051_test_fcc_trace_805712_http---www.facebook.com_1500_0,0.995744680851064
fcc-test_video1,final,100004,result_sim_abr_fcc-test_052_test_fcc_trace_14731_http---www.facebook.com_420_0,052_test_fcc_trace_14731_http---www.facebook.com_420_0,0.3765957446808511
fcc-test_video1,final,100004,result_sim_abr_fcc-test_053_trace_8299_http---www.amazon.com_960,053_trace_8299_http---www.amazon.com_960,1.2457446808510635
fcc-test_video1,final,100004,result_sim_abr_fcc-test_054_test_fcc_trace_805712_http---www.facebook.com_360_0,054_test_fcc_trace_805712_http---www.facebook.com_360_0,0.9414893617021278
fcc-test_video1,final,100004,result_sim_abr_fcc-test_055_trace_806172_http---www.amazon.com_960,055_trace_806172_http---www.amazon.com_960,1.4574468085106382
fcc-test_video1,final,100004,result_sim_abr_fcc-test_056_test_fcc_trace_27175_http---www.amazon.com_600_0,056_test_fcc_trace_27175_http---www.amazon.com_600_0,0.5297872340425531
fcc-test_video1,final,100004,result_sim_abr_fcc-test_057_test_fcc_trace_14731_http---www.facebook.com_1320_0,057_test_fcc_trace_14731_http---www.facebook.com_1320_0,0.4053191489361702
fcc-test_video1,final,100004,result_sim_abr_fcc-test_058_trace_797700_http---www.yahoo.com_960,058_trace_797700_http---www.yahoo.com_960,0.5297872340425531
fcc-test_video1,final,100004,result_sim_abr_fcc-test_059_trace_941752_http---www.facebook.com_0,059_trace_941752_http---www.facebook.com_0,0.4819148936170212
fcc-test_video1,final,100004,result_sim_abr_fcc-test_060_test_fcc_trace_215364_http---www.ebay.com_1140_0,060_test_fcc_trace_215364_http---www.ebay.com_1140_0,0.7021276595744681
fcc-test_video1,final,100004,result_sim_abr_fcc-test_061_trace_806172_http---www.amazon.com_0,061_trace_806172_http---www.amazon.com_0,1.4968085106382978
fcc-test_video1,final,100004,result_sim_abr_fcc-test_062_trace_797700_http---www.yahoo.com_320,062_trace_797700_http---www.yahoo.com_320,0.4053191489361704
fcc-test_video1,final,100004,result_sim_abr_fcc-test_063_trace_799296_http---www.amazon.com_960,063_trace_799296_http---www.amazon.com_960,1.899999999999999
fcc-test_video1,final,100004,result_sim_abr_fcc-test_064_trace_10730_http---www.facebook.com_1280,064_trace_10730_http---www.facebook.com_1280,0.39574468085106385
fcc-test_video1,final,100004,result_sim_abr_fcc-test_065_trace_799448_http---www.facebook.com_320,065_trace_799448_http---www.facebook.com_320,0.7265957446808511
fcc-test_video1,final,100004,result_sim_abr_fcc-test_066_test_fcc_trace_805712_http---www.facebook.com_1140_0,066_test_fcc_trace_805712_http---www.facebook.com_1140_0,0.8755319148936171
fcc-test_video1,final,100004,result_sim_abr_fcc-test_067_test_fcc_trace_27175_http---www.amazon.com_1320_0,067_test_fcc_trace_27175_http---www.amazon.com_1320_0,0.4149894881335116
fcc-test_video1,final,100004,result_sim_abr_fcc-test_068_trace_901648_http---www.amazon.com_640,068_trace_901648_http---www.amazon.com_640,1.129046775214127
fcc-test_video1,final,100004,result_sim_abr_fcc-test_069_trace_939618_http---www.amazon.com_960,069_trace_939618_http---www.amazon.com_960,0.7404255319148937
fcc-test_video1,final,100004,result_sim_abr_fcc-test_070_test_fcc_trace_14731_http---www.facebook.com_720_0,070_test_fcc_trace_14731_http---www.facebook.com_720_0,0.4053191489361702
fcc-test_video1,final,100004,result_sim_abr_fcc-test_071_trace_7256_http---www.facebook.com_960,071_trace_7256_http---www.facebook.com_960,0.4436170212765958
fcc-test_video1,final,100004,result_sim_abr_fcc-test_072_test_fcc_trace_216810_http---www.facebook.com_1440_0,072_test_fcc_trace_216810_http---www.facebook.com_1440_0,1.7127659574468077
fcc-test_video1,final,100004,result_sim_abr_fcc-test_073_test_fcc_trace_5554_http---www.amazon.com_720_0,073_test_fcc_trace_5554_http---www.amazon.com_720_0,0.5968085106382978
fcc-test_video1,final,100004,result_sim_abr_fcc-test_074_test_fcc_trace_27175_http---www.amazon.com_1140_0,074_test_fcc_trace_27175_http---www.amazon.com_1140_0,2.2297872340425524
fcc-test_video1,final,100004,result_sim_abr_fcc-test_075_trace_7451_http---www.yahoo.com_640,075_trace_7451_http---www.yahoo.com_640,0.75
fcc-test_video1,final,100004,result_sim_abr_fcc-test_076_trace_805936_http---www.youtube.com_640,076_trace_805936_http---www.youtube.com_640,0.4914893617021277
fcc-test_video1,final,100004,result_sim_abr_fcc-test_077_trace_665208_http---www.yahoo.com_640,077_trace_665208_http---www.yahoo.com_640,1.97659574468085
fcc-test_video1,final,100004,result_sim_abr_fcc-test_078_trace_8747_http---www.amazon.com_960,078_trace_8747_http---www.amazon.com_960,0.6287234042553193
fcc-test_video1,final,100004,result_sim_abr_fcc-test_079_test_fcc_trace_14731_http---www.facebook.com_1380_0,079_test_fcc_trace_14731_http---www.facebook.com_1380_0,0.39574468085106385
fcc-test_video1,final,100004,result_sim_abr_fcc-test_080_test_fcc_trace_215364_http---www.ebay.com_420_0,080_test_fcc_trace_215364_http---www.ebay.com_420_0,0.6734042553191489
fcc-test_video1,final,100004,result_sim_abr_fcc-test_081_test_fcc_trace_14731_http---www.facebook.com_360_0,081_test_fcc_trace_14731_http---www.facebook.com_360_0,0.3765957446808511
fcc-test_video1,final,100004,result_sim_abr_fcc-test_082_trace_26689_http---www.amazon.com_640,082_trace_26689_http---www.amazon.com_640,0.7978723404255322
fcc-test_video1,final,100004,result_sim_abr_fcc-test_083_test_fcc_trace_216810_http---www.facebook.com_300_0,083_test_fcc_trace_216810_http---www.facebook.com_300_0,1.9382978723404245
fcc-test_video1,final,100004,result_sim_abr_fcc-test_084_trace_849842_http---www.facebook.com_1280,084_trace_849842_http---www.facebook.com_1280,0.45319148936170206
fcc-test_video1,final,100004,result_sim_abr_fcc-test_085_test_fcc_trace_27175_http---www.amazon.com_840_0,085_test_fcc_trace_27175_http---www.amazon.com_840_0,1.974468085106382
fcc-test_video1,final,100004,result_sim_abr_fcc-test_086_trace_941778_http---www.youtube.com_320,086_trace_941778_http---www.youtube.com_320,0.47234042553191485
fcc-test_video1,final,100004,result_sim_abr_fcc-test_087_test_fcc_trace_27175_http---www.amazon.com_780_0,087_test_fcc_trace_27175_http---www.amazon.com_780_0,1.9574468085106373
fcc-test_video1,final,100004,result_sim_abr_fcc-test_088_trace_10322_http---edition.cnn.com_960,088_trace_10322_http---edition.cnn.com_960,0.5872340425531916
fcc-test_video1,final,100004,result_sim_abr_fcc-test_089_test_fcc_trace_215364_http---www.ebay.com_60_0,089_test_fcc_trace_215364_http---www.ebay.com_60_0,0.7978723404255319
fcc-test_video1,final,100004,result_sim_abr_fcc-test_090_trace_663494_http---www.facebook.com_640,090_trace_663494_http---www.facebook.com_640,1.4468085106382975
fcc-test_video1,final,100004,result_sim_abr_fcc-test_091_trace_11332_http---www.facebook.com_960,091_trace_11332_http---www.facebook.com_960,0.42446808510638306
fcc-test_video1,final,100004,result_sim_abr_fcc-test_092_test_fcc_trace_216810_http---www.facebook.com_780_0,092_test_fcc_trace_216810_http---www.facebook.com_780_0,0.591565007917146
fcc-test_video1,final,100004,result_sim_abr_fcc-test_093_test_fcc_trace_27175_http---www.amazon.com_720_0,093_test_fcc_trace_27175_http---www.amazon.com_720_0,1.5393617021276595
fcc-test_video1,final,100004,result_sim_abr_fcc-test_094_test_fcc_trace_14731_http---www.facebook.com_1020_0,094_test_fcc_trace_14731_http---www.facebook.com_1020_0,0.3765957446808511
fcc-test_video1,final,100004,result_sim_abr_fcc-test_095_trace_8996_http---www.facebook.com_320,095_trace_8996_http---www.facebook.com_320,0.4531914893617022
fcc-test_video1,final,100004,result_sim_abr_fcc-test_096_trace_925806_http---www.amazon.com_640,096_trace_925806_http---www.amazon.com_640,0.4819148936170212
fcc-test_video1,final,100004,result_sim_abr_fcc-test_097_test_fcc_trace_805712_http---www.facebook.com_1200_0,097_test_fcc_trace_805712_http---www.facebook.com_1200_0,1.2446808510638299
fcc-test_video1,final,100004,result_sim_abr_fcc-test_098_trace_939562_http---www.google.com-mobile-_320,098_trace_939562_http---www.google.com-mobile-_320,2.0595744680851054
fcc-test_video1,final,100004,result_sim_abr_fcc-test_099_trace_925800_http---www.ebay.com_320,099_trace_925800_http---www.ebay.com_320,0.548936170212766
fcc-test_video1,final,100005,result_sim_abr_fcc-test_000_trace_942154_http---www.ebay.com_0,000_trace_942154_http---www.ebay.com_0,0.4627659574468085
fcc-test_video1,final,100005,result_sim_abr_fcc-test_001_test_fcc_trace_215364_http---www.ebay.com_600_0,001_test_fcc_trace_215364_http---www.ebay.com_600_0,0.7595744680851066
fcc-test_video1,final,100005,result_sim_abr_fcc-test_002_trace_939592_http---www.facebook.com_640,002_trace_939592_http---www.facebook.com_640,1.269148936170213
fcc-test_video1,final,100005,result_sim_abr_fcc-test_003_trace_215252_http---www.msn.com_640,003_trace_215252_http---www.msn.com_640,1.2031914893617024
fcc-test_video1,final,100005,result_sim_abr_fcc-test_004_trace_901648_http---www.amazon.com_960,004_trace_901648_http---www.amazon.com_960,1.9106382978723397
fcc-test_video1,final,100005,result_sim_abr_fcc-test_005_trace_13562_http---www.facebook.com_320,005_trace_13562_http---www.facebook.com_320,0.43404255319148943
fcc-test_video1,final,100005,result_sim_abr_fcc-test_006_trace_7256_http---www.facebook.com_640,006_trace_7256_http---www.facebook.com_640,0.4148936170212767
fcc-test_video1,final,100005,result_sim_abr_fcc-test_007_test_fcc_trace_14731_http---www.facebook.com_1080_0,007_test_fcc_trace_14731_http---www.facebook.com_1080_0,0.376595744680851
fcc-test_video1,final,100005,result_sim_abr_fcc-test_008_test_fcc_trace_27175_http---www.amazon.com_480_0,008_test_fcc_trace_27175_http---www.amazon.com_480_0,1.0042553191489363
fcc-test_video1,final,100005,result_sim_abr_fcc-test_009_test_fcc_trace_27175_http---www.amazon.com_420_0,009_test_fcc_trace_27175_http---www.amazon.com_420_0,0.5297872340425531
fcc-test_video1,final,100005,result_sim_abr_fcc-test_010_test_fcc_trace_14731_http---www.facebook.com_1140_0,010_test_fcc_trace_14731_http---www.facebook.com_1140_0,0.36702127659574474
fcc-test_video1,final,100005,result_sim_abr_fcc-test_011_test_fcc_trace_5554_http---www.amazon.com_360_0,011_test_fcc_trace_5554_http---www.amazon.com_360_0,0.2265257201281178
fcc-test_video1,final,100005,result_sim_abr_fcc-test_012_trace_939562_http---www.google.com-mobile-_0,012_trace_939562_http---www.google.com-mobile-_0,1.9861702127659566
fcc-test_video1,final,100005,result_sim_abr_fcc-test_013_trace_8299_http---www.amazon.com_1280,013_trace_8299_http---www.amazon.com_1280,1.2553191489361704
fcc-test_video1,final,100005,result_sim_abr_fcc-test_014_trace_849842_http---www.facebook.com_960,014_trace_849842_http---www.facebook.com_960,0.3861702127659575
fcc-test_video1,final,100005,result_sim_abr_fcc-test_015_test_fcc_trace_805712_http---www.facebook.com_720_0,015_test_fcc_trace_805712_http---www.facebook.com_720_0,1.164893617021277
fcc-test_video1,final,100005,result_sim_abr_fcc-test_016_trace_11332_http---www.facebook.com_640,016_trace_11332_http---www.facebook.com_640,0.43404255319148943
fcc-test_video1,final,100005,result_sim_abr_fcc-test_017_trace_7451_http---www.yahoo.com_320,017_trace_7451_http---www.yahoo.com_320,0.8765957446808511
fcc-test_video1,final,100005,result_sim_abr_fcc-test_018_trace_806172_http---www.amazon.com_320,018_trace_806172_http---www.amazon.com_320,0.7148936170212767
fcc-test_video1,final,100005,result_sim_abr_fcc-test_019_trace_7540_http---www.yahoo.com_0,019_trace_7540_http---www.yahoo.com_0,0.7946808510638298
fcc-test_video1,final,100005,result_sim_abr_fcc-test_020_trace_28838_http---www.amazon.com_1280,020_trace_28838_http---www.amazon.com_1280,0.24418658203014734
fcc-test_video1,final,100005,result_sim_abr_fcc-test_021_test_fcc_trace_14731_http---www.facebook.com_300_0,021_test_fcc_trace_14731_http---www.facebook.com_300_0,0.12633559262097022
fcc-test_video1,final,100005,result_sim_abr_fcc-test_022_trace_7451_http---www.yahoo.com_960,022_trace_7451_http---www.yahoo.com_960,0.8159574468085108
fcc-test_video1,final,100005,result_sim_abr_fcc-test_023_trace_942092_http---www.facebook.com_0,023_trace_942092_http---www.facebook.com_0,1.415957446808511
fcc-test_video1,final,100005,result_sim_abr_fcc-test_024_test_fcc_trace_216810_http---www.facebook.com_1140_0,024_test_fcc_trace_216810_http---www.facebook.com_1140_0,1.2670212765957443
fcc-test_video1,final,100005,result_sim_abr_fcc-test_025_test_fcc_trace_215364_http---www.ebay.com_1020_0,025_test_fcc_trace_215364_http---www.ebay.com_1020_0,0.7606382978723404
fcc-test_video1,final,100005,result_sim_abr_fcc-test_026_trace_665192_http---www.facebook.com_640,026_trace_665192_http---www.facebook.com_640,1.7287234042553183
fcc-test_video1,final,100005,result_sim_abr_fcc-test_027_test_fcc_trace_27175_http---www.amazon.com_660_0,027_test_fcc_trace_27175_http---www.amazon.com_660_0,-0.6371404722199626
fcc-test_video1,final,100005,result_sim_abr_fcc-test_028_trace_663494_http---www.facebook.com_960,028_trace_663494_http---www.facebook.com_960,1.6797872340425524
fcc-test_video1,final,100005,result_sim_abr_fcc-test_029_test_fcc_trace_5554_http---www.amazon.com_1080_0,029_test_fcc_trace_5554_http---www.amazon.com_1080_0,0.5680851063829787
fcc-test_video1,final,100005,result_sim_abr_fcc-test_030_test_fcc_trace_216810_http---www.facebook.com_120_0,030_test_fcc_trace_216810_http---www.facebook.com_120_0,1.4787234042553188
fcc-test_video1,final,100005,result_sim_abr_fcc-test_031_trace_849842_http---www.facebook.com_640,031_trace_849842_http---www.facebook.com_640,0.4148936170212767
fcc-test_video1,final,100005,result_sim_abr_fcc-test_032_test_fcc_trace_805712_http---www.facebook.com_60_0,032_test_fcc_trace_805712_http---www.facebook.com_60_0,1.1496584943446093
fcc-test_video1,final,100005,result_sim_abr_fcc-test_033_test_fcc_trace_216810_http---www.facebook.com_480_0,033_test_fcc_trace_216810_http---www.facebook.com_480_0,-0.8736296492307549
fcc-test_video1,final,100005,result_sim_abr_fcc-test_034_trace_797466_http---www.amazon.com_320,034_trace_797466_http---www.amazon.com_320,0.5680851063829788
fcc-test_video1,final,100005,result_sim_abr_fcc-test_035_trace_7289_http---www.yahoo.com_320,035_trace_7289_http---www.yahoo.com_320,0.8436170212765959
fcc-test_video1,final,100005,result_sim_abr_fcc-test_036_trace_216826_http---www.amazon.com_960,036_trace_216826_http---www.amazon.com_960,0.1793076695329649
fcc-test_video1,final,100005,result_sim_abr_fcc-test_037_test_fcc_trace_215364_http---www.ebay.com_840_0,037_test_fcc_trace_215364_http---www.ebay.com_840_0,0.7297872340425531
fcc-test_video1,final,100005,result_sim_abr_fcc-test_038_trace_216826_http---www.amazon.com_640,038_trace_216826_http---www.amazon.com_640,0.07032524720035904
fcc-test_video1,final,100005,result_sim_abr_fcc-test_039_trace_866_http---www.amazon.com_1280,039_trace_866_http---www.amazon.com_1280,0.7265957446808509
fcc-test_video1,final,100005,result_sim_abr_fcc-test_040_trace_799448_http---www.facebook.com_1280,040_trace_799448_http---www.facebook.com_1280,0.8797872340425533
fcc-test_video1,final,100005,result_sim_abr_fcc-test_041_test_fcc_trace_5554_http---www.amazon.com_1200_0,041_test_fcc_trace_5554_http---www.amazon.com_1200_0,0.7412371328983537
fcc-test_video1,final,100005,result_sim_abr_fcc-test_042_trace_14679_http---www.facebook.com_0,042_trace_14679_http---www.facebook.com_0,0.42446808510638306
fcc-test_video1,final,100005,result_sim_abr_fcc-test_043_trace_8299_http---www.amazon.com_640,043_trace_8299_http---www.amazon.com_640,2.1510638297872333
fcc-test_video1,final,100005,result_sim_abr_fcc-test_044_trace_8747_http---www.amazon.com_320,044_trace_8747_http---www.amazon.com_320,1.6585106382978716
fcc-test_video1,final,100005,result_sim_abr_fcc-test_045_test_fcc_trace_27175_http---www.amazon.com_240_0,045_test_fcc_trace_27175_http---www.amazon.com_240_0,0.577659574468085
fcc-test_video1,final,100005,result_sim_abr_fcc-test_046_trace_7190_http---www.yahoo.com_1280,046_trace_7190_http---www.yahoo.com_1280,0.7787234042553194
fcc-test_video1,final,100005,result_sim_abr_fcc-test_047_trace_8299_http---www.amazon.com_0,047_trace_8299_http---www.amazon.com_0,0.21953232290949673
fcc-test_video1,final,100005,result_sim_abr_fcc-test_048_trace_806172_http---www.amazon.com_1280,048_trace_806172_http---www.amazon.com_1280,1.0297872340425533
fcc-test_video1,final,100005,result_sim_abr_fcc-test_049_trace_665208_http---www.yahoo.com_0,049_trace_665208_http---www.yahoo.com_0,2.135106382978723
fcc-test_video1,final,100005,result_sim_abr_fcc-test_050_trace_207336_http---www.amazon.com_1280,050_trace_207336_http---www.amazon.com_1280,1.103191489361702
fcc-test_video1,final,100005,result_sim_abr_fcc-test_051_test_fcc_trace_805712_http---www.facebook.com_1500_0,051_test_fcc_trace_805712_http---www.facebook.com_1500_0,1.2425531914893617
fcc-test_video1,final,100005,result_sim_abr_fcc-test_052_test_fcc_trace_14731_http---www.facebook.com_420_0,052_test_fcc_trace_14731_http---www.facebook.com_420_0,0.3670212765957447
fcc-test_video1,final,100005,result_sim_abr_fcc-test_053_trace_8299_http---www.amazon.com_960,053_trace_8299_http---www.amazon.com_960,0.7601937645305545
fcc-test_video1,final,100005,result_sim_abr_fcc-test_054_test_fcc_trace_805712_http---www.facebook.com_360_0,054_test_fcc_trace_805712_http---www.facebook.com_360_0,0.9074468085106384
fcc-test_video1,final,100005,result_sim_abr_fcc-test_055_trace_806172_http---www.amazon.com_960,055_trace_806172_http---www.amazon.com_960,1.5819148936170209
fcc-test_video1,final,100005,result_sim_abr_fcc-test_056_test_fcc_trace_27175_http---www.amazon.com_600_0,056_test_fcc_trace_27175_http---www.amazon.com_600_0,0.5968085106382978
fcc-test_video1,final,100005,result_sim_abr_fcc-test_057_test_fcc_trace_14731_http---www.facebook.com_1320_0,057_test_fcc_trace_14731_http---www.facebook.com_1320_0,0.3861702127659575
fcc-test_video1,final,100005,result_sim_abr_fcc-test_058_trace_797700_http---www.yahoo.com_960,058_trace_797700_http---www.yahoo.com_960,0.5202127659574468
fcc-test_video1,final,100005,result_sim_abr_fcc-test_059_trace_941752_http---www.facebook.com_0,059_trace_941752_http---www.facebook.com_0,0.501063829787234
fcc-test_video1,final,100005,result_sim_abr_fcc-test_060_test_fcc_trace_215364_http---www.ebay.com_1140_0,060_test_fcc_trace_215364_http---www.ebay.com_1140_0,0.6829787234042553
fcc-test_video1,final,100005,result_sim_abr_fcc-test_061_trace_806172_http---www.amazon.com_0,061_trace_806172_http---www.amazon.com_0,1.4244680851063831
fcc-test_video1,final,100005,result_sim_abr_fcc-test_062_trace_797700_http---www.yahoo.com_320,062_trace_797700_http---www.yahoo.com_320,0.4819148936170214
fcc-test_video1,final,100005,result_sim_abr_fcc-test_063_trace_799296_http---www.amazon.com_960,063_trace_799296_http---www.amazon.com_960,1.7531914893617015
fcc-test_video1,final,100005,result_sim_abr_fcc-test_064_trace_10730_http---www.facebook.com_1280,064_trace_10730_http---www.facebook.com_1280,0.3574468085106383
fcc-test_video1,final,100005,result_sim_abr_fcc-test_065_trace_799448_http---www.facebook.com_320,065_trace_799448_http---www.facebook.com_320,0.7893617021276598
fcc-test_video1,final,100005,result_sim_abr_fcc-test_066_test_fcc_trace_805712_http---www.facebook.com_1140_0,066_test_fcc_trace_805712_http---www.facebook.com_1140_0,1.2489361702127662
fcc-test_video1,final,100005,result_sim_abr_fcc-test_067_test_fcc_trace_27175_http---www.amazon.com_1320_0,067_test_fcc_trace_27175_http---www.amazon.com_1320_0,0.49148936170212776
fcc-test_video1,final,100005,result_sim_abr_fcc-test_068_trace_901648_http---www.amazon.com_640,068_trace_901648_http---www.amazon.com_640,-0.5494452351904695
fcc-test_video1,final,100005,result_sim_abr_fcc-test_069_trace_939618_http---www.amazon.com_960,069_trace_939618_http---www.amazon.com_960,1.1148936170212769
fcc-test_video1,final,100005,result_sim_abr_fcc-test_070_test_fcc_trace_14731_http---www.facebook.com_720_0,070_test_fcc_trace_14731_http---www.facebook.com_720_0,0.13131557908310426
fcc-test_video1,final,100005,result_sim_abr_fcc-test_071_trace_7256_http---www.facebook.com_960,071_trace_7256_http---www.facebook.com_960,0.4148936170212766
fcc-test_video1,final,100005,result_sim_abr_fcc-test_072_test_fcc_trace_216810_http---www.facebook.com_1440_0,072_test_fcc_trace_216810_http---www.facebook.com_1440_0,1.539361702127659
fcc-test_video1,final,100005,result_sim_abr_fcc-test_073_test_fcc_trace_5554_http---www.amazon.com_720_0,073_test_fcc_trace_5554_http---www.amazon.com_720_0,0.7106382978723406
fcc-test_video1,final,100005,result_sim_abr_fcc-test_074_test_fcc_trace_27175_http---www.amazon.com_1140_0,074_test_fcc_trace_27175_http---www.amazon.com_1140_0,-0.7100864573624062
fcc-test_video1,final,100005,result_sim_abr_fcc-test_075_trace_7451_http---www.yahoo.com_640,075_trace_7451_http---www.yahoo.com_640,0.9202127659574472
fcc-test_video1,final,100005,result_sim_abr_fcc-test_076_trace_805936_http---www.youtube.com_640,076_trace_805936_http---www.youtube.com_640,0.6159574468085105
fcc-test_video1,final,100005,result_sim_abr_fcc-test_077_trace_665208_http---www.yahoo.com_640,077_trace_665208_http---www.yahoo.com_640,1.8553191489361696
fcc-test_video1,final,100005,result_sim_abr_fcc-test_078_trace_8747_http---www.amazon.com_960,078_trace_8747_http---www.amazon.com_960,0.6117021276595747
fcc-test_video1,final,100005,result_sim_abr_fcc-test_079_test_fcc_trace_14731_http---www.facebook.com_1380_0,079_test_fcc_trace_14731_http---www.facebook.com_1380_0,0.347872340425532
fcc-test_video1,final,100005,result_sim_abr_fcc-test_080_test_fcc_trace_215364_http---www.ebay.com_420_0,080_test_fcc_trace_215364_http---www.ebay.com_420_0,0.702127659574468
fcc-test_video1,final,100005,result_sim_abr_fcc-test_081_test_fcc_trace_14731_http---www.facebook.com_360_0,081_test_fcc_trace_14731_http---www.facebook.com_360_0,0.006040086569314118
fcc-test_video1,final,100005,result_sim_abr_fcc-test_082_trace_26689_http---www.amazon.com_640,082_trace_26689_http---www.amazon.com_640,0.9031914893617022
fcc-test_video1,final,100005,result_sim_abr_fcc-test_083_test_fcc_trace_216810_http---www.facebook.com_300_0,083_test_fcc_trace_216810_http---www.facebook.com_300_0,1.6042553191489357
fcc-test_video1,final,100005,result_sim_abr_fcc-test_084_trace_849842_http---www.facebook.com_1280,084_trace_849842_http---www.facebook.com_1280,0.4340425531914893
fcc-test_video1,final,100005,result_sim_abr_fcc-test_085_test_fcc_trace_27175_http---www.amazon.com_840_0,085_test_fcc_trace_27175_http---www.amazon.com_840_0,2.1191489361702125
fcc-test_video1,final,100005,result_sim_abr_fcc-test_086_trace_941778_http---www.youtube.com_320,086_trace_941778_http---www.youtube.com_320,0.4436170212765958
fcc-test_video1,final,100005,result_sim_abr_fcc-test_087_test_fcc_trace_27175_http---www.amazon.com_780_0,087_test_fcc_trace_27175_http---www.amazon.com_780_0,2.3234042553191485
fcc-test_video1,final,100005,result_sim_abr_fcc-test_088_trace_10322_http---edition.cnn.com_960,088_trace_10322_http---edition.cnn.com_960,0.6734042553191489
fcc-test_video1,final,100005,result_sim_abr_fcc-test_089_test_fcc_trace_215364_http---www.ebay.com_60_0,089_test_fcc_trace_215364_http---www.ebay.com_60_0,0.8851063829787232
fcc-test_video1,final,100005,result_sim_abr_fcc-test_090_trace_663494_http---www.facebook.com_640,090_trace_663494_http---www.facebook.com_640,1.3010638297872343
fcc-test_video1,final,100005,result_sim_abr_fcc-test_091_trace_11332_http---www.facebook.com_960,091_trace_11332_http---www.facebook.com_960,0.3574468085106383
fcc-test_video1,final,100005,result_sim_abr_fcc-test_092_test_fcc_trace_216810_http---www.facebook.com_780_0,092_test_fcc_trace_216810_http---www.facebook.com_780_0,1.292553191489362
fcc-test_video1,final,100005,result_sim_abr_fcc-test_093_test_fcc_trace_27175_http---www.amazon.com_720_0,093_test_fcc_trace_27175_http---www.amazon.com_720_0,1.7148936170212759
fcc-test_video1,final,100005,result_sim_abr_fcc-test_094_test_fcc_trace_14731_http---www.facebook.com_1020_0,094_test_fcc_trace_14731_http---www.facebook.com_1020_0,0.4148936170212766
fcc-test_video1,final,100005,result_sim_abr_fcc-test_095_trace_8996_http---www.facebook.com_320,095_trace_8996_http---www.facebook.com_320,0.4637925038653235
fcc-test_video1,final,100005,result_sim_abr_fcc-test_096_trace_925806_http---www.amazon.com_640,096_trace_925806_http---www.amazon.com_640,0.4340425531914893
fcc-test_video1,final,100005,result_sim_abr_fcc-test_097_test_fcc_trace_805712_http---www.facebook.com_1200_0,097_test_fcc_trace_805712_http---www.facebook.com_1200_0,1.119148936170213
fcc-test_video1,final,100005,result_sim_abr_fcc-test_098_trace_939562_http---www.google.com-mobile-_320,098_trace_939562_http---www.google.com-mobile-_320,1.8276595744680846
fcc-test_video1,final,100005,result_sim_abr_fcc-test_099_trace_925800_http---www.ebay.com_320,099_trace_925800_http---www.ebay.com_320,0.6159574468085107
fcc-valid_video1,genet,100001,result_sim_abr_fcc-valid_test_fcc_trace_10652_http---www.amazon.com_0_0,test_fcc_trace_10652_http---www.amazon.com_0_0,2.7797872340425527
fcc-valid_video1,genet,100001,result_sim_abr_fcc-valid_test_fcc_trace_10652_http---www.amazon.com_1020_0,test_fcc_trace_10652_http---www.amazon.com_1020_0,2.953191489361702
fcc-valid_video1,genet,100001,result_sim_abr_fcc-valid_test_fcc_trace_10652_http---www.amazon.com_1080_0,test_fcc_trace_10652_http---www.amazon.com_1080_0,2.4659574468085097
fcc-valid_video1,genet,100001,result_sim_abr_fcc-valid_test_fcc_trace_10652_http---www.amazon.com_1200_0,test_fcc_trace_10652_http---www.amazon.com_1200_0,0.5255319148936171
fcc-valid_video1,genet,100001,result_sim_abr_fcc-valid_test_fcc_trace_10652_http---www.amazon.com_120_0,test_fcc_trace_10652_http---www.amazon.com_120_0,-4.256343855993003
fcc-valid_video1,genet,100001,result_sim_abr_fcc-valid_test_fcc_trace_10652_http---www.amazon.com_1260_0,test_fcc_trace_10652_http---www.amazon.com_1260_0,0.4053191489361702
fcc-valid_video1,genet,100001,result_sim_abr_fcc-valid_test_fcc_trace_10652_http---www.amazon.com_1320_0,test_fcc_trace_10652_http---www.amazon.com_1320_0,0.4148936170212767
fcc-valid_video1,genet,100001,result_sim_abr_fcc-valid_test_fcc_trace_10652_http---www.amazon.com_1380_0,test_fcc_trace_10652_http---www.amazon.com_1380_0,0.43404255319148943
fcc-valid_video1,genet,100001,result_sim_abr_fcc-valid_test_fcc_trace_10652_http---www.amazon.com_240_0,test_fcc_trace_10652_http---www.amazon.com_240_0,-2.3413543509229
fcc-valid_video1,genet,100001,result_sim_abr_fcc-valid_test_fcc_trace_10652_http---www.amazon.com_300_0,test_fcc_trace_10652_http---www.amazon.com_300_0,-3.026393217085267
fcc-valid_video1,genet,100001,result_sim_abr_fcc-valid_test_fcc_trace_10652_http---www.amazon.com_360_0,test_fcc_trace_10652_http---www.amazon.com_360_0,0.39574468085106385
fcc-valid_video1,genet,100001,result_sim_abr_fcc-valid_test_fcc_trace_10652_http---www.amazon.com_540_0,test_fcc_trace_10652_http---www.amazon.com_540_0,-0.06336052280413053
fcc-valid_video1,genet,100001,result_sim_abr_fcc-valid_test_fcc_trace_10652_http---www.amazon.com_720_0,test_fcc_trace_10652_http---www.amazon.com_720_0,2.7053191489361694
fcc-valid_video1,genet,100001,result_sim_abr_fcc-valid_test_fcc_trace_10652_http---www.amazon.com_780_0,test_fcc_trace_10652_http---www.amazon.com_780_0,2.778723404255319
fcc-valid_video1,genet,100001,result_sim_abr_fcc-valid_test_fcc_trace_10652_http---www.amazon.com_840_0,test_fcc_trace_10652_http---www.amazon.com_840_0,2.936170212765957
fcc-valid_video1,genet,100001,result_sim_abr_fcc-valid_test_fcc_trace_10652_http---www.amazon.com_900_0,test_fcc_trace_10652_http---www.amazon.com_900_0,2.9319148936170216
fcc-valid_video1,genet,100001,result_sim_abr_fcc-valid_test_fcc_trace_1171_http---www.yahoo.com_0_0,test_fcc_trace_1171_http---www.yahoo.com_0_0,0.6734042553191488
fcc-valid_video1,genet,100001,result_sim_abr_fcc-valid_test_fcc_trace_1171_http---www.yahoo.com_1020_0,test_fcc_trace_1171_http---www.yahoo.com_1020_0,0.6925531914893617
fcc-valid_video1,genet,100001,result_sim_abr_fcc-valid_test_fcc_trace_1171_http---www.yahoo.com_1080_0,test_fcc_trace_1171_http---www.yahoo.com_1080_0,0.75
fcc-valid_video1,genet,100001,result_sim_abr_fcc-valid_test_fcc_trace_1171_http---www.yahoo.com_1140_0,test_fcc_trace_1171_http---www.yahoo.com_1140_0,0.6297872340425531
fcc-valid_video1,genet,100001,result_sim_abr_fcc-valid_test_fcc_trace_1171_http---www.yahoo.com_1200_0,test_fcc_trace_1171_http---www.yahoo.com_1200_0,0.702127659574468
fcc-valid_video1,genet,100001,result_sim_abr_fcc-valid_test_fcc_trace_1171_http---www.yahoo.com_120_0,test_fcc_trace_1171_http---www.yahoo.com_120_0,0.5872340425531916
fcc-valid_video1,genet,100001,result_sim_abr_fcc-valid_test_fcc_trace_1171_http---www.yahoo.com_1320_0,test_fcc_trace_1171_http---www.yahoo.com_1320_0,0.6829787234042554
fcc-valid_video1,genet,100001,result_sim_abr_fcc-valid_test_fcc_trace_1171_http---www.yahoo.com_1440_0,test_fcc_trace_1171_http---www.yahoo.com_1440_0,0.6542553191489361
fcc-valid_video1,genet,100001,result_sim_abr_fcc-valid_test_fcc_trace_1171_http---www.yahoo.com_180_0,test_fcc_trace_1171_http---www.yahoo.com_180_0,0.6776595744680851
fcc-valid_video1,genet,100001,result_sim_abr_fcc-valid_test_fcc_trace_1171_http---www.yahoo.com_420_0,test_fcc_trace_1171_http---www.yahoo.com_420_0,0.577659574468085
fcc-valid_video1,genet,100001,result_sim_abr_fcc-valid_test_fcc_trace_1171_http---www.yahoo.com_600_0,test_fcc_trace_1171_http---www.yahoo.com_600_0,0.7212765957446808
fcc-valid_video1,genet,100001,result_sim_abr_fcc-valid_test_fcc_trace_1171_http---www.yahoo.com_60_0,test_fcc_trace_1171_http---www.yahoo.com_60_0,0.6351063829787233
fcc-valid_video1,genet,100001,result_sim_abr_fcc-valid_test_fcc_trace_1171_http---www.yahoo.com_660_0,test_fcc_trace_1171_http---www.yahoo.com_660_0,0.6925531914893617
fcc-valid_video1,genet,100001,result_sim_abr_fcc-valid_test_fcc_trace_1171_http---www.yahoo.com_840_0,test_fcc_trace_1171_http---www.yahoo.com_840_0,0.6925531914893617
fcc-valid_video1,genet,100001,result_sim_abr_fcc-valid_test_fcc_trace_14731_http---www.facebook.com_0_0,test_fcc_trace_14731_http---www.facebook.com_0_0,0.30957446808510647
fcc-valid_video1,genet,100001,result_sim_abr_fcc-valid_test_fcc_trace_14731_http---www.facebook.com_1020_0,test_fcc_trace_14731_http---www.facebook.com_1020_0,0.34787234042553195
fcc-valid_video1,genet,100001,result_sim_abr_fcc-valid_test_fcc_trace_14731_http---www.facebook.com_1080_0,test_fcc_trace_14731_http---www.facebook.com_1080_0,0.36702127659574474
fcc-valid_video1,genet,100001,result_sim_abr_fcc-valid_test_fcc_trace_14731_http---www.facebook.com_1140_0,test_fcc_trace_14731_http---www.facebook.com_1140_0,0.347872340425532
fcc-valid_video1,genet,100001,result_sim_abr_fcc-valid_test_fcc_trace_14731_http---www.facebook.com_1320_0,test_fcc_trace_14731_http---www.facebook.com_1320_0,0.3765957446808511
fcc-valid_video1,genet,100001,result_sim_abr_fcc-valid_test_fcc_trace_14731_http---www.facebook.com_1380_0,test_fcc_trace_14731_http---www.facebook.com_1380_0,0.3861702127659574
fcc-valid_video1,genet,100001,result_sim_abr_fcc-valid_test_fcc_trace_14731_http---www.facebook.com_180_0,test_fcc_trace_14731_http---www.facebook.com_180_0,0.3287234042553192
fcc-valid_video1,genet,100001,result_sim_abr_fcc-valid_test_fcc_trace_14731_http---www.facebook.com_240_0,test_fcc_trace_14731_http---www.facebook.com_240_0,0.3382978723404256
fcc-valid_video1,genet,100001,result_sim_abr_fcc-valid_test_fcc_trace_14731_http---www.facebook.com_300_0,test_fcc_trace_14731_http---www.facebook.com_300_0,0.4053191489361703
fcc-valid_video1,genet,100001,result_sim_abr_fcc-valid_test_fcc_trace_14731_http---www.facebook.com_360_0,test_fcc_trace_14731_http---www.facebook.com_360_0,0.3861702127659575
fcc-valid_video1,genet,100001,result_sim_abr_fcc-valid_test_fcc_trace_14731_http---www.facebook.com_420_0,test_fcc_trace_14731_http---www.facebook.com_420_0,0.40531914893617016
fcc-valid_video1,genet,100001,result_sim_abr_fcc-valid_test_fcc_trace_14731_http---www.facebook.com_480_0,test_fcc_trace_14731_http---www.facebook.com_480_0,0.4340425531914893
fcc-valid_video1,genet,100001,result_sim_abr_fcc-valid_test_fcc_trace_14731_http---www.facebook.com_600_0,test_fcc_trace_14731_http---www.facebook.com_600_0,0.4053191489361703
fcc-valid_video1,genet,100001,result_sim_abr_fcc-valid_test_fcc_trace_14731_http---www.facebook.com_660_0,test_fcc_trace_14731_http---www.facebook.com_660_0,0.3382978723404255
fcc-valid_video1,genet,100001,result_sim_abr_fcc-valid_test_fcc_trace_14731_http---www.facebook.com_720_0,test_fcc_trace_14731_http---www.facebook.com_720_0,0.33829787234042563
fcc-valid_video1,genet,100001,result_sim_abr_fcc-valid_test_fcc_trace_14731_http---www.facebook.com_840_0,test_fcc_trace_14731_http---www.facebook.com_840_0,0.3574468085106383
fcc-valid_video1,genet,100001,result_sim_abr_fcc-valid_test_fcc_trace_14731_http---www.facebook.com_900_0,test_fcc_trace_14731_http---www.facebook.com_900_0,0.3670212765957447
fcc-valid_video1,genet,100001,result_sim_abr_fcc-valid_test_fcc_trace_14731_http---www.facebook.com_960_0,test_fcc_trace_14731_http---www.facebook.com_960_0,0.34787234042553195
fcc-valid_video1,genet,100001,result_sim_abr_fcc-valid_test_fcc_trace_215364_http---www.ebay.com_0_0,test_fcc_trace_215364_http---www.ebay.com_0_0,0.8265957446808514
fcc-valid_video1,genet,100001,result_sim_abr_fcc-valid_test_fcc_trace_215364_http---www.ebay.com_1020_0,test_fcc_trace_215364_http---www.ebay.com_1020_0,0.8202127659574469
fcc-valid_video1,genet,100001,result_sim_abr_fcc-valid_test_fcc_trace_215364_http---www.ebay.com_1140_0,test_fcc_trace_215364_http---www.ebay.com_1140_0,0.7404255319148936
fcc-valid_video1,genet,100001,result_sim_abr_fcc-valid_test_fcc_trace_215364_http---www.ebay.com_1200_0,test_fcc_trace_215364_http---www.ebay.com_1200_0,0.6765957446808512
fcc-valid_video1,genet,100001,result_sim_abr_fcc-valid_test_fcc_trace_215364_http---www.ebay.com_1260_0,test_fcc_trace_215364_http---www.ebay.com_1260_0,0.7404255319148937
fcc-valid_video1,genet,100001,result_sim_abr_fcc-valid_test_fcc_trace_215364_http---www.ebay.com_1320_0,test_fcc_trace_215364_http---www.ebay.com_1320_0,0.6351063829787235
fcc-valid_video1,genet,100001,result_sim_abr_fcc-valid_test_fcc_trace_215364_http---www.ebay.com_1380_0,test_fcc_trace_215364_http---www.ebay.com_1380_0,0.7595744680851064
fcc-valid_video1,genet,100001,result_sim_abr_fcc-valid_test_fcc_trace_215364_http---www.ebay.com_1440_0,test_fcc_trace_215364_http---www.ebay.com_1440_0,0.6691489361702129
fcc-valid_video1,genet,100001,result_sim_abr_fcc-valid_test_fcc_trace_215364_http---www.ebay.com_1500_0,test_fcc_trace_215364_http---www.ebay.com_1500_0,0.6829787234042554
fcc-valid_video1,genet,100001,result_sim_abr_fcc-valid_test_fcc_trace_215364_http---www.ebay.com_180_0,test_fcc_trace_215364_http---www.ebay.com_180_0,0.817021276595745
fcc-valid_video1,genet,100001,result_sim_abr_fcc-valid_test_fcc_trace_215364_http---www.ebay.com_300_0,test_fcc_trace_215364_http---www.ebay.com_300_0,0.6978723404255318
fcc-valid_video1,genet,100001,result_sim_abr_fcc-valid_test_fcc_trace_215364_http---www.ebay.com_360_0,test_fcc_trace_215364_http---www.ebay.com_360_0,0.5861702127659575
fcc-valid_video1,genet,100001,result_sim_abr_fcc-valid_test_fcc_trace_215364_http---www.ebay.com_420_0,test_fcc_trace_215364_http---www.ebay.com_420_0,0.625531914893617
fcc-valid_video1,genet,100001,result_sim_abr_fcc-valid_test_fcc_trace_215364_http---www.ebay.com_480_0,test_fcc_trace_215364_http---www.ebay.com_480_0,0.7308510638297873
fcc-valid_video1,genet,100001,result_sim_abr_fcc-valid_test_fcc_trace_215364_http---www.ebay.com_540_0,test_fcc_trace_215364_http---www.ebay.com_540_0,0.5585106382978723
fcc-valid_video1,genet,100001,result_sim_abr_fcc-valid_test_fcc_trace_215364_http---www.ebay.com_600_0,test_fcc_trace_215364_http---www.ebay.com_600_0,0.7882978723404256
fcc-valid_video1,genet,100001,result_sim_abr_fcc-valid_test_fcc_trace_215364_http---www.ebay.com_60_0,test_fcc_trace_215364_http---www.ebay.com_60_0,0.8191489361702131
fcc-valid_video1,genet,100001,result_sim_abr_fcc-valid_test_fcc_trace_215364_http---www.ebay.com_660_0,test_fcc_trace_215364_http---www.ebay.com_660_0,0.7882978723404256
fcc-valid_video1,genet,100001,result_sim_abr_fcc-valid_test_fcc_trace_215364_http---www.ebay.com_780_0,test_fcc_trace_215364_http---www.ebay.com_780_0,0.8457446808510641
fcc-valid_video1,genet,100001,result_sim_abr_fcc-valid_test_fcc_trace_215364_http---www.ebay.com_840_0,test_fcc_trace_215364_http---www.ebay.com_840_0,0.7297872340425531
fcc-valid_video1,genet,100001,result_sim_abr_fcc-valid_test_fcc_trace_215364_http---www.ebay.com_900_0,test_fcc_trace_215364_http---www.ebay.com_900_0,0.6861702127659575
fcc-valid_video1,genet,100001,result_sim_abr_fcc-valid_test_fcc_trace_216810_http---www.facebook.com_0_0,test_fcc_trace_216810_http---www.facebook.com_0_0,1.723404255319148
fcc-valid_video1,genet,100001,result_sim_abr_fcc-valid_test_fcc_trace_216810_http---www.facebook.com_1140_0,test_fcc_trace_216810_http---www.facebook.com_1140_0,0.9202127659574472
fcc-valid_video1,genet,100001,result_sim_abr_fcc-valid_test_fcc_trace_216810_http---www.facebook.com_120_0,test_fcc_trace_216810_http---www.facebook.com_120_0,1.2521276595744684
fcc-valid_video1,genet,100001,result_sim_abr_fcc-valid_test_fcc_trace_216810_http---www.facebook.com_1320_0,test_fcc_trace_216810_http---www.facebook.com_1320_0,1.6287234042553185
fcc-valid_video1,genet,100001,result_sim_abr_fcc-valid_test_fcc_trace_216810_http---www.facebook.com_1440_0,test_fcc_trace_216810_http---www.facebook.com_1440_0,1.9117021276595738
fcc-valid_video1,genet,100001,result_sim_abr_fcc-valid_test_fcc_trace_216810_http---www.facebook.com_180_0,test_fcc_trace_216810_http---www.facebook.com_180_0,1.6
fcc-valid_video1,genet,100001,result_sim_abr_fcc-valid_test_fcc_trace_216810_http---www.facebook.com_240_0,test_fcc_trace_216810_http---www.facebook.com_240_0,1.095645445252805
fcc-valid_video1,genet,100001,result_sim_abr_fcc-valid_test_fcc_trace_216810_http---www.facebook.com_300_0,test_fcc_trace_216810_http---www.facebook.com_300_0,1.2510638297872343
fcc-valid_video1,genet,100001,result_sim_abr_fcc-valid_test_fcc_trace_216810_http---www.facebook.com_360_0,test_fcc_trace_216810_http---www.facebook.com_360_0,1.1351063829787236
fcc-valid_video1,genet,100001,result_sim_abr_fcc-valid_test_fcc_trace_216810_http---www.facebook.com_420_0,test_fcc_trace_216810_http---www.facebook.com_420_0,1.646808510638297
fcc-valid_video1,genet,100001,result_sim_abr_fcc-valid_test_fcc_trace_216810_http---www.facebook.com_480_0,test_fcc_trace_216810_http---www.facebook.com_480_0,1.341489361702128
fcc-valid_video1,genet,100001,result_sim_abr_fcc-valid_test_fcc_trace_216810_http---www.facebook.com_540_0,test_fcc_trace_216810_http---www.facebook.com_540_0,1.2054552580678028
fcc-valid_video1,genet,100001,result_sim_abr_fcc-valid_test_fcc_trace_216810_http---www.facebook.com_600_0,test_fcc_trace_216810_http---www.facebook.com_600_0,1.396808510638298
fcc-valid_video1,genet,100001,result_sim_abr_fcc-valid_test_fcc_trace_216810_http---www.facebook.com_60_0,test_fcc_trace_216810_http---www.facebook.com_60_0,1.4212765957446807
fcc-valid_video1,genet,100001,result_sim_abr_fcc-valid_test_fcc_trace_216810_http---www.facebook.com_660_0,test_fcc_trace_216810_http---www.facebook.com_660_0,1.446808510638298
fcc-valid_video1,genet,100001,result_sim_abr_fcc-valid_test_fcc_trace_216810_http---www.facebook.com_720_0,test_fcc_trace_216810_http---www.facebook.com_720_0,1.2553191489361701
fcc-valid_video1,genet,100001,result_sim_abr_fcc-valid_test_fcc_trace_216810_http---www.facebook.com_780_0,test_fcc_trace_216810_http---www.facebook.com_780_0,0.92409599861755
fcc-valid_video1,genet,100001,result_sim_abr_fcc-valid_test_fcc_trace_216810_http---www.facebook.com_840_0,test_fcc_trace_216810_http---www.facebook.com_840_0,1.191489361702128
fcc-valid_video1,genet,100001,result_sim_abr_fcc-valid_test_fcc_trace_216810_http---www.facebook.com_900_0,test_fcc_trace_216810_http---www.facebook.com_900_0,1.4308510638297873
fcc-valid_video1,genet,100001,result_sim_abr_fcc-valid_test_fcc_trace_216810_http---www.facebook.com_960_0,test_fcc_trace_216810_http---www.facebook.com_960_0,0.6814372009574672
fcc-valid_video1,genet,100001,result_sim_abr_fcc-valid_test_fcc_trace_27175_http---www.amazon.com_0_0,test_fcc_trace_27175_http---www.amazon.com_0_0,-1.5989232695060895
fcc-valid_video1,genet,100001,result_sim_abr_fcc-valid_test_fcc_trace_27175_http---www.amazon.com_1020_0,test_fcc_trace_27175_http---www.amazon.com_1020_0,2.4370081085428157
fcc-valid_video1,genet,100001,result_sim_abr_fcc-valid_test_fcc_trace_27175_http---www.amazon.com_1140_0,test_fcc_trace_27175_http---www.amazon.com_1140_0,0.5872340425531914
fcc-valid_video1,genet,100001,result_sim_abr_fcc-valid_test_fcc_trace_27175_http---www.amazon.com_1200_0,test_fcc_trace_27175_http---www.amazon.com_1200_0,1.0016950842674581
fcc-valid_video1,genet,100001,result_sim_abr_fcc-valid_test_fcc_trace_27175_http---www.amazon.com_120_0,test_fcc_trace_27175_http---www.amazon.com_120_0,2.786170212765957
fcc-valid_video1,genet,100001,result_sim_abr_fcc-valid_test_fcc_trace_27175_http---www.amazon.com_1320_0,test_fcc_trace_27175_http---www.amazon.com_1320_0,0.5776595744680851
fcc-valid_video1,genet,100001,result_sim_abr_fcc-valid_test_fcc_trace_27175_http---www.amazon.com_1380_0,test_fcc_trace_27175_http---www.amazon.com_1380_0,0.5968085106382979
fcc-valid_video1,genet,100001,result_sim_abr_fcc-valid_test_fcc_trace_27175_http---www.amazon.com_1500_0,test_fcc_trace_27175_http---www.amazon.com_1500_0,-0.13565274297341973
fcc-valid_video1,genet,100001,result_sim_abr_fcc-valid_test_fcc_trace_27175_http---www.amazon.com_180_0,test_fcc_trace_27175_http---www.amazon.com_180_0,-0.34689506383034935
fcc-valid_video1,genet,100001,result_sim_abr_fcc-valid_test_fcc_trace_27175_http---www.amazon.com_240_0,test_fcc_trace_27175_http---www.amazon.com_240_0,1.4936170212765956
fcc-valid_video1,genet,100001,result_sim_abr_fcc-valid_test_fcc_trace_27175_http---www.amazon.com_300_0,test_fcc_trace_27175_http---www.amazon.com_300_0,0.5393617021276597
fcc-valid_video1,genet,100002,result_sim_abr_fcc-valid_test_fcc_trace_10652_http---www.amazon.com_0_0,test_fcc_trace_10652_http---www.amazon.com_0_0,2.737234042553191
fcc-valid_video1,genet,100002,result_sim_abr_fcc-valid_test_fcc_trace_10652_http---www.amazon.com_1020_0,test_fcc_trace_10652_http---www.amazon.com_1020_0,2.6085106382978718
fcc-valid_video1,genet,100002,result_sim_abr_fcc-valid_test_fcc_trace_10652_http---www.amazon.com_1080_0,test_fcc_trace_10652_http---www.amazon.com_1080_0,2.6595744680851063
fcc-valid_video1,genet,100002,result_sim_abr_fcc-valid_test_fcc_trace_10652_http---www.amazon.com_1200_0,test_fcc_trace_10652_http---www.amazon.com_1200_0,0.48617021276595745
fcc-valid_video1,genet,100002,result_sim_abr_fcc-valid_test_fcc_trace_10652_http---www.amazon.com_120_0,test_fcc_trace_10652_http---www.amazon.com_120_0,-1.3607666068406117
fcc-valid_video1,genet,100002,result_sim_abr_fcc-valid_test_fcc_trace_10652_http---www.amazon.com_1260_0,test_fcc_trace_10652_http---www.amazon.com_1260_0,0.34787234042553195
fcc-valid_video1,genet,100002,result_sim_abr_fcc-valid_test_fcc_trace_10652_http---www.amazon.com_1320_0,test_fcc_trace_10652_http---www.amazon.com_1320_0,0.4053191489361703
fcc-valid_video1,genet,100002,result_sim_abr_fcc-valid_test_fcc_trace_10652_http---www.amazon.com_1380_0,test_fcc_trace_10652_http---www.amazon.com_1380_0,0.4148936170212767
fcc-valid_video1,genet,100002,result_sim_abr_fcc-valid_test_fcc_trace_10652_http---www.amazon.com_240_0,test_fcc_trace_10652_http---www.amazon.com_240_0,-6.6161412196338425
fcc-valid_video1,genet,100002,result_sim_abr_fcc-valid_test_fcc_trace_10652_http---www.amazon.com_300_0,test_fcc_trace_10652_http---www.amazon.com_300_0,-2.5242232176185135
fcc-valid_video1,genet,100002,result_sim_abr_fcc-valid_test_fcc_trace_10652_http---www.amazon.com_360_0,test_fcc_trace_10652_http---www.amazon.com_360_0,0.3861702127659575
fcc-valid_video1,genet,100002,result_sim_abr_fcc-valid_test_fcc_trace_10652_http---www.amazon.com_540_0,test_fcc_trace_10652_http---www.amazon.com_540_0,-5.409734298555631
fcc-valid_video1,genet,100002,result_sim_abr_fcc-valid_test_fcc_trace_10652_http---www.amazon.com_720_0,test_fcc_trace_10652_http---www.amazon.com_720_0,2.923404255319149
fcc-valid_video1,genet,100002,result_sim_abr_fcc-valid_test_fcc_trace_10652_http---www.amazon.com_780_0,test_fcc_trace_10652_http---www.amazon.com_780_0,2.574468085106382
fcc-valid_video1,genet,100002,result_sim_abr_fcc-valid_test_fcc_trace_10652_http---www.amazon.com_840_0,test_fcc_trace_10652_http---www.amazon.com_840_0,2.768085106382978
fcc-valid_video1,genet,100002,result_sim_abr_fcc-valid_test_fcc_trace_10652_http---www.amazon.com_900_0,test_fcc_trace_10652_http---www.amazon.com_900_0,2.6787234042553187
fcc-valid_video1,genet,100002,result_sim_abr_fcc-valid_test_fcc_trace_1171_http---www.yahoo.com_0_0,test_fcc_trace_1171_http---www.yahoo.com_0_0,0.625531914893617
fcc-valid_video1,genet,100002,result_sim_abr_fcc-valid_test_fcc_trace_1171_http---www.yahoo.com_1020_0,test_fcc_trace_1171_http---www.yahoo.com_1020_0,0.6446808510638298
fcc-valid_video1,genet,100002,result_sim_abr_fcc-valid_test_fcc_trace_1171_http---www.yahoo.com_1080_0,test_fcc_trace_1171_http---www.yahoo.com_1080_0,0.7670212765957446
fcc-valid_video1,genet,100002,result_sim_abr_fcc-valid_test_fcc_trace_1171_http---www.yahoo.com_1140_0,test_fcc_trace_1171_http---www.yahoo.com_1140_0,0.6446808510638298
fcc-valid_video1,genet,100002,result_sim_abr_fcc-valid_test_fcc_trace_1171_http---www.yahoo.com_1200_0,test_fcc_trace_1171_http---www.yahoo.com_1200_0,0.6446808510638298
fcc-valid_video1,genet,100002,result_sim_abr_fcc-valid_test_fcc_trace_1171_http---www.yahoo.com_120_0,test_fcc_trace_1171_http---www.yahoo.com_120_0,0.6542553191489362
fcc-valid_video1,genet,100002,result_sim_abr_fcc-valid_test_fcc_trace_1171_http---www.yahoo.com_1320_0,test_fcc_trace_1171_http---www.yahoo.com_1320_0,0.7021276595744681
fcc-valid_video1,genet,100002,result_sim_abr_fcc-valid_test_fcc_trace_1171_http---www.yahoo.com_1440_0,test_fcc_trace_1171_http---www.yahoo.com_1440_0,0.577659574468085
fcc-valid_video1,genet,100002,result_sim_abr_fcc-valid_test_fcc_trace_1171_http---www.yahoo.com_180_0,test_fcc_trace_1171_http---www.yahoo.com_180_0,0.7212765957446808
fcc-valid_video1,genet,100002,result_sim_abr_fcc-valid_test_fcc_trace_1171_http---www.yahoo.com_420_0,test_fcc_trace_1171_http---www.yahoo.com_420_0,0.5585106382978724
fcc-valid_video1,genet,100002,result_sim_abr_fcc-valid_test_fcc_trace_1171_http---www.yahoo.com_600_0,test_fcc_trace_1171_http---www.yahoo.com_600_0,0.7117021276595745
fcc-valid_video1,genet,100002,result_sim_abr_fcc-valid_test_fcc_trace_1171_http---www.yahoo.com_60_0,test_fcc_trace_1171_http---www.yahoo.com_60_0,0.577659574468085
fcc-valid_video1,genet,100002,result_sim_abr_fcc-valid_test_fcc_trace_1171_http---www.yahoo.com_660_0,test_fcc_trace_1171_http---www.yahoo.com_660_0,0.6446808510638297
fcc-valid_video1,genet,100002,result_sim_abr_fcc-valid_test_fcc_trace_1171_http---www.yahoo.com_840_0,test_fcc_trace_1171_http---www.yahoo.com_840_0,0.6638297872340426
fcc-valid_video1,genet,100002,result_sim_abr_fcc-valid_test_fcc_trace_14731_http---www.facebook.com_0_0,test_fcc_trace_14731_http---www.facebook.com_0_0,0.29042553191489373
fcc-valid_video1,genet,100002,result_sim_abr_fcc-valid_test_fcc_trace_14731_http---www.facebook.com_1020_0,test_fcc_trace_14731_http---www.facebook.com_1020_0,0.34787234042553195
fcc-valid_video1,genet,100002,result_sim_abr_fcc-valid_test_fcc_trace_14731_http---www.facebook.com_1080_0,test_fcc_trace_14731_http---www.facebook.com_1080_0,0.3861702127659576
fcc-valid_video1,genet,100002,result_sim_abr_fcc-valid_test_fcc_trace_14731_http---www.facebook.com_1140_0,test_fcc_trace_14731_http---www.facebook.com_1140_0,0.3765957446808511
fcc-valid_video1,genet,100002,result_sim_abr_fcc-valid_test_fcc_trace_14731_http---www.facebook.com_1320_0,test_fcc_trace_14731_http---www.facebook.com_1320_0,0.4053191489361703
fcc-valid_video1,genet,100002,result_sim_abr_fcc-valid_test_fcc_trace_14731_http---www.facebook.com_1380_0,test_fcc_trace_14731_http---www.facebook.com_1380_0,0.3765957446808511
fcc-valid_video1,genet,100002,result_sim_abr_fcc-valid_test_fcc_trace_14731_http---www.facebook.com_180_0,test_fcc_trace_14731_http---www.facebook.com_180_0,0.34787234042553195
fcc-valid_video1,genet,100002,result_sim_abr_fcc-valid_test_fcc_trace_14731_http---www.facebook.com_240_0,test_fcc_trace_14731_http---www.facebook.com_240_0,0.34787234042553195
fcc-valid_video1,genet,100002,result_sim_abr_fcc-valid_test_fcc_trace_14731_http---www.facebook.com_300_0,test_fcc_trace_14731_http---www.facebook.com_300_0,0.3765957446808511
fcc-valid_video1,genet,100002,result_sim_abr_fcc-valid_test_fcc_trace_14731_http---www.facebook.com_360_0,test_fcc_trace_14731_http---www.facebook.com_360_0,0.3574468085106383
fcc-valid_video1,genet,100002,result_sim_abr_fcc-valid_test_fcc_trace_14731_http---www.facebook.com_420_0,test_fcc_trace_14731_http---www.facebook.com_420_0,0.32872340425531926
fcc-valid_video1,genet,100002,result_sim_abr_fcc-valid_test_fcc_trace_14731_http---www.facebook.com_480_0,test_fcc_trace_14731_http---www.facebook.com_480_0,0.4148936170212766
fcc-valid_video1,genet,100002,result_sim_abr_fcc-valid_test_fcc_trace_14731_http---www.facebook.com_600_0,test_fcc_trace_14731_http---www.facebook.com_600_0,0.4053191489361703
fcc-valid_video1,genet,100002,result_sim_abr_fcc-valid_test_fcc_trace_14731_http---www.facebook.com_660_0,test_fcc_trace_14731_http---www.facebook.com_660_0,0.3861702127659574
fcc-valid_video1,genet,100002,result_sim_abr_fcc-valid_test_fcc_trace_14731_http---www.facebook.com_720_0,test_fcc_trace_14731_http---www.facebook.com_720_0,0.3574468085106383
fcc-valid_video1,genet,100002,result_sim_abr_fcc-valid_test_fcc_trace_14731_http---www.facebook.com_840_0,test_fcc_trace_14731_http---www.facebook.com_840_0,0.347872340425532
fcc-valid_video1,genet,100002,result_sim_abr_fcc-valid_test_fcc_trace_14731_http---www.facebook.com_900_0,test_fcc_trace_14731_http---www.facebook.com_900_0,0.3191489361702128
fcc-valid_video1,genet,100002,result_sim_abr_fcc-valid_test_fcc_trace_14731_http---www.facebook.com_960_0,test_fcc_trace_14731_http---www.facebook.com_960_0,0.3670212765957447
fcc-valid_video1,genet,100002,result_sim_abr_fcc-valid_test_fcc_trace_215364_http---www.ebay.com_0_0,test_fcc_trace_215364_http---www.ebay.com_0_0,0.8457446808510642
fcc-valid_video1,genet,100002,result_sim_abr_fcc-valid_test_fcc_trace_215364_http---www.ebay.com_1020_0,test_fcc_trace_215364_http---www.ebay.com_1020_0,0.7840425531914894
fcc-valid_video1,genet,100002,result_sim_abr_fcc-valid_test_fcc_trace_215364_http---www.ebay.com_1140_0,test_fcc_trace_215364_http---www.ebay.com_1140_0,0.8361702127659577
fcc-valid_video1,genet,100002,result_sim_abr_fcc-valid_test_fcc_trace_215364_http---www.ebay.com_1200_0,test_fcc_trace_215364_http---www.ebay.com_1200_0,0.7308510638297873
fcc-valid_video1,genet,100002,result_sim_abr_fcc-valid_test_fcc_trace_215364_http---www.ebay.com_1260_0,test_fcc_trace_215364_http---www.ebay.com_1260_0,0.7691489361702128
fcc-valid_video1,genet,100002,result_sim_abr_fcc-valid_test_fcc_trace_215364_http---www.ebay.com_1320_0,test_fcc_trace_215364_http---www.ebay.com_1320_0,0.6829787234042553
fcc-valid_video1,genet,100002,result_sim_abr_fcc-valid_test_fcc_trace_215364_http---www.ebay.com_1380_0,test_fcc_trace_215364_http---www.ebay.com_1380_0,0.7021276595744681
fcc-valid_video1,genet,100002,result_sim_abr_fcc-valid_test_fcc_trace_215364_http---www.ebay.com_1440_0,test_fcc_trace_215364_http---www.ebay.com_1440_0,0.7436170212765958
fcc-valid_video1,genet,100002,result_sim_abr_fcc-valid_test_fcc_trace_215364_http---www.ebay.com_1500_0,test_fcc_trace_215364_http---www.ebay.com_1500_0,0.7691489361702128
fcc-valid_video1,genet,100002,result_sim_abr_fcc-valid_test_fcc_trace_215364_http---www.ebay.com_180_0,test_fcc_trace_215364_http---www.ebay.com_180_0,0.8074468085106385
fcc-valid_video1,genet,100002,result_sim_abr_fcc-valid_test_fcc_trace_215364_http---www.ebay.com_300_0,test_fcc_trace_215364_http---www.ebay.com_300_0,0.5723404255319149
fcc-valid_video1,genet,100002,result_sim_abr_fcc-valid_test_fcc_trace_215364_http---www.ebay.com_360_0,test_fcc_trace_215364_http---www.ebay.com_360_0,0.7308510638297872
fcc-valid_video1,genet,100002,result_sim_abr_fcc-valid_test_fcc_trace_215364_http---www.ebay.com_420_0,test_fcc_trace_215364_http---www.ebay.com_420_0,0.7904255319148937
fcc-valid_video1,genet,100002,result_sim_abr_fcc-valid_test_fcc_trace_215364_http---www.ebay.com_480_0,test_fcc_trace_215364_http---www.ebay.com_480_0,0.654255319148936
fcc-valid_video1,genet,100002,result_sim_abr_fcc-valid_test_fcc_trace_215364_http---www.ebay.com_540_0,test_fcc_trace_215364_http---www.ebay.com_540_0,0.6925531914893617
fcc-valid_video1,genet,100002,result_sim_abr_fcc-valid_test_fcc_trace_215364_http---www.ebay.com_600_0,test_fcc_trace_215364_http---www.ebay.com_600_0,0.7446808510638296
fcc-valid_video1,genet,100002,result_sim_abr_fcc-valid_test_fcc_trace_215364_http---www.ebay.com_60_0,test_fcc_trace_215364_http---www.ebay.com_60_0,0.8351063829787234
fcc-valid_video1,genet,100002,result_sim_abr_fcc-valid_test_fcc_trace_215364_http---www.ebay.com_660_0,test_fcc_trace_215364_http---www.ebay.com_660_0,0.7861702127659576
fcc-valid_video1,genet,100002,result_sim_abr_fcc-valid_test_fcc_trace_215364_http---www.ebay.com_780_0,test_fcc_trace_215364_http---www.ebay.com_780_0,0.8127659574468086
fcc-valid_video1,genet,100002,result_sim_abr_fcc-valid_test_fcc_trace_215364_http---www.ebay.com_840_0,test_fcc_trace_215364_http---www.ebay.com_840_0,0.702127659574468
fcc-valid_video1,genet,100002,result_sim_abr_fcc-valid_test_fcc_trace_215364_http---www.ebay.com_900_0,test_fcc_trace_215364_http---www.ebay.com_900_0,0.7212765957446808
fcc-valid_video1,genet,100002,result_sim_abr_fcc-valid_test_fcc_trace_216810_http---www.facebook.com_0_0,test_fcc_trace_216810_http---www.facebook.com_0_0,1.6191489361702123
fcc-valid_video1,genet,100002,result_sim_abr_fcc-valid_test_fcc_trace_216810_http---www.facebook.com_1140_0,test_fcc_trace_216810_http---www.facebook.com_1140_0,0.8106382978723402
fcc-valid_video1,genet,100002,result_sim_abr_fcc-valid_test_fcc_trace_216810_http---www.facebook.com_120_0,test_fcc_trace_216810_http---www.facebook.com_120_0,1.2287234042553197
fcc-valid_video1,genet,100002,result_sim_abr_fcc-valid_test_fcc_trace_216810_http---www.facebook.com_1320_0,test_fcc_trace_216810_http---www.facebook.com_1320_0,1.7925531914893609
fcc-valid_video1,genet,100002,result_sim_abr_fcc-valid_test_fcc_trace_216810_http---www.facebook.com_1440_0,test_fcc_trace_216810_http---www.facebook.com_1440_0,1.7595744680851058
fcc-valid_video1,genet,100002,result_sim_abr_fcc-valid_test_fcc_trace_216810_http---www.facebook.com_180_0,test_fcc_trace_216810_http---www.facebook.com_180_0,1.5148936170212766
fcc-valid_video1,genet,100002,result_sim_abr_fcc-valid_test_fcc_trace_216810_http---www.facebook.com_240_0,test_fcc_trace_216810_http---www.facebook.com_240_0,1.037974333236788
fcc-valid_video1,genet,100002,result_sim_abr_fcc-valid_test_fcc_trace_216810_http---www.facebook.com_300_0,test_fcc_trace_216810_http---www.facebook.com_300_0,1.2234042553191489
fcc-valid_video1,genet,100002,result_sim_abr_fcc-valid_test_fcc_trace_216810_http---www.facebook.com_360_0,test_fcc_trace_216810_http---www.facebook.com_360_0,1.3191489361702131
fcc-valid_video1,genet,100002,result_sim_abr_fcc-valid_test_fcc_trace_216810_http---www.facebook.com_420_0,test_fcc_trace_216810_http---www.facebook.com_420_0,1.612765957446808
fcc-valid_video1,genet,100002,result_sim_abr_fcc-valid_test_fcc_trace_216810_http---www.facebook.com_480_0,test_fcc_trace_216810_http---www.facebook.com_480_0,1.2744680851063832
fcc-valid_video1,genet,100002,result_sim_abr_fcc-valid_test_fcc_trace_216810_http---www.facebook.com_540_0,test_fcc_trace_216810_http---www.facebook.com_540_0,1.0661029647990516
fcc-valid_video1,genet,100002,result_sim_abr_fcc-valid_test_fcc_trace_216810_http---www.facebook.com_600_0,test_fcc_trace_216810_http---www.facebook.com_600_0,1.3904255319148937
fcc-valid_video1,genet,100002,result_sim_abr_fcc-valid_test_fcc_trace_216810_http---www.facebook.com_60_0,test_fcc_trace_216810_http---www.facebook.com_60_0,1.217021276595745
fcc-valid_video1,genet,100002,result_sim_abr_fcc-valid_test_fcc_trace_216810_http---www.facebook.com_660_0,test_fcc_trace_216810_http---www.facebook.com_660_0,1.4776595744680852
fcc-valid_video1,genet,100002,result_sim_abr_fcc-valid_test_fcc_trace_216810_http---www.facebook.com_720_0,test_fcc_trace_216810_http---www.facebook.com_720_0,1.2776595744680852
fcc-valid_video1,genet,100002,result_sim_abr_fcc-valid_test_fcc_trace_216810_http---www.facebook.com_780_0,test_fcc_trace_216810_http---www.facebook.com_780_0,1.4978723404255316
fcc-valid_video1,genet,100002,result_sim_abr_fcc-valid_test_fcc_trace_216810_http---www.facebook.com_840_0,test_fcc_trace_216810_http---www.facebook.com_840_0,1.168085106382979
fcc-valid_video1,genet,100002,result_sim_abr_fcc-valid_test_fcc_trace_216810_http---www.facebook.com_900_0,test_fcc_trace_216810_http---www.facebook.com_900_0,1.291489361702128
fcc-valid_video1,genet,100002,result_sim_abr_fcc-valid_test_fcc_trace_216810_http---www.facebook.com_960_0,test_fcc_trace_216810_http---www.facebook.com_960_0,1.638297872340425
fcc-valid_video1,genet,100002,result_sim_abr_fcc-valid_test_fcc_trace_27175_http---www.amazon.com_0_0,test_fcc_trace_27175_http---www.amazon.com_0_0,-2.605116639622743
fcc-valid_video1,genet,100002,result_sim_abr_fcc-valid_test_fcc_trace_27175_http---www.amazon.com_1020_0,test_fcc_trace_27175_http---www.amazon.com_1020_0,2.3308510638297864
fcc-valid_video1,genet,100002,result_sim_abr_fcc-valid_test_fcc_trace_27175_http---www.amazon.com_1140_0,test_fcc_trace_27175_http---www.amazon.com_1140_0,0.6063829787234043
fcc-valid_video1,genet,100002,result_sim_abr_fcc-valid_test_fcc_trace_27175_http---www.amazon.com_1200_0,test_fcc_trace_27175_http---www.amazon.com_1200_0,1.2712765957446808
fcc-valid_video1,genet,100002,result_sim_abr_fcc-valid_test_fcc_trace_27175_http---www.amazon.com_120_0,test_fcc_trace_27175_http---www.amazon.com_120_0,2.9776595744680847
fcc-valid_video1,genet,100002,result_sim_abr_fcc-valid_test_fcc_trace_27175_http---www.amazon.com_1320_0,test_fcc_trace_27175_http---www.amazon.com_1320_0,0.5202127659574469
fcc-valid_video1,genet,100002,result_sim_abr_fcc-valid_test_fcc_trace_27175_http---www.amazon.com_1380_0,test_fcc_trace_27175_http---www.amazon.com_1380_0,0.6351063829787233
fcc-valid_video1,genet,100002,result_sim_abr_fcc-valid_test_fcc_trace_27175_http---www.amazon.com_1500_0,test_fcc_trace_27175_http---www.amazon.com_1500_0,-2.403980094165357
fcc-valid_video1,genet,100002,result_sim_abr_fcc-valid_test_fcc_trace_27175_http---www.amazon.com_180_0,test_fcc_trace_27175_http---www.amazon.com_180_0,0.6890836008474888
fcc-valid_video1,genet,100002,result_sim_abr_fcc-valid_test_fcc_trace_27175_http---www.amazon.com_240_0,test_fcc_trace_27175_http---www.amazon.com_240_0,1.4755319148936168
fcc-valid_video1,genet,100002,result_sim_abr_fcc-valid_test_fcc_trace_27175_http---www.amazon.com_300_0,test_fcc_trace_27175_http---www.amazon.com_300_0,0.6351063829787232
fcc-valid_video1,genet,100003,result_sim_abr_fcc-valid_test_fcc_trace_10652_http---www.amazon.com_0_0,test_fcc_trace_10652_http---www.amazon.com_0_0,2.436568852101486
fcc-valid_video1,genet,100003,result_sim_abr_fcc-valid_test_fcc_trace_10652_http---www.amazon.com_1020_0,test_fcc_trace_10652_http---www.amazon.com_1020_0,2.5703129010146686
fcc-valid_video1,genet,100003,result_sim_abr_fcc-valid_test_fcc_trace_10652_http---www.amazon.com_1080_0,test_fcc_trace_10652_http---www.amazon.com_1080_0,2.5478723404255312
fcc-valid_video1,genet,100003,result_sim_abr_fcc-valid_test_fcc_trace_10652_http---www.amazon.com_1200_0,test_fcc_trace_10652_http---www.amazon.com_1200_0,0.5946808510638298
fcc-valid_video1,genet,100003,result_sim_abr_fcc-valid_test_fcc_trace_10652_http---www.amazon.com_120_0,test_fcc_trace_10652_http---www.amazon.com_120_0,-3.887741597508799
fcc-valid_video1,genet,100003,result_sim_abr_fcc-valid_test_fcc_trace_10652_http---www.amazon.com_1260_0,test_fcc_trace_10652_http---www.amazon.com_1260_0,0.39574468085106385
fcc-valid_video1,genet,100003,result_sim_abr_fcc-valid_test_fcc_trace_10652_http---www.amazon.com_1320_0,test_fcc_trace_10652_http---www.amazon.com_1320_0,0.32872340425531926
fcc-valid_video1,genet,100003,result_sim_abr_fcc-valid_test_fcc_trace_10652_http---www.amazon.com_1380_0,test_fcc_trace_10652_http---www.amazon.com_1380_0,0.39574468085106385
fcc-valid_video1,genet,100003,result_sim_abr_fcc-valid_test_fcc_trace_10652_http---www.amazon.com_240_0,test_fcc_trace_10652_http---www.amazon.com_240_0,-2.652113962718349
fcc-valid_video1,genet,100003,result_sim_abr_fcc-valid_test_fcc_trace_10652_http---www.amazon.com_300_0,test_fcc_trace_10652_http---www.amazon.com_300_0,-2.1257797685703608
fcc-valid_video1,genet,100003,result_sim_abr_fcc-valid_test_fcc_trace_10652_http---www.amazon.com_360_0,test_fcc_trace_10652_http---www.amazon.com_360_0,0.3765957446808511
fcc-valid_video1,genet,100003,result_sim_abr_fcc-valid_test_fcc_trace_10652_http---www.amazon.com_540_0,test_fcc_trace_10652_http---www.amazon.com_540_0,-0.021555771860612517
fcc-valid_video1,genet,100003,result_sim_abr_fcc-valid_test_fcc_trace_10652_http---www.amazon.com_720_0,test_fcc_trace_10652_http---www.amazon.com_720_0,2.7212765957446803
fcc-valid_video1,genet,100003,result_sim_abr_fcc-valid_test_fcc_trace_10652_http---www.amazon.com_780_0,test_fcc_trace_10652_http---www.amazon.com_780_0,2.7074468085106376
fcc-valid_video1,genet,100003,result_sim_abr_fcc-valid_test_fcc_trace_10652_http---www.amazon.com_840_0,test_fcc_trace_10652_http---www.amazon.com_840_0,2.808510638297872
fcc-valid_video1,genet,100003,result_sim_abr_fcc-valid_test_fcc_trace_10652_http---www.amazon.com_900_0,test_fcc_trace_10652_http---www.amazon.com_900_0,2.85531914893617
fcc-valid_video1,genet,100003,result_sim_abr_fcc-valid_test_fcc_trace_1171_http---www.yahoo.com_0_0,test_fcc_trace_1171_http---www.yahoo.com_0_0,0.7308510638297873
fcc-valid_video1,genet,100003,result_sim_abr_fcc-valid_test_fcc_trace_1171_http---www.yahoo.com_1020_0,test_fcc_trace_1171_http---www.yahoo.com_1020_0,0.6925531914893617
fcc-valid_video1,genet,100003,result_sim_abr_fcc-valid_test_fcc_trace_1171_http---www.yahoo.com_1080_0,test_fcc_trace_1171_http---www.yahoo.com_1080_0,0.7308510638297873
fcc-valid_video1,genet,100003,result_sim_abr_fcc-valid_test_fcc_trace_1171_http---www.yahoo.com_1140_0,test_fcc_trace_1171_http---www.yahoo.com_1140_0,0.6159574468085106
fcc-valid_video1,genet,100003,result_sim_abr_fcc-valid_test_fcc_trace_1171_http---www.yahoo.com_1200_0,test_fcc_trace_1171_http---www.yahoo.com_1200_0,0.577659574468085
fcc-valid_video1,genet,100003,result_sim_abr_fcc-valid_test_fcc_trace_1171_http---www.yahoo.com_120_0,test_fcc_trace_1171_http---www.yahoo.com_120_0,0.6925531914893617
fcc-valid_video1,genet,100003,result_sim_abr_fcc-valid_test_fcc_trace_1171_http---www.yahoo.com_1320_0,test_fcc_trace_1171_http---www.yahoo.com_1320_0,0.7021276595744681
fcc-valid_video1,genet,100003,result_sim_abr_fcc-valid_test_fcc_trace_1171_http---www.yahoo.com_1440_0,test_fcc_trace_1171_http---www.yahoo.com_1440_0,0.7308510638297872
fcc-valid_video1,genet,100003,result_sim_abr_fcc-valid_test_fcc_trace_1171_http---www.yahoo.com_180_0,test_fcc_trace_1171_http---www.yahoo.com_180_0,0.6829787234042553
fcc-valid_video1,genet,100003,result_sim_abr_fcc-valid_test_fcc_trace_1171_http---www.yahoo.com_420_0,test_fcc_trace_1171_http---www.yahoo.com_420_0,0.5872340425531916
fcc-valid_video1,genet,100003,result_sim_abr_fcc-valid_test_fcc_trace_1171_http---www.yahoo.com_600_0,test_fcc_trace_1171_http---www.yahoo.com_600_0,0.7010638297872341
fcc-valid_video1,genet,100003,result_sim_abr_fcc-valid_test_fcc_trace_1171_http---www.yahoo.com_60_0,test_fcc_trace_1171_http---www.yahoo.com_60_0,0.5776595744680852
fcc-valid_video1,genet,100003,result_sim_abr_fcc-valid_test_fcc_trace_1171_http---www.yahoo.com_660_0,test_fcc_trace_1171_http---www.yahoo.com_660_0,0.6063829787234043
fcc-valid_video1,genet,100003,result_sim_abr_fcc-valid_test_fcc_trace_1171_http---www.yahoo.com_840_0,test_fcc_trace_1171_http---www.yahoo.com_840_0,0.6829787234042553
fcc-valid_video1,genet,100003,result_sim_abr_fcc-valid_test_fcc_trace_14731_http---www.facebook.com_0_0,test_fcc_trace_14731_http---www.facebook.com_0_0,0.31914893617021284
fcc-valid_video1,genet,100003,result_sim_abr_fcc-valid_test_fcc_trace_14731_http---www.facebook.com_1020_0,test_fcc_trace_14731_http---www.facebook.com_1020_0,0.3861702127659575
fcc-valid_video1,genet,100003,result_sim_abr_fcc-valid_test_fcc_trace_14731_http---www.facebook.com_1080_0,test_fcc_trace_14731_http---www.facebook.com_1080_0,0.4053191489361702
fcc-valid_video1,genet,100003,result_sim_abr_fcc-valid_test_fcc_trace_14731_http---www.facebook.com_1140_0,test_fcc_trace_14731_http---www.facebook.com_1140_0,0.3861702127659575
fcc-valid_video1,genet,100003,result_sim_abr_fcc-valid_test_fcc_trace_14731_http---www.facebook.com_1320_0,test_fcc_trace_14731_http---www.facebook.com_1320_0,0.4053191489361702
fcc-valid_video1,genet,100003,result_sim_abr_fcc-valid_test_fcc_trace_14731_http---www.facebook.com_1380_0,test_fcc_trace_14731_http---www.facebook.com_1380_0,0.3574468085106383
fcc-valid_video1,genet,100003,result_sim_abr_fcc-valid_test_fcc_trace_14731_http---www.facebook.com_180_0,test_fcc_trace_14731_http---www.facebook.com_180_0,0.34787234042553195
fcc-valid_video1,genet,100003,result_sim_abr_fcc-valid_test_fcc_trace_14731_http---www.facebook.com_240_0,test_fcc_trace_14731_http---www.facebook.com_240_0,0.34787234042553195
fcc-valid_video1,genet,100003,result_sim_abr_fcc-valid_test_fcc_trace_14731_http---www.facebook.com_300_0,test_fcc_trace_14731_http---www.facebook.com_300_0,0.37659574468085105
fcc-valid_video1,genet,100003,result_sim_abr_fcc-valid_test_fcc_trace_14731_http---www.facebook.com_360_0,test_fcc_trace_14731_http---www.facebook.com_360_0,0.4053191489361702
fcc-valid_video1,genet,100003,result_sim_abr_fcc-valid_test_fcc_trace_14731_http---www.facebook.com_420_0,test_fcc_trace_14731_http---www.facebook.com_420_0,0.36702127659574474
fcc-valid_video1,genet,100003,result_sim_abr_fcc-valid_test_fcc_trace_14731_http---www.facebook.com_480_0,test_fcc_trace_14731_http---www.facebook.com_480_0,0.39574468085106396
fcc-valid_video1,genet,100003,result_sim_abr_fcc-valid_test_fcc_trace_14731_http---www.facebook.com_600_0,test_fcc_trace_14731_http---www.facebook.com_600_0,0.36702127659574474
fcc-valid_video1,genet,100003,result_sim_abr_fcc-valid_test_fcc_trace_14731_http---www.facebook.com_660_0,test_fcc_trace_14731_http---www.facebook.com_660_0,0.3765957446808511
fcc-valid_video1,genet,100003,result_sim_abr_fcc-valid_test_fcc_trace_14731_http---www.facebook.com_720_0,test_fcc_trace_14731_http---www.facebook.com_720_0,0.39574468085106385
fcc-valid_video1,genet,100003,result_sim_abr_fcc-valid_test_fcc_trace_14731_http---www.facebook.com_840_0,test_fcc_trace_14731_http---www.facebook.com_840_0,0.4053191489361702
fcc-valid_video1,genet,100003,result_sim_abr_fcc-valid_test_fcc_trace_14731_http---www.facebook.com_900_0,test_fcc_trace_14731_http---www.facebook.com_900_0,0.39574468085106385
fcc-valid_video1,genet,100003,result_sim_abr_fcc-valid_test_fcc_trace_14731_http---www.facebook.com_960_0,test_fcc_trace_14731_http---www.facebook.com_960_0,0.34787234042553195
fcc-valid_video1,genet,100003,result_sim_abr_fcc-valid_test_fcc_trace_215364_http---www.ebay.com_0_0,test_fcc_trace_215364_http---www.ebay.com_0_0,0.9170212765957451
fcc-valid_video1,genet,100003,result_sim_abr_fcc-valid_test_fcc_trace_215364_http---www.ebay.com_1020_0,test_fcc_trace_215364_http---www.ebay.com_1020_0,0.7468085106382979
fcc-valid_video1,genet,100003,result_sim_abr_fcc-valid_test_fcc_trace_215364_http---www.ebay.com_1140_0,test_fcc_trace_215364_http---www.ebay.com_1140_0,0.75
fcc-valid_video1,genet,100003,result_sim_abr_fcc-valid_test_fcc_trace_215364_http---www.ebay.com_1200_0,test_fcc_trace_215364_http---www.ebay.com_1200_0,0.8021276595744682
fcc-valid_video1,genet,100003,result_sim_abr_fcc-valid_test_fcc_trace_215364_http---www.ebay.com_1260_0,test_fcc_trace_215364_http---www.ebay.com_1260_0,0.7595744680851064
fcc-valid_video1,genet,100003,result_sim_abr_fcc-valid_test_fcc_trace_215364_http---www.ebay.com_1320_0,test_fcc_trace_215364_http---www.ebay.com_1320_0,0.6542553191489362
fcc-valid_video1,genet,100003,result_sim_abr_fcc-valid_test_fcc_trace_215364_http---www.ebay.com_1380_0,test_fcc_trace_215364_http---www.ebay.com_1380_0,0.7404255319148936
fcc-valid_video1,genet,100003,result_sim_abr_fcc-valid_test_fcc_trace_215364_http---www.ebay.com_1440_0,test_fcc_trace_215364_http---www.ebay.com_1440_0,0.625531914893617
fcc-valid_video1,genet,100003,result_sim_abr_fcc-valid_test_fcc_trace_215364_http---www.ebay.com_1500_0,test_fcc_trace_215364_http---www.ebay.com_1500_0,0.6925531914893617
fcc-valid_video1,genet,100003,result_sim_abr_fcc-valid_test_fcc_trace_215364_http---www.ebay.com_180_0,test_fcc_trace_215364_http---www.ebay.com_180_0,0.7702127659574467
fcc-valid_video1,genet,100003,result_sim_abr_fcc-valid_test_fcc_trace_215364_http---www.ebay.com_300_0,test_fcc_trace_215364_http---www.ebay.com_300_0,0.5968085106382979
fcc-valid_video1,genet,100003,result_sim_abr_fcc-valid_test_fcc_trace_215364_http---www.ebay.com_360_0,test_fcc_trace_215364_http---www.ebay.com_360_0,0.7308510638297872
fcc-valid_video1,genet,100003,result_sim_abr_fcc-valid_test_fcc_trace_215364_http---www.ebay.com_420_0,test_fcc_trace_215364_http---www.ebay.com_420_0,0.7212765957446808
fcc-valid_video1,genet,100003,result_sim_abr_fcc-valid_test_fcc_trace_215364_http---www.ebay.com_480_0,test_fcc_trace_215364_http---www.ebay.com_480_0,0.7404255319148936
fcc-valid_video1,genet,100003,result_sim_abr_fcc-valid_test_fcc_trace_215364_http---www.ebay.com_540_0,test_fcc_trace_215364_http---www.ebay.com_540_0,0.7074468085106385
fcc-valid_video1,genet,100003,result_sim_abr_fcc-valid_test_fcc_trace_215364_http---www.ebay.com_600_0,test_fcc_trace_215364_http---www.ebay.com_600_0,0.6702127659574468
fcc-valid_video1,genet,100003,result_sim_abr_fcc-valid_test_fcc_trace_215364_http---www.ebay.com_60_0,test_fcc_trace_215364_http---www.ebay.com_60_0,0.8457446808510642
fcc-valid_video1,genet,100003,result_sim_abr_fcc-valid_test_fcc_trace_215364_http---www.ebay.com_660_0,test_fcc_trace_215364_http---www.ebay.com_660_0,0.7595744680851064
fcc-valid_video1,genet,100003,result_sim_abr_fcc-valid_test_fcc_trace_215364_http---www.ebay.com_780_0,test_fcc_trace_215364_http---www.ebay.com_780_0,0.7787234042553192
fcc-valid_video1,genet,100003,result_sim_abr_fcc-valid_test_fcc_trace_215364_http---www.ebay.com_840_0,test_fcc_trace_215364_http---www.ebay.com_840_0,0.7212765957446808
fcc-valid_video1,genet,100003,result_sim_abr_fcc-valid_test_fcc_trace_215364_http---www.ebay.com_900_0,test_fcc_trace_215364_http---www.ebay.com_900_0,0.7351063829787233
fcc-valid_video1,genet,100003,result_sim_abr_fcc-valid_test_fcc_trace_216810_http---www.facebook.com_0_0,test_fcc_trace_216810_http---www.facebook.com_0_0,1.6521276595744676
fcc-valid_video1,genet,100003,result_sim_abr_fcc-valid_test_fcc_trace_216810_http---www.facebook.com_1140_0,test_fcc_trace_216810_http---www.facebook.com_1140_0,0.8499999999999999
fcc-valid_video1,genet,100003,result_sim_abr_fcc-valid_test_fcc_trace_216810_http---www.facebook.com_120_0,test_fcc_trace_216810_http---www.facebook.com_120_0,1.3617021276595749
fcc-valid_video1,genet,100003,result_sim_abr_fcc-valid_test_fcc_trace_216810_http---www.facebook.com_1320_0,test_fcc_trace_216810_http---www.facebook.com_1320_0,1.251708072503607
fcc-valid_video1,genet,100003,result_sim_abr_fcc-valid_test_fcc_trace_216810_http---www.facebook.com_1440_0,test_fcc_trace_216810_http---www.facebook.com_1440_0,1.710584528697646
fcc-valid_video1,genet,100003,result_sim_abr_fcc-valid_test_fcc_trace_216810_http---www.facebook.com_180_0,test_fcc_trace_216810_http---www.facebook.com_180_0,1.5492030797032772
fcc-valid_video1,genet,100003,result_sim_abr_fcc-valid_test_fcc_trace_216810_http---www.facebook.com_240_0,test_fcc_trace_216810_http---www.facebook.com_240_0,1.3914893617021278
fcc-valid_video1,genet,100003,result_sim_abr_fcc-valid_test_fcc_trace_216810_http---www.facebook.com_300_0,test_fcc_trace_216810_http---www.facebook.com_300_0,1.2499999999999998
fcc-valid_video1,genet,100003,result_sim_abr_fcc-valid_test_fcc_trace_216810_http---www.facebook.com_360_0,test_fcc_trace_216810_http---www.facebook.com_360_0,1.222340425531915
fcc-valid_video1,genet,100003,result_sim_abr_fcc-valid_test_fcc_trace_216810_http---www.facebook.com_420_0,test_fcc_trace_216810_http---www.facebook.com_420_0,1.7265957446808502
fcc-valid_video1,genet,100003,result_sim_abr_fcc-valid_test_fcc_trace_216810_http---www.facebook.com_480_0,test_fcc_trace_216810_http---www.facebook.com_480_0,1.2606382978723405
fcc-valid_video1,genet,100003,result_sim_abr_fcc-valid_test_fcc_trace_216810_http---www.facebook.com_540_0,test_fcc_trace_216810_http---www.facebook.com_540_0,1.5148936170212763
fcc-valid_video1,genet,100003,result_sim_abr_fcc-valid_test_fcc_trace_216810_http---www.facebook.com_600_0,test_fcc_trace_216810_http---www.facebook.com_600_0,1.3500000000000003
fcc-valid_video1,genet,100003,result_sim_abr_fcc-valid_test_fcc_trace_216810_http---www.facebook.com_60_0,test_fcc_trace_216810_http---www.facebook.com_60_0,1.165957446808511
fcc-valid_video1,genet,100003,result_sim_abr_fcc-valid_test_fcc_trace_216810_http---www.facebook.com_660_0,test_fcc_trace_216810_http---www.facebook.com_660_0,0.9093441483580917
fcc-valid_video1,genet,100003,result_sim_abr_fcc-valid_test_fcc_trace_216810_http---www.facebook.com_720_0,test_fcc_trace_216810_http---www.facebook.com_720_0,1.253191489361702
fcc-valid_video1,genet,100003,result_sim_abr_fcc-valid_test_fcc_trace_216810_http---www.facebook.com_780_0,test_fcc_trace_216810_http---www.facebook.com_780_0,1.3732907345988887
fcc-valid_video1,genet,100003,result_sim_abr_fcc-valid_test_fcc_trace_216810_http---www.facebook.com_840_0,test_fcc_trace_216810_http---www.facebook.com_840_0,1.1489361702127665
fcc-valid_video1,genet,100003,result_sim_abr_fcc-valid_test_fcc_trace_216810_http---www.facebook.com_900_0,test_fcc_trace_216810_http---www.facebook.com_900_0,1.1021276595744682
fcc-valid_video1,genet,100003,result_sim_abr_fcc-valid_test_fcc_trace_216810_http---www.facebook.com_960_0,test_fcc_trace_216810_http---www.facebook.com_960_0,-0.7881423306277306
fcc-valid_video1,genet,100003,result_sim_abr_fcc-valid_test_fcc_trace_27175_http---www.amazon.com_0_0,test_fcc_trace_27175_http---www.amazon.com_0_0,-2.1449257739439216
fcc-valid_video1,genet,100003,result_sim_abr_fcc-valid_test_fcc_trace_27175_http---www.amazon.com_1020_0,test_fcc_trace_27175_http---www.amazon.com_1020_0,2.8180851063829784
fcc-valid_video1,genet,100003,result_sim_abr_fcc-valid_test_fcc_trace_27175_http---www.amazon.com_1140_0,test_fcc_trace_27175_http---www.amazon.com_1140_0,0.6297872340425531
fcc-valid_video1,genet,100003,result_sim_abr_fcc-valid_test_fcc_trace_27175_http---www.amazon.com_1200_0,test_fcc_trace_27175_http---www.amazon.com_1200_0,0.830027482274655
fcc-valid_video1,genet,100003,result_sim_abr_fcc-valid_test_fcc_trace_27175_http---www.amazon.com_120_0,test_fcc_trace_27175_http---www.amazon.com_120_0,2.882978723404255
fcc-valid_video1,genet,100003,result_sim_abr_fcc-valid_test_fcc_trace_27175_http---www.amazon.com_1320_0,test_fcc_trace_27175_http---www.amazon.com_1320_0,0.5489361702127661
fcc-valid_video1,genet,100003,result_sim_abr_fcc-valid_test_fcc_trace_27175_http---www.amazon.com_1380_0,test_fcc_trace_27175_http---www.amazon.com_1380_0,0.5585106382978723
fcc-valid_video1,genet,100003,result_sim_abr_fcc-valid_test_fcc_trace_27175_http---www.amazon.com_1500_0,test_fcc_trace_27175_http---www.amazon.com_1500_0,-1.2664571936243039
fcc-valid_video1,genet,100003,result_sim_abr_fcc-valid_test_fcc_trace_27175_http---www.amazon.com_180_0,test_fcc_trace_27175_http---www.amazon.com_180_0,-0.927158658123468
fcc-valid_video1,genet,100003,result_sim_abr_fcc-valid_test_fcc_trace_27175_http---www.amazon.com_240_0,test_fcc_trace_27175_http---www.amazon.com_240_0,1.204255319148936
fcc-valid_video1,genet,100003,result_sim_abr_fcc-valid_test_fcc_trace_27175_http---www.amazon.com_300_0,test_fcc_trace_27175_http---www.amazon.com_300_0,0.5872340425531916
fcc-valid_video1,genet,100004,result_sim_abr_fcc-valid_test_fcc_trace_10652_http---www.amazon.com_0_0,test_fcc_trace_10652_http---www.amazon.com_0_0,2.798632379809911
fcc-valid_video1,genet,100004,result_sim_abr_fcc-valid_test_fcc_trace_10652_http---www.amazon.com_1020_0,test_fcc_trace_10652_http---www.amazon.com_1020_0,2.770212765957446
fcc-valid_video1,genet,100004,result_sim_abr_fcc-valid_test_fcc_trace_10652_http---www.amazon.com_1080_0,test_fcc_trace_10652_http---www.amazon.com_1080_0,2.7063829787234037
fcc-valid_video1,genet,100004,result_sim_abr_fcc-valid_test_fcc_trace_10652_http---www.amazon.com_1200_0,test_fcc_trace_10652_http---www.amazon.com_1200_0,0.7031914893617022
fcc-valid_video1,genet,100004,result_sim_abr_fcc-valid_test_fcc_trace_10652_http---www.amazon.com_120_0,test_fcc_trace_10652_http---www.amazon.com_120_0,-2.7898770279611376
fcc-valid_video1,genet,100004,result_sim_abr_fcc-valid_test_fcc_trace_10652_http---www.amazon.com_1260_0,test_fcc_trace_10652_http---www.amazon.com_1260_0,0.36702127659574474
fcc-valid_video1,genet,100004,result_sim_abr_fcc-valid_test_fcc_trace_10652_http---www.amazon.com_1320_0,test_fcc_trace_10652_http---www.amazon.com_1320_0,0.3574468085106383
fcc-valid_video1,genet,100004,result_sim_abr_fcc-valid_test_fcc_trace_10652_http---www.amazon.com_1380_0,test_fcc_trace_10652_http---www.amazon.com_1380_0,0.3861702127659575
fcc-valid_video1,genet,100004,result_sim_abr_fcc-valid_test_fcc_trace_10652_http---www.amazon.com_240_0,test_fcc_trace_10652_http---www.amazon.com_240_0,-7.909362287044426
fcc-valid_video1,genet,100004,result_sim_abr_fcc-valid_test_fcc_trace_10652_http---www.amazon.com_300_0,test_fcc_trace_10652_http---www.amazon.com_300_0,-1.0153572228443442
fcc-valid_video1,genet,100004,result_sim_abr_fcc-valid_test_fcc_trace_10652_http---www.amazon.com_360_0,test_fcc_trace_10652_http---www.amazon.com_360_0,0.37659574468085105
fcc-valid_video1,genet,100004,result_sim_abr_fcc-valid_test_fcc_trace_10652_http---www.amazon.com_540_0,test_fcc_trace_10652_http---www.amazon.com_540_0,0.02543783433678186
fcc-valid_video1,genet,100004,result_sim_abr_fcc-valid_test_fcc_trace_10652_http---www.amazon.com_720_0,test_fcc_trace_10652_http---www.amazon.com_720_0,2.7734042553191487
fcc-valid_video1,genet,100004,result_sim_abr_fcc-valid_test_fcc_trace_10652_http---www.amazon.com_780_0,test_fcc_trace_10652_http---www.amazon.com_780_0,2.737234042553191
fcc-valid_video1,genet,100004,result_sim_abr_fcc-valid_test_fcc_trace_10652_http---www.amazon.com_840_0,test_fcc_trace_10652_http---www.amazon.com_840_0,2.9042553191489358
fcc-valid_video1,genet,100004,result_sim_abr_fcc-valid_test_fcc_trace_10652_http---www.amazon.com_900_0,test_fcc_trace_10652_http---www.amazon.com_900_0,2.7393617021276597
fcc-valid_video1,genet,100004,result_sim_abr_fcc-valid_test_fcc_trace_1171_http---www.yahoo.com_0_0,test_fcc_trace_1171_http---www.yahoo.com_0_0,0.6542553191489361
fcc-valid_video1,genet,100004,result_sim_abr_fcc-valid_test_fcc_trace_1171_http---www.yahoo.com_1020_0,test_fcc_trace_1171_http---www.yahoo.com_1020_0,0.6159574468085106
fcc-valid_video1,genet,100004,result_sim_abr_fcc-valid_test_fcc_trace_1171_http---www.yahoo.com_1080_0,test_fcc_trace_1171_http---www.yahoo.com_1080_0,0.7117021276595744
fcc-valid_video1,genet,100004,result_sim_abr_fcc-valid_test_fcc_trace_1171_http---www.yahoo.com_1140_0,test_fcc_trace_1171_http---www.yahoo.com_1140_0,0.6276595744680851
fcc-valid_video1,genet,100004,result_sim_abr_fcc-valid_test_fcc_trace_1171_http---www.yahoo.com_1200_0,test_fcc_trace_1171_http---www.yahoo.com_1200_0,0.6829787234042553
fcc-valid_video1,genet,100004,result_sim_abr_fcc-valid_test_fcc_trace_1171_http---www.yahoo.com_120_0,test_fcc_trace_1171_http---www.yahoo.com_120_0,0.7377983152245184
fcc-valid_video1,genet,100004,result_sim_abr_fcc-valid_test_fcc_trace_1171_http---www.yahoo.com_1320_0,test_fcc_trace_1171_http---www.yahoo.com_1320_0,0.6446808510638297
fcc-valid_video1,genet,100004,result_sim_abr_fcc-valid_test_fcc_trace_1171_http---www.yahoo.com_1440_0,test_fcc_trace_1171_http---www.yahoo.com_1440_0,0.6446808510638298
fcc-valid_video1,genet,100004,result_sim_abr_fcc-valid_test_fcc_trace_1171_http---www.yahoo.com_180_0,test_fcc_trace_1171_http---www.yahoo.com_180_0,0.6914893617021275
fcc-valid_video1,genet,100004,result_sim_abr_fcc-valid_test_fcc_trace_1171_http---www.yahoo.com_420_0,test_fcc_trace_1171_http---www.yahoo.com_420_0,0.6446808510638298
fcc-valid_video1,genet,100004,result_sim_abr_fcc-valid_test_fcc_trace_1171_http---www.yahoo.com_600_0,test_fcc_trace_1171_http---www.yahoo.com_600_0,0.6734042553191489
fcc-valid_video1,genet,100004,result_sim_abr_fcc-valid_test_fcc_trace_1171_http---www.yahoo.com_60_0,test_fcc_trace_1171_http---www.yahoo.com_60_0,0.625531914893617
fcc-valid_video1,genet,100004,result_sim_abr_fcc-valid_test_fcc_trace_1171_http---www.yahoo.com_660_0,test_fcc_trace_1171_http---www.yahoo.com_660_0,0.6542553191489361
fcc-valid_video1,genet,100004,result_sim_abr_fcc-valid_test_fcc_trace_1171_http---www.yahoo.com_840_0,test_fcc_trace_1171_http---www.yahoo.com_840_0,0.6499999999999999
fcc-valid_video1,genet,100004,result_sim_abr_fcc-valid_test_fcc_trace_14731_http---www.facebook.com_0_0,test_fcc_trace_14731_http---www.facebook.com_0_0,0.3287234042553192
fcc-valid_video1,genet,100004,result_sim_abr_fcc-valid_test_fcc_trace_14731_http---www.facebook.com_1020_0,test_fcc_trace_14731_http---www.facebook.com_1020_0,0.35744680851063837
fcc-valid_video1,genet,100004,result_sim_abr_fcc-valid_test_fcc_trace_14731_http---www.facebook.com_1080_0,test_fcc_trace_14731_http---www.facebook.com_1080_0,0.39574468085106385
fcc-valid_video1,genet,100004,result_sim_abr_fcc-valid_test_fcc_trace_14731_http---www.facebook.com_1140_0,test_fcc_trace_14731_http---www.facebook.com_1140_0,0.32872340425531926
fcc-valid_video1,genet,100004,result_sim_abr_fcc-valid_test_fcc_trace_14731_http---www.facebook.com_1320_0,test_fcc_trace_14731_http---www.facebook.com_1320_0,0.39574468085106385
fcc-valid_video1,genet,100004,result_sim_abr_fcc-valid_test_fcc_trace_14731_http---www.facebook.com_1380_0,test_fcc_trace_14731_http---www.facebook.com_1380_0,0.3765957446808511
fcc-valid_video1,genet,100004,result_sim_abr_fcc-valid_test_fcc_trace_14731_http---www.facebook.com_180_0,test_fcc_trace_14731_http---www.facebook.com_180_0,0.3191489361702128
fcc-valid_video1,genet,100004,result_sim_abr_fcc-valid_test_fcc_trace_14731_http---www.facebook.com_240_0,test_fcc_trace_14731_http---www.facebook.com_240_0,0.4148936170212766
fcc-valid_video1,genet,100004,result_sim_abr_fcc-valid_test_fcc_trace_14731_http---www.facebook.com_300_0,test_fcc_trace_14731_http---www.facebook.com_300_0,0.4053191489361703
fcc-valid_video1,genet,100004,result_sim_abr_fcc-valid_test_fcc_trace_14731_http---www.facebook.com_360_0,test_fcc_trace_14731_http---www.facebook.com_360_0,0.4053191489361702
fcc-valid_video1,genet,100004,result_sim_abr_fcc-valid_test_fcc_trace_14731_http---www.facebook.com_420_0,test_fcc_trace_14731_http---www.facebook.com_420_0,0.34787234042553195
fcc-valid_video1,genet,100004,result_sim_abr_fcc-valid_test_fcc_trace_14731_http---www.facebook.com_480_0,test_fcc_trace_14731_http---www.facebook.com_480_0,0.3765957446808511
fcc-valid_video1,genet,100004,result_sim_abr_fcc-valid_test_fcc_trace_14731_http---www.facebook.com_600_0,test_fcc_trace_14731_http---www.facebook.com_600_0,0.3574468085106383
fcc-valid_video1,genet,100004,result_sim_abr_fcc-valid_test_fcc_trace_14731_http---www.facebook.com_660_0,test_fcc_trace_14731_http---www.facebook.com_660_0,0.3670212765957447
fcc-valid_video1,genet,100004,result_sim_abr_fcc-valid_test_fcc_trace_14731_http---www.facebook.com_720_0,test_fcc_trace_14731_http---www.facebook.com_720_0,0.35744680851063837
fcc-valid_video1,genet,100004,result_sim_abr_fcc-valid_test_fcc_trace_14731_http---www.facebook.com_840_0,test_fcc_trace_14731_http---www.facebook.com_840_0,0.3861702127659576
fcc-valid_video1,genet,100004,result_sim_abr_fcc-valid_test_fcc_trace_14731_http---www.facebook.com_900_0,test_fcc_trace_14731_http---www.facebook.com_900_0,0.3574468085106383
fcc-valid_video1,genet,100004,result_sim_abr_fcc-valid_test_fcc_trace_14731_http---www.facebook.com_960_0,test_fcc_trace_14731_http---www.facebook.com_960_0,0.31914893617021284
fcc-valid_video1,genet,100004,result_sim_abr_fcc-valid_test_fcc_trace_215364_http---www.ebay.com_0_0,test_fcc_trace_215364_http---www.ebay.com_0_0,0.797872340425532
fcc-valid_video1,genet,100004,result_sim_abr_fcc-valid_test_fcc_trace_215364_http---www.ebay.com_1020_0,test_fcc_trace_215364_http---www.ebay.com_1020_0,0.7553191489361702
fcc-valid_video1,genet,100004,result_sim_abr_fcc-valid_test_fcc_trace_215364_http---www.ebay.com_1140_0,test_fcc_trace_215364_http---www.ebay.com_1140_0,0.6925531914893617
fcc-valid_video1,genet,100004,result_sim_abr_fcc-valid_test_fcc_trace_215364_http---www.ebay.com_1200_0,test_fcc_trace_215364_http---www.ebay.com_1200_0,0.7010638297872341
fcc-valid_video1,genet,100004,result_sim_abr_fcc-valid_test_fcc_trace_215364_http---www.ebay.com_1260_0,test_fcc_trace_215364_http---www.ebay.com_1260_0,0.7978723404255322
fcc-valid_video1,genet,100004,result_sim_abr_fcc-valid_test_fcc_trace_215364_http---www.ebay.com_1320_0,test_fcc_trace_215364_http---www.ebay.com_1320_0,0.6925531914893615
fcc-valid_video1,genet,100004,result_sim_abr_fcc-valid_test_fcc_trace_215364_http---www.ebay.com_1380_0,test_fcc_trace_215364_http---www.ebay.com_1380_0,0.39795200697119376
fcc-valid_video1,genet,100004,result_sim_abr_fcc-valid_test_fcc_trace_215364_http---www.ebay.com_1440_0,test_fcc_trace_215364_http---www.ebay.com_1440_0,0.7425531914893618
fcc-valid_video1,genet,100004,result_sim_abr_fcc-valid_test_fcc_trace_215364_http---www.ebay.com_1500_0,test_fcc_trace_215364_http---www.ebay.com_1500_0,0.7776595744680852
fcc-valid_video1,genet,100004,result_sim_abr_fcc-valid_test_fcc_trace_215364_http---www.ebay.com_180_0,test_fcc_trace_215364_http---www.ebay.com_180_0,0.8500000000000002
fcc-valid_video1,genet,100004,result_sim_abr_fcc-valid_test_fcc_trace_215364_http---www.ebay.com_300_0,test_fcc_trace_215364_http---www.ebay.com_300_0,0.6734042553191489
fcc-valid_video1,genet,100004,result_sim_abr_fcc-valid_test_fcc_trace_215364_http---www.ebay.com_360_0,test_fcc_trace_215364_http---www.ebay.com_360_0,0.6872340425531914
fcc-valid_video1,genet,100004,result_sim_abr_fcc-valid_test_fcc_trace_215364_http---www.ebay.com_420_0,test_fcc_trace_215364_http---www.ebay.com_420_0,0.7223404255319149
fcc-valid_video1,genet,100004,result_sim_abr_fcc-valid_test_fcc_trace_215364_http---www.ebay.com_480_0,test_fcc_trace_215364_http---www.ebay.com_480_0,0.7404255319148934
fcc-valid_video1,genet,100004,result_sim_abr_fcc-valid_test_fcc_trace_215364_http---www.ebay.com_540_0,test_fcc_trace_215364_http---www.ebay.com_540_0,0.6351063829787233
fcc-valid_video1,genet,100004,result_sim_abr_fcc-valid_test_fcc_trace_215364_http---www.ebay.com_600_0,test_fcc_trace_215364_http---www.ebay.com_600_0,0.7436170212765958
fcc-valid_video1,genet,100004,result_sim_abr_fcc-valid_test_fcc_trace_215364_http---www.ebay.com_60_0,test_fcc_trace_215364_http---www.ebay.com_60_0,0.8861702127659575
fcc-valid_video1,genet,100004,result_sim_abr_fcc-valid_test_fcc_trace_215364_http---www.ebay.com_660_0,test_fcc_trace_215364_http---www.ebay.com_660_0,0.8648936170212768
fcc-valid_video1,genet,100004,result_sim_abr_fcc-valid_test_fcc_trace_215364_http---www.ebay.com_780_0,test_fcc_trace_215364_http---www.ebay.com_780_0,0.8457446808510642
fcc-valid_video1,genet,100004,result_sim_abr_fcc-valid_test_fcc_trace_215364_http---www.ebay.com_840_0,test_fcc_trace_215364_http---www.ebay.com_840_0,0.6638297872340424
fcc-valid_video1,genet,100004,result_sim_abr_fcc-valid_test_fcc_trace_215364_http---www.ebay.com_900_0,test_fcc_trace_215364_http---www.ebay.com_900_0,0.6872340425531914
fcc-valid_video1,genet,100004,result_sim_abr_fcc-valid_test_fcc_trace_216810_http---www.facebook.com_0_0,test_fcc_trace_216810_http---www.facebook.com_0_0,1.5478723404255317
fcc-valid_video1,genet,100004,result_sim_abr_fcc-valid_test_fcc_trace_216810_http---www.facebook.com_1140_0,test_fcc_trace_216810_http---www.facebook.com_1140_0,0.9000000000000002
fcc-valid_video1,genet,100004,result_sim_abr_fcc-valid_test_fcc_trace_216810_http---www.facebook.com_120_0,test_fcc_trace_216810_http---www.facebook.com_120_0,1.2574468085106385
fcc-valid_video1,genet,100004,result_sim_abr_fcc-valid_test_fcc_trace_216810_http---www.facebook.com_1320_0,test_fcc_trace_216810_http---www.facebook.com_1320_0,1.7287234042553186
fcc-valid_video1,genet,100004,result_sim_abr_fcc-valid_test_fcc_trace_216810_http---www.facebook.com_1440_0,test_fcc_trace_216810_http---www.facebook.com_1440_0,1.8340425531914886
fcc-valid_video1,genet,100004,result_sim_abr_fcc-valid_test_fcc_trace_216810_http---www.facebook.com_180_0,test_fcc_trace_216810_http---www.facebook.com_180_0,1.6276595744680842
fcc-valid_video1,genet,100004,result_sim_abr_fcc-valid_test_fcc_trace_216810_http---www.facebook.com_240_0,test_fcc_trace_216810_http---www.facebook.com_240_0,1.39468085106383
fcc-valid_video1,genet,100004,result_sim_abr_fcc-valid_test_fcc_trace_216810_http---www.facebook.com_300_0,test_fcc_trace_216810_http---www.facebook.com_300_0,1.2287234042553188
fcc-valid_video1,genet,100004,result_sim_abr_fcc-valid_test_fcc_trace_216810_http---www.facebook.com_360_0,test_fcc_trace_216810_http---www.facebook.com_360_0,1.2765957446808511
fcc-valid_video1,genet,100004,result_sim_abr_fcc-valid_test_fcc_trace_216810_http---www.facebook.com_420_0,test_fcc_trace_216810_http---www.facebook.com_420_0,1.450393681249682
fcc-valid_video1,genet,100004,result_sim_abr_fcc-valid_test_fcc_trace_216810_http---www.facebook.com_480_0,test_fcc_trace_216810_http---www.facebook.com_480_0,1.2159574468085108
fcc-valid_video1,genet,100004,result_sim_abr_fcc-valid_test_fcc_trace_216810_http---www.facebook.com_540_0,test_fcc_trace_216810_http---www.facebook.com_540_0,1.3872340425531915
fcc-valid_video1,genet,100004,result_sim_abr_fcc-valid_test_fcc_trace_216810_http---www.facebook.com_600_0,test_fcc_trace_216810_http---www.facebook.com_600_0,1.2595744680851066
fcc-valid_video1,genet,100004,result_sim_abr_fcc-valid_test_fcc_trace_216810_http---www.facebook.com_60_0,test_fcc_trace_216810_http---www.facebook.com_60_0,1.448936170212766
fcc-valid_video1,genet,100004,result_sim_abr_fcc-valid_test_fcc_trace_216810_http---www.facebook.com_660_0,test_fcc_trace_216810_http---www.facebook.com_660_0,1.301711627968435
fcc-valid_video1,genet,100004,result_sim_abr_fcc-valid_test_fcc_trace_216810_http---www.facebook.com_720_0,test_fcc_trace_216810_http---www.facebook.com_720_0,0.7562339492293528
fcc-valid_video1,genet,100004,result_sim_abr_fcc-valid_test_fcc_trace_216810_http---www.facebook.com_780_0,test_fcc_trace_216810_http---www.facebook.com_780_0,1.6510638297872333
fcc-valid_video1,genet,100004,result_sim_abr_fcc-valid_test_fcc_trace_216810_http---www.facebook.com_840_0,test_fcc_trace_216810_http---www.facebook.com_840_0,1.2829787234042553
fcc-valid_video1,genet,100004,result_sim_abr_fcc-valid_test_fcc_trace_216810_http---www.facebook.com_900_0,test_fcc_trace_216810_http---www.facebook.com_900_0,1.3436170212765959
fcc-valid_video1,genet,100004,result_sim_abr_fcc-valid_test_fcc_trace_216810_http---www.facebook.com_960_0,test_fcc_trace_216810_http---www.facebook.com_960_0,1.696808510638298
fcc-valid_video1,genet,100004,result_sim_abr_fcc-valid_test_fcc_trace_27175_http---www.amazon.com_0_0,test_fcc_trace_27175_http---www.amazon.com_0_0,-1.4795775456948697
fcc-valid_video1,genet,100004,result_sim_abr_fcc-valid_test_fcc_trace_27175_http---www.amazon.com_1020_0,test_fcc_trace_27175_http---www.amazon.com_1020_0,2.680851063829787
fcc-valid_video1,genet,100004,result_sim_abr_fcc-valid_test_fcc_trace_27175_http---www.amazon.com_1140_0,test_fcc_trace_27175_http---www.amazon.com_1140_0,0.5489361702127661
fcc-valid_video1,genet,100004,result_sim_abr_fcc-valid_test_fcc_trace_27175_http---www.amazon.com_1200_0,test_fcc_trace_27175_http---www.amazon.com_1200_0,0.5066363004068868
fcc-valid_video1,genet,100004,result_sim_abr_fcc-valid_test_fcc_trace_27175_http---www.amazon.com_120_0,test_fcc_trace_27175_http---www.amazon.com_120_0,2.8148936170212764
fcc-valid_video1,genet,100004,result_sim_abr_fcc-valid_test_fcc_trace_27175_http---www.amazon.com_1320_0,test_fcc_trace_27175_http---www.amazon.com_1320_0,0.5776595744680852
fcc-valid_video1,genet,100004,result_sim_abr_fcc-valid_test_fcc_trace_27175_http---www.amazon.com_1380_0,test_fcc_trace_27175_http---www.amazon.com_1380_0,0.5202127659574468
fcc-valid_video1,genet,100004,result_sim_abr_fcc-valid_test_fcc_trace_27175_http---www.amazon.com_1500_0,test_fcc_trace_27175_http---www.amazon.com_1500_0,0.2977080548857393
fcc-valid_video1,genet,100004,result_sim_abr_fcc-valid_test_fcc_trace_27175_http---www.amazon.com_180_0,test_fcc_trace_27175_http---www.amazon.com_180_0,-1.4674364856115396
fcc-valid_video1,genet,100004,result_sim_abr_fcc-valid_test_fcc_trace_27175_http---www.amazon.com_240_0,test_fcc_trace_27175_http---www.amazon.com_240_0,1.4744680851063827
fcc-valid_video1,genet,100004,result_sim_abr_fcc-valid_test_fcc_trace_27175_http---www.amazon.com_300_0,test_fcc_trace_27175_http---www.amazon.com_300_0,0.6159574468085105
fcc-valid_video1,genet,100005,result_sim_abr_fcc-valid_test_fcc_trace_10652_http---www.amazon.com_0_0,test_fcc_trace_10652_http---www.amazon.com_0_0,0.24157793214190063
fcc-valid_video1,genet,100005,result_sim_abr_fcc-valid_test_fcc_trace_10652_http---www.amazon.com_1020_0,test_fcc_trace_10652_http---www.amazon.com_1020_0,2.561702127659574
fcc-valid_video1,genet,100005,result_sim_abr_fcc-valid_test_fcc_trace_10652_http---www.amazon.com_1080_0,test_fcc_trace_10652_http---www.amazon.com_1080_0,2.554255319148936
fcc-valid_video1,genet,100005,result_sim_abr_fcc-valid_test_fcc_trace_10652_http---www.amazon.com_1200_0,test_fcc_trace_10652_http---www.amazon.com_1200_0,0.5904255319148937
fcc-valid_video1,genet,100005,result_sim_abr_fcc-valid_test_fcc_trace_10652_http---www.amazon.com_120_0,test_fcc_trace_10652_http---www.amazon.com_120_0,-3.7604482724280195
fcc-valid_video1,genet,100005,result_sim_abr_fcc-valid_test_fcc_trace_10652_http---www.amazon.com_1260_0,test_fcc_trace_10652_http---www.amazon.com_1260_0,0.42446808510638295
fcc-valid_video1,genet,100005,result_sim_abr_fcc-valid_test_fcc_trace_10652_http---www.amazon.com_1320_0,test_fcc_trace_10652_http---www.amazon.com_1320_0,0.42446808510638306
fcc-valid_video1,genet,100005,result_sim_abr_fcc-valid_test_fcc_trace_10652_http---www.amazon.com_1380_0,test_fcc_trace_10652_http---www.amazon.com_1380_0,0.4148936170212767
fcc-valid_video1,genet,100005,result_sim_abr_fcc-valid_test_fcc_trace_10652_http---www.amazon.com_240_0,test_fcc_trace_10652_http---www.amazon.com_240_0,-4.418313087222059
fcc-valid_video1,genet,100005,result_sim_abr_fcc-valid_test_fcc_trace_10652_http---www.amazon.com_300_0,test_fcc_trace_10652_http---www.amazon.com_300_0,-2.460692795819335
fcc-valid_video1,genet,100005,result_sim_abr_fcc-valid_test_fcc_trace_10652_http---www.amazon.com_360_0,test_fcc_trace_10652_http---www.amazon.com_360_0,0.3765957446808511
fcc-valid_video1,genet,100005,result_sim_abr_fcc-valid_test_fcc_trace_10652_http---www.amazon.com_540_0,test_fcc_trace_10652_http---www.amazon.com_540_0,-1.4698328783383998
fcc-valid_video1,genet,100005,result_sim_abr_fcc-valid_test_fcc_trace_10652_http---www.amazon.com_720_0,test_fcc_trace_10652_http---www.amazon.com_720_0,2.77127659574468
fcc-valid_video1,genet,100005,result_sim_abr_fcc-valid_test_fcc_trace_10652_http---www.amazon.com_780_0,test_fcc_trace_10652_http---www.amazon.com_780_0,2.586170212765957
fcc-valid_video1,genet,100005,result_sim_abr_fcc-valid_test_fcc_trace_10652_http---www.amazon.com_840_0,test_fcc_trace_10652_http---www.amazon.com_840_0,2.867021276595745
fcc-valid_video1,genet,100005,result_sim_abr_fcc-valid_test_fcc_trace_10652_http---www.amazon.com_900_0,test_fcc_trace_10652_http---www.amazon.com_900_0,2.790425531914893
fcc-valid_video1,genet,100005,result_sim_abr_fcc-valid_test_fcc_trace_1171_http---www.yahoo.com_0_0,test_fcc_trace_1171_http---www.yahoo.com_0_0,0.6829787234042554
fcc-valid_video1,genet,100005,result_sim_abr_fcc-valid_test_fcc_trace_1171_http---www.yahoo.com_1020_0,test_fcc_trace_1171_http---www.yahoo.com_1020_0,0.6351063829787235
fcc-valid_video1,genet,100005,result_sim_abr_fcc-valid_test_fcc_trace_1171_http---www.yahoo.com_1080_0,test_fcc_trace_1171_http---www.yahoo.com_1080_0,0.7404255319148936
fcc-valid_video1,genet,100005,result_sim_abr_fcc-valid_test_fcc_trace_1171_http---www.yahoo.com_1140_0,test_fcc_trace_1171_http---www.yahoo.com_1140_0,0.7521276595744681
fcc-valid_video1,genet,100005,result_sim_abr_fcc-valid_test_fcc_trace_1171_http---www.yahoo.com_1200_0,test_fcc_trace_1171_http---www.yahoo.com_1200_0,0.7308510638297872
fcc-valid_video1,genet,100005,result_sim_abr_fcc-valid_test_fcc_trace_1171_http---www.yahoo.com_120_0,test_fcc_trace_1171_http---www.yahoo.com_120_0,0.7021276595744681
fcc-valid_video1,genet,100005,result_sim_abr_fcc-valid_test_fcc_trace_1171_http---www.yahoo.com_1320_0,test_fcc_trace_1171_http---www.yahoo.com_1320_0,0.7436170212765959
fcc-valid_video1,genet,100005,result_sim_abr_fcc-valid_test_fcc_trace_1171_http---www.yahoo.com_1440_0,test_fcc_trace_1171_http---www.yahoo.com_1440_0,0.6925531914893617
fcc-valid_video1,genet,100005,result_sim_abr_fcc-valid_test_fcc_trace_1171_http---www.yahoo.com_180_0,test_fcc_trace_1171_http---www.yahoo.com_180_0,0.625531914893617
fcc-valid_video1,genet,100005,result_sim_abr_fcc-valid_test_fcc_trace_1171_http---www.yahoo.com_420_0,test_fcc_trace_1171_http---www.yahoo.com_420_0,0.6393617021276596
fcc-valid_video1,genet,100005,result_sim_abr_fcc-valid_test_fcc_trace_1171_http---www.yahoo.com_600_0,test_fcc_trace_1171_http---www.yahoo.com_600_0,0.6308510638297873
fcc-valid_video1,genet,100005,result_sim_abr_fcc-valid_test_fcc_trace_1171_http---www.yahoo.com_60_0,test_fcc_trace_1171_http---www.yahoo.com_60_0,0.625531914893617
fcc-valid_video1,genet,100005,result_sim_abr_fcc-valid_test_fcc_trace_1171_http---www.yahoo.com_660_0,test_fcc_trace_1171_http---www.yahoo.com_660_0,0.6734042553191488
fcc-valid_video1,genet,100005,result_sim_abr_fcc-valid_test_fcc_trace_1171_http---www.yahoo.com_840_0,test_fcc_trace_1171_http---www.yahoo.com_840_0,0.6638297872340425
fcc-valid_video1,genet,100005,result_sim_abr_fcc-valid_test_fcc_trace_14731_http---www.facebook.com_0_0,test_fcc_trace_14731_http---www.facebook.com_0_0,0.2904255319148937
fcc-valid_video1,genet,100005,result_sim_abr_fcc-valid_test_fcc_trace_14731_http---www.facebook.com_1020_0,test_fcc_trace_14731_http---www.facebook.com_1020_0,0.3861702127659574
fcc-valid_video1,genet,100005,result_sim_abr_fcc-valid_test_fcc_trace_14731_http---www.facebook.com_1080_0,test_fcc_trace_14731_http---www.facebook.com_1080_0,0.347872340425532
fcc-valid_video1,genet,100005,result_sim_abr_fcc-valid_test_fcc_trace_14731_http---www.facebook.com_1140_0,test_fcc_trace_14731_http---www.facebook.com_1140_0,0.36702127659574474
fcc-valid_video1,genet,100005,result_sim_abr_fcc-valid_test_fcc_trace_14731_http---www.facebook.com_1320_0,test_fcc_trace_14731_http---www.facebook.com_1320_0,0.33829787234042563
fcc-valid_video1,genet,100005,result_sim_abr_fcc-valid_test_fcc_trace_14731_http---www.facebook.com_1380_0,test_fcc_trace_14731_http---www.facebook.com_1380_0,0.3670212765957447
fcc-valid_video1,genet,100005,result_sim_abr_fcc-valid_test_fcc_trace_14731_http---www.facebook.com_180_0,test_fcc_trace_14731_http---www.facebook.com_180_0,0.3095744680851064
fcc-valid_video1,genet,100005,result_sim_abr_fcc-valid_test_fcc_trace_14731_http---www.facebook.com_240_0,test_fcc_trace_14731_http---www.facebook.com_240_0,0.3574468085106383
fcc-valid_video1,genet,100005,result_sim_abr_fcc-valid_test_fcc_trace_14731_http---www.facebook.com_300_0,test_fcc_trace_14731_http---www.facebook.com_300_0,-0.33670153512034734
fcc-valid_video1,genet,100005,result_sim_abr_fcc-valid_test_fcc_trace_14731_http---www.facebook.com_360_0,test_fcc_trace_14731_http---www.facebook.com_360_0,0.3670212765957447
fcc-valid_video1,genet,100005,result_sim_abr_fcc-valid_test_fcc_trace_14731_http---www.facebook.com_420_0,test_fcc_trace_14731_http---www.facebook.com_420_0,0.36702127659574474
fcc-valid_video1,genet,100005,result_sim_abr_fcc-valid_test_fcc_trace_14731_http---www.facebook.com_480_0,test_fcc_trace_14731_http---www.facebook.com_480_0,0.4148936170212767
fcc-valid_video1,genet,100005,result_sim_abr_fcc-valid_test_fcc_trace_14731_http---www.facebook.com_600_0,test_fcc_trace_14731_http---www.facebook.com_600_0,0.3765957446808512
fcc-valid_video1,genet,100005,result_sim_abr_fcc-valid_test_fcc_trace_14731_http---www.facebook.com_660_0,test_fcc_trace_14731_http---www.facebook.com_660_0,0.37659574468085105
fcc-valid_video1,genet,100005,result_sim_abr_fcc-valid_test_fcc_trace_14731_http---www.facebook.com_720_0,test_fcc_trace_14731_http---www.facebook.com_720_0,0.34787234042553195
fcc-valid_video1,genet,100005,result_sim_abr_fcc-valid_test_fcc_trace_14731_http---www.facebook.com_840_0,test_fcc_trace_14731_http---www.facebook.com_840_0,0.39574468085106385
fcc-valid_video1,genet,100005,result_sim_abr_fcc-valid_test_fcc_trace_14731_http---www.facebook.com_900_0,test_fcc_trace_14731_http---www.facebook.com_900_0,0.3861702127659575
fcc-valid_video1,genet,100005,result_sim_abr_fcc-valid_test_fcc_trace_14731_http---www.facebook.com_960_0,test_fcc_trace_14731_http---www.facebook.com_960_0,0.3670212765957447
fcc-valid_video1,genet,100005,result_sim_abr_fcc-valid_test_fcc_trace_215364_http---www.ebay.com_0_0,test_fcc_trace_215364_http---www.ebay.com_0_0,0.771276595744681
fcc-valid_video1,genet,100005,result_sim_abr_fcc-valid_test_fcc_trace_215364_http---www.ebay.com_1020_0,test_fcc_trace_215364_http---www.ebay.com_1020_0,0.8361702127659578
fcc-valid_video1,genet,100005,result_sim_abr_fcc-valid_test_fcc_trace_215364_http---www.ebay.com_1140_0,test_fcc_trace_215364_http---www.ebay.com_1140_0,0.75
fcc-valid_video1,genet,100005,result_sim_abr_fcc-valid_test_fcc_trace_215364_http---www.ebay.com_1200_0,test_fcc_trace_215364_http---www.ebay.com_1200_0,0.702127659574468
fcc-valid_video1,genet,100005,result_sim_abr_fcc-valid_test_fcc_trace_215364_http---www.ebay.com_1260_0,test_fcc_trace_215364_http---www.ebay.com_1260_0,0.802127659574468
fcc-valid_video1,genet,100005,result_sim_abr_fcc-valid_test_fcc_trace_215364_http---www.ebay.com_1320_0,test_fcc_trace_215364_http---www.ebay.com_1320_0,0.7021276595744681
fcc-valid_video1,genet,100005,result_sim_abr_fcc-valid_test_fcc_trace_215364_http---www.ebay.com_1380_0,test_fcc_trace_215364_http---www.ebay.com_1380_0,0.6340425531914895
fcc-valid_video1,genet,100005,result_sim_abr_fcc-valid_test_fcc_trace_215364_http---www.ebay.com_1440_0,test_fcc_trace_215364_http---www.ebay.com_1440_0,0.671276595744681
fcc-valid_video1,genet,100005,result_sim_abr_fcc-valid_test_fcc_trace_215364_http---www.ebay.com_1500_0,test_fcc_trace_215364_http---www.ebay.com_1500_0,0.7308510638297873
fcc-valid_video1,genet,100005,result_sim_abr_fcc-valid_test_fcc_trace_215364_http---www.ebay.com_180_0,test_fcc_trace_215364_http---www.ebay.com_180_0,0.7308510638297873
fcc-valid_video1,genet,100005,result_sim_abr_fcc-valid_test_fcc_trace_215364_http---www.ebay.com_300_0,test_fcc_trace_215364_http---www.ebay.com_300_0,0.6829787234042553
fcc-valid_video1,genet,100005,result_sim_abr_fcc-valid_test_fcc_trace_215364_http---www.ebay.com_360_0,test_fcc_trace_215364_http---www.ebay.com_360_0,0.7117021276595745
fcc-valid_video1,genet,100005,result_sim_abr_fcc-valid_test_fcc_trace_215364_http---www.ebay.com_420_0,test_fcc_trace_215364_http---www.ebay.com_420_0,0.7744680851063831
fcc-valid_video1,genet,100005,result_sim_abr_fcc-valid_test_fcc_trace_215364_http---www.ebay.com_480_0,test_fcc_trace_215364_http---www.ebay.com_480_0,0.75
fcc-valid_video1,genet,100005,result_sim_abr_fcc-valid_test_fcc_trace_215364_http---www.ebay.com_540_0,test_fcc_trace_215364_http---www.ebay.com_540_0,0.6063829787234043
fcc-valid_video1,genet,100005,result_sim_abr_fcc-valid_test_fcc_trace_215364_http---www.ebay.com_600_0,test_fcc_trace_215364_http---www.ebay.com_600_0,0.7595744680851066
fcc-valid_video1,genet,100005,result_sim_abr_fcc-valid_test_fcc_trace_215364_http---www.ebay.com_60_0,test_fcc_trace_215364_http---www.ebay.com_60_0,0.8648936170212768
fcc-valid_video1,genet,100005,result_sim_abr_fcc-valid_test_fcc_trace_215364_http---www.ebay.com_660_0,test_fcc_trace_215364_http---www.ebay.com_660_0,0.824468085106383
fcc-valid_video1,genet,100005,result_sim_abr_fcc-valid_test_fcc_trace_215364_http---www.ebay.com_780_0,test_fcc_trace_215364_http---www.ebay.com_780_0,0.7159574468085106
fcc-valid_video1,genet,100005,result_sim_abr_fcc-valid_test_fcc_trace_215364_http---www.ebay.com_840_0,test_fcc_trace_215364_http---www.ebay.com_840_0,0.7053191489361702
fcc-valid_video1,genet,100005,result_sim_abr_fcc-valid_test_fcc_trace_215364_http---www.ebay.com_900_0,test_fcc_trace_215364_http---www.ebay.com_900_0,0.7595744680851064
fcc-valid_video1,genet,100005,result_sim_abr_fcc-valid_test_fcc_trace_216810_http---www.facebook.com_0_0,test_fcc_trace_216810_http---www.facebook.com_0_0,1.6968085106382973
fcc-valid_video1,genet,100005,result_sim_abr_fcc-valid_test_fcc_trace_216810_http---www.facebook.com_1140_0,test_fcc_trace_216810_http---www.facebook.com_1140_0,0.8776595744680854
fcc-valid_video1,genet,100005,result_sim_abr_fcc-valid_test_fcc_trace_216810_http---www.facebook.com_120_0,test_fcc_trace_216810_http---www.facebook.com_120_0,1.1808510638297873
fcc-valid_video1,genet,100005,result_sim_abr_fcc-valid_test_fcc_trace_216810_http---www.facebook.com_1320_0,test_fcc_trace_216810_http---www.facebook.com_1320_0,1.5829787234042552
fcc-valid_video1,genet,100005,result_sim_abr_fcc-valid_test_fcc_trace_216810_http---www.facebook.com_1440_0,test_fcc_trace_216810_http---www.facebook.com_1440_0,1.8882978723404247
fcc-valid_video1,genet,100005,result_sim_abr_fcc-valid_test_fcc_trace_216810_http---www.facebook.com_180_0,test_fcc_trace_216810_http---www.facebook.com_180_0,1.718085106382978
fcc-valid_video1,genet,100005,result_sim_abr_fcc-valid_test_fcc_trace_216810_http---www.facebook.com_240_0,test_fcc_trace_216810_http---www.facebook.com_240_0,1.0157932017287303
fcc-valid_video1,genet,100005,result_sim_abr_fcc-valid_test_fcc_trace_216810_http---www.facebook.com_300_0,test_fcc_trace_216810_http---www.facebook.com_300_0,1.165957446808511
fcc-valid_video1,genet,100005,result_sim_abr_fcc-valid_test_fcc_trace_216810_http---www.facebook.com_360_0,test_fcc_trace_216810_http---www.facebook.com_360_0,1.223404255319149
fcc-valid_video1,genet,100005,result_sim_abr_fcc-valid_test_fcc_trace_216810_http---www.facebook.com_420_0,test_fcc_trace_216810_http---www.facebook.com_420_0,1.6436170212765948
fcc-valid_video1,genet,100005,result_sim_abr_fcc-valid_test_fcc_trace_216810_http---www.facebook.com_480_0,test_fcc_trace_216810_http---www.facebook.com_480_0,1.4085106382978727
fcc-valid_video1,genet,100005,result_sim_abr_fcc-valid_test_fcc_trace_216810_http---www.facebook.com_540_0,test_fcc_trace_216810_http---www.facebook.com_540_0,1.4382978723404256
fcc-valid_video1,genet,100005,result_sim_abr_fcc-valid_test_fcc_trace_216810_http---www.facebook.com_600_0,test_fcc_trace_216810_http---www.facebook.com_600_0,1.2542553191489363
fcc-valid_video1,genet,100005,result_sim_abr_fcc-valid_test_fcc_trace_216810_http---www.facebook.com_60_0,test_fcc_trace_216810_http---www.facebook.com_60_0,1.2127659574468086
fcc-valid_video1,genet,100005,result_sim_abr_fcc-valid_test_fcc_trace_216810_http---www.facebook.com_660_0,test_fcc_trace_216810_http---www.facebook.com_660_0,0.9544795309238489
fcc-valid_video1,genet,100005,result_sim_abr_fcc-valid_test_fcc_trace_216810_http---www.facebook.com_720_0,test_fcc_trace_216810_http---www.facebook.com_720_0,1.347872340425532
fcc-valid_video1,genet,100005,result_sim_abr_fcc-valid_test_fcc_trace_216810_http---www.facebook.com_780_0,test_fcc_trace_216810_http---www.facebook.com_780_0,1.8209083495257343
fcc-valid_video1,genet,100005,result_sim_abr_fcc-valid_test_fcc_trace_216810_http---www.facebook.com_840_0,test_fcc_trace_216810_http---www.facebook.com_840_0,1.3265957446808514
fcc-valid_video1,genet,100005,result_sim_abr_fcc-valid_test_fcc_trace_216810_http---www.facebook.com_900_0,test_fcc_trace_216810_http---www.facebook.com_900_0,1.3574468085106384
fcc-valid_video1,genet,100005,result_sim_abr_fcc-valid_test_fcc_trace_216810_http---www.facebook.com_960_0,test_fcc_trace_216810_http---www.facebook.com_960_0,0.3833063149983684
fcc-valid_video1,genet,100005,result_sim_abr_fcc-valid_test_fcc_trace_27175_http---www.amazon.com_0_0,test_fcc_trace_27175_http---www.amazon.com_0_0,-1.4705866260527325
fcc-valid_video1,genet,100005,result_sim_abr_fcc-valid_test_fcc_trace_27175_http---www.amazon.com_1020_0,test_fcc_trace_27175_http---www.amazon.com_1020_0,2.3201887886173527
fcc-valid_video1,genet,100005,result_sim_abr_fcc-valid_test_fcc_trace_27175_http---www.amazon.com_1140_0,test_fcc_trace_27175_http---www.amazon.com_1140_0,0.5542553191489361
fcc-valid_video1,genet,100005,result_sim_abr_fcc-valid_test_fcc_trace_27175_http---www.amazon.com_1200_0,test_fcc_trace_27175_http---www.amazon.com_1200_0,0.4167943144599299
fcc-valid_video1,genet,100005,result_sim_abr_fcc-valid_test_fcc_trace_27175_http---www.amazon.com_120_0,test_fcc_trace_27175_http---www.amazon.com_120_0,2.8361702127659565
fcc-valid_video1,genet,100005,result_sim_abr_fcc-valid_test_fcc_trace_27175_http---www.amazon.com_1320_0,test_fcc_trace_27175_http---www.amazon.com_1320_0,0.577659574468085
fcc-valid_video1,genet,100005,result_sim_abr_fcc-valid_test_fcc_trace_27175_http---www.amazon.com_1380_0,test_fcc_trace_27175_http---www.amazon.com_1380_0,0.6063829787234043
fcc-valid_video1,genet,100005,result_sim_abr_fcc-valid_test_fcc_trace_27175_http---www.amazon.com_1500_0,test_fcc_trace_27175_http---www.amazon.com_1500_0,0.058273931277582694
fcc-valid_video1,genet,100005,result_sim_abr_fcc-valid_test_fcc_trace_27175_http---www.amazon.com_180_0,test_fcc_trace_27175_http---www.amazon.com_180_0,-0.6799945387798515
fcc-valid_video1,genet,100005,result_sim_abr_fcc-valid_test_fcc_trace_27175_http---www.amazon.com_240_0,test_fcc_trace_27175_http---www.amazon.com_240_0,1.31063829787234
fcc-valid_video1,genet,100005,result_sim_abr_fcc-valid_test_fcc_trace_27175_http---www.amazon.com_300_0,test_fcc_trace_27175_http---www.amazon.com_300_0,0.5106382978723404
fcc-valid_video1,final,100001,result_sim_abr_fcc-valid_test_fcc_trace_10652_http---www.amazon.com_0_0,test_fcc_trace_10652_http---www.amazon.com_0_0,2.149999999999999
fcc-valid_video1,final,100001,result_sim_abr_fcc-valid_test_fcc_trace_10652_http---www.amazon.com_1020_0,test_fcc_trace_10652_http---www.amazon.com_1020_0,2.291489361702127
fcc-valid_video1,final,100001,result_sim_abr_fcc-valid_test_fcc_trace_10652_http---www.amazon.com_1080_0,test_fcc_trace_10652_http---www.amazon.com_1080_0,1.5223404255319148
fcc-valid_video1,final,100001,result_sim_abr_fcc-valid_test_fcc_trace_10652_http---www.amazon.com_1200_0,test_fcc_trace_10652_http---www.amazon.com_1200_0,0.2793894196786671
fcc-valid_video1,final,100001,result_sim_abr_fcc-valid_test_fcc_trace_10652_http---www.amazon.com_120_0,test_fcc_trace_10652_http---www.amazon.com_120_0,-1.5665997808498617
fcc-valid_video1,final,100001,result_sim_abr_fcc-valid_test_fcc_trace_10652_http---www.amazon.com_1260_0,test_fcc_trace_10652_http---www.amazon.com_1260_0,0.35744680851063837
fcc-valid_video1,final,100001,result_sim_abr_fcc-valid_test_fcc_trace_10652_http---www.amazon.com_1320_0,test_fcc_trace_10652_http---www.amazon.com_1320_0,0.3765957446808511
fcc-valid_video1,final,100001,result_sim_abr_fcc-valid_test_fcc_trace_10652_http---www.amazon.com_1380_0,test_fcc_trace_10652_http---www.amazon.com_1380_0,0.34787234042553195
fcc-valid_video1,final,100001,result_sim_abr_fcc-valid_test_fcc_trace_10652_http---www.amazon.com_240_0,test_fcc_trace_10652_http---www.amazon.com_240_0,-0.5616727314428601
fcc-valid_video1,final,100001,result_sim_abr_fcc-valid_test_fcc_trace_10652_http---www.amazon.com_300_0,test_fcc_trace_10652_http---www.amazon.com_300_0,0.07113526606113411
fcc-valid_video1,final,100001,result_sim_abr_fcc-valid_test_fcc_trace_10652_http---www.amazon.com_360_0,test_fcc_trace_10652_http---www.amazon.com_360_0,0.3861702127659576
fcc-valid_video1,final,100001,result_sim_abr_fcc-valid_test_fcc_trace_10652_http---www.amazon.com_540_0,test_fcc_trace_10652_http---www.amazon.com_540_0,-1.574220442994758
fcc-valid_video1,final,100001,result_sim_abr_fcc-valid_test_fcc_trace_10652_http---www.amazon.com_720_0,test_fcc_trace_10652_http---www.amazon.com_720_0,2.1787234042553183
fcc-valid_video1,final,100001,result_sim_abr_fcc-valid_test_fcc_trace_10652_http---www.amazon.com_780_0,test_fcc_trace_10652_http---www.amazon.com_780_0,2.103191489361701
fcc-valid_video1,final,100001,result_sim_abr_fcc-valid_test_fcc_trace_10652_http---www.amazon.com_840_0,test_fcc_trace_10652_http---www.amazon.com_840_0,2.0680851063829784
fcc-valid_video1,final,100001,result_sim_abr_fcc-valid_test_fcc_trace_10652_http---www.amazon.com_900_0,test_fcc_trace_10652_http---www.amazon.com_900_0,2.2191489361702117
fcc-valid_video1,final,100001,result_sim_abr_fcc-valid_test_fcc_trace_1171_http---www.yahoo.com_0_0,test_fcc_trace_1171_http---www.yahoo.com_0_0,0.7117021276595745
fcc-valid_video1,final,100001,result_sim_abr_fcc-valid_test_fcc_trace_1171_http---www.yahoo.com_1020_0,test_fcc_trace_1171_http---www.yahoo.com_1020_0,0.6063829787234043
fcc-valid_video1,final,100001,result_sim_abr_fcc-valid_test_fcc_trace_1171_http---www.yahoo.com_1080_0,test_fcc_trace_1171_http---www.yahoo.com_1080_0,0.7212765957446808
fcc-valid_video1,final,100001,result_sim_abr_fcc-valid_test_fcc_trace_1171_http---www.yahoo.com_1140_0,test_fcc_trace_1171_http---www.yahoo.com_1140_0,0.6063829787234043
fcc-valid_video1,final,100001,result_sim_abr_fcc-valid_test_fcc_trace_1171_http---www.yahoo.com_1200_0,test_fcc_trace_1171_http---www.yahoo.com_1200_0,0.6925531914893617
fcc-valid_video1,final,100001,result_sim_abr_fcc-valid_test_fcc_trace_1171_http---www.yahoo.com_120_0,test_fcc_trace_1171_http---www.yahoo.com_120_0,0.7212765957446808
fcc-valid_video1,final,100001,result_sim_abr_fcc-valid_test_fcc_trace_1171_http---www.yahoo.com_1320_0,test_fcc_trace_1171_http---www.yahoo.com_1320_0,0.6925531914893617
fcc-valid_video1,final,100001,result_sim_abr_fcc-valid_test_fcc_trace_1171_http---www.yahoo.com_1440_0,test_fcc_trace_1171_http---www.yahoo.com_1440_0,0.6351063829787235
fcc-valid_video1,final,100001,result_sim_abr_fcc-valid_test_fcc_trace_1171_http---www.yahoo.com_180_0,test_fcc_trace_1171_http---www.yahoo.com_180_0,0.7021276595744681
fcc-valid_video1,final,100001,result_sim_abr_fcc-valid_test_fcc_trace_1171_http---www.yahoo.com_420_0,test_fcc_trace_1171_http---www.yahoo.com_420_0,0.625531914893617
fcc-valid_video1,final,100001,result_sim_abr_fcc-valid_test_fcc_trace_1171_http---www.yahoo.com_600_0,test_fcc_trace_1171_http---www.yahoo.com_600_0,0.7021276595744681
fcc-valid_video1,final,100001,result_sim_abr_fcc-valid_test_fcc_trace_1171_http---www.yahoo.com_60_0,test_fcc_trace_1171_http---www.yahoo.com_60_0,0.6829787234042554
fcc-valid_video1,final,100001,result_sim_abr_fcc-valid_test_fcc_trace_1171_http---www.yahoo.com_660_0,test_fcc_trace_1171_http---www.yahoo.com_660_0,0.7595744680851064
fcc-valid_video1,final,100001,result_sim_abr_fcc-valid_test_fcc_trace_1171_http---www.yahoo.com_840_0,test_fcc_trace_1171_http---www.yahoo.com_840_0,0.6829787234042554
fcc-valid_video1,final,100001,result_sim_abr_fcc-valid_test_fcc_trace_14731_http---www.facebook.com_0_0,test_fcc_trace_14731_http---www.facebook.com_0_0,0.2808510638297873
fcc-valid_video1,final,100001,result_sim_abr_fcc-valid_test_fcc_trace_14731_http---www.facebook.com_1020_0,test_fcc_trace_14731_http---www.facebook.com_1020_0,0.29042553191489373
fcc-valid_video1,final,100001,result_sim_abr_fcc-valid_test_fcc_trace_14731_http---www.facebook.com_1080_0,test_fcc_trace_14731_http---www.facebook.com_1080_0,0.30957446808510647
fcc-valid_video1,final,100001,result_sim_abr_fcc-valid_test_fcc_trace_14731_http---www.facebook.com_1140_0,test_fcc_trace_14731_http---www.facebook.com_1140_0,0.3765957446808512
fcc-valid_video1,final,100001,result_sim_abr_fcc-valid_test_fcc_trace_14731_http---www.facebook.com_1320_0,test_fcc_trace_14731_http---www.facebook.com_1320_0,0.33829787234042563
fcc-valid_video1,final,100001,result_sim_abr_fcc-valid_test_fcc_trace_14731_http---www.facebook.com_1380_0,test_fcc_trace_14731_http---www.facebook.com_1380_0,0.33829787234042563
fcc-valid_video1,final,100001,result_sim_abr_fcc-valid_test_fcc_trace_14731_http---www.facebook.com_180_0,test_fcc_trace_14731_http---www.facebook.com_180_0,0.347872340425532
fcc-valid_video1,final,100001,result_sim_abr_fcc-valid_test_fcc_trace_14731_http---www.facebook.com_240_0,test_fcc_trace_14731_http---www.facebook.com_240_0,0.3287234042553192
fcc-valid_video1,final,100001,result_sim_abr_fcc-valid_test_fcc_trace_14731_http---www.facebook.com_300_0,test_fcc_trace_14731_http---www.facebook.com_300_0,0.347872340425532
fcc-valid_video1,final,100001,result_sim_abr_fcc-valid_test_fcc_trace_14731_http---www.facebook.com_360_0,test_fcc_trace_14731_http---www.facebook.com_360_0,0.35744680851063837
fcc-valid_video1,final,100001,result_sim_abr_fcc-valid_test_fcc_trace_14731_http---www.facebook.com_420_0,test_fcc_trace_14731_http---www.facebook.com_420_0,0.3191489361702129
fcc-valid_video1,final,100001,result_sim_abr_fcc-valid_test_fcc_trace_14731_http---www.facebook.com_480_0,test_fcc_trace_14731_http---www.facebook.com_480_0,0.3765957446808511
fcc-valid_video1,final,100001,result_sim_abr_fcc-valid_test_fcc_trace_14731_http---www.facebook.com_600_0,test_fcc_trace_14731_http---www.facebook.com_600_0,0.34787234042553195
fcc-valid_video1,final,100001,result_sim_abr_fcc-valid_test_fcc_trace_14731_http---www.facebook.com_660_0,test_fcc_trace_14731_http---www.facebook.com_660_0,0.347872340425532
fcc-valid_video1,final,100001,result_sim_abr_fcc-valid_test_fcc_trace_14731_http---www.facebook.com_720_0,test_fcc_trace_14731_http---www.facebook.com_720_0,0.32872340425531926
fcc-valid_video1,final,100001,result_sim_abr_fcc-valid_test_fcc_trace_14731_http---www.facebook.com_840_0,test_fcc_trace_14731_http---www.facebook.com_840_0,0.34787234042553195
fcc-valid_video1,final,100001,result_sim_abr_fcc-valid_test_fcc_trace_14731_http---www.facebook.com_900_0,test_fcc_trace_14731_http---www.facebook.com_900_0,0.35686911608905075
fcc-valid_video1,final,100001,result_sim_abr_fcc-valid_test_fcc_trace_14731_http---www.facebook.com_960_0,test_fcc_trace_14731_http---www.facebook.com_960_0,0.3287234042553192
fcc-valid_video1,final,100001,result_sim_abr_fcc-valid_test_fcc_trace_215364_http---www.ebay.com_0_0,test_fcc_trace_215364_http---www.ebay.com_0_0,0.9053191489361705
fcc-valid_video1,final,100001,result_sim_abr_fcc-valid_test_fcc_trace_215364_http---www.ebay.com_1020_0,test_fcc_trace_215364_http---www.ebay.com_1020_0,0.8148936170212767
fcc-valid_video1,final,100001,result_sim_abr_fcc-valid_test_fcc_trace_215364_http---www.ebay.com_1140_0,test_fcc_trace_215364_http---www.ebay.com_1140_0,0.7808510638297873
fcc-valid_video1,final,100001,result_sim_abr_fcc-valid_test_fcc_trace_215364_http---www.ebay.com_1200_0,test_fcc_trace_215364_http---www.ebay.com_1200_0,0.7734042553191489
fcc-valid_video1,final,100001,result_sim_abr_fcc-valid_test_fcc_trace_215364_http---www.ebay.com_1260_0,test_fcc_trace_215364_http---www.ebay.com_1260_0,0.7691489361702128
fcc-valid_video1,final,100001,result_sim_abr_fcc-valid_test_fcc_trace_215364_http---www.ebay.com_1320_0,test_fcc_trace_215364_http---www.ebay.com_1320_0,0.7212765957446808
fcc-valid_video1,final,100001,result_sim_abr_fcc-valid_test_fcc_trace_215364_http---www.ebay.com_1380_0,test_fcc_trace_215364_http---www.ebay.com_1380_0,0.30858001628385234
fcc-valid_video1,final,100001,result_sim_abr_fcc-valid_test_fcc_trace_215364_http---www.ebay.com_1440_0,test_fcc_trace_215364_http---www.ebay.com_1440_0,0.7882978723404258
fcc-valid_video1,final,100001,result_sim_abr_fcc-valid_test_fcc_trace_215364_http---www.ebay.com_1500_0,test_fcc_trace_215364_http---www.ebay.com_1500_0,0.7787234042553192
fcc-valid_video1,final,100001,result_sim_abr_fcc-valid_test_fcc_trace_215364_http---www.ebay.com_180_0,test_fcc_trace_215364_http---www.ebay.com_180_0,0.9085106382978726
fcc-valid_video1,final,100001,result_sim_abr_fcc-valid_test_fcc_trace_215364_http---www.ebay.com_300_0,test_fcc_trace_215364_http---www.ebay.com_300_0,0.7212765957446808
fcc-valid_video1,final,100001,result_sim_abr_fcc-valid_test_fcc_trace_215364_http---www.ebay.com_360_0,test_fcc_trace_215364_http---www.ebay.com_360_0,0.75
fcc-valid_video1,final,100001,result_sim_abr_fcc-valid_test_fcc_trace_215364_http---www.ebay.com_420_0,test_fcc_trace_215364_http---www.ebay.com_420_0,0.797872340425532
fcc-valid_video1,final,100001,result_sim_abr_fcc-valid_test_fcc_trace_215364_http---www.ebay.com_480_0,test_fcc_trace_215364_http---www.ebay.com_480_0,0.7212765957446808
fcc-valid_video1,final,100001,result_sim_abr_fcc-valid_test_fcc_trace_215364_http---www.ebay.com_540_0,test_fcc_trace_215364_http---www.ebay.com_540_0,0.625531914893617
fcc-valid_video1,final,100001,result_sim_abr_fcc-valid_test_fcc_trace_215364_http---www.ebay.com_600_0,test_fcc_trace_215364_http---www.ebay.com_600_0,0.7500000000000001
fcc-valid_video1,final,100001,result_sim_abr_fcc-valid_test_fcc_trace_215364_http---www.ebay.com_60_0,test_fcc_trace_215364_http---www.ebay.com_60_0,0.8170212765957447
fcc-valid_video1,final,100001,result_sim_abr_fcc-valid_test_fcc_trace_215364_http---www.ebay.com_660_0,test_fcc_trace_215364_http---www.ebay.com_660_0,0.771276595744681
fcc-valid_video1,final,100001,result_sim_abr_fcc-valid_test_fcc_trace_215364_http---www.ebay.com_780_0,test_fcc_trace_215364_http---www.ebay.com_780_0,0.7882978723404258
fcc-valid_video1,final,100001,result_sim_abr_fcc-valid_test_fcc_trace_215364_http---www.ebay.com_840_0,test_fcc_trace_215364_http---www.ebay.com_840_0,0.7500000000000001
fcc-valid_video1,final,100001,result_sim_abr_fcc-valid_test_fcc_trace_215364_http---www.ebay.com_900_0,test_fcc_trace_215364_http---www.ebay.com_900_0,0.7787234042553194
fcc-valid_video1,final,100001,result_sim_abr_fcc-valid_test_fcc_trace_216810_http---www.facebook.com_0_0,test_fcc_trace_216810_http---www.facebook.com_0_0,1.6308510638297868
fcc-valid_video1,final,100001,result_sim_abr_fcc-valid_test_fcc_trace_216810_http---www.facebook.com_1140_0,test_fcc_trace_216810_http---www.facebook.com_1140_0,0.9031914893617022
fcc-valid_video1,final,100001,result_sim_abr_fcc-valid_test_fcc_trace_216810_http---www.facebook.com_120_0,test_fcc_trace_216810_http---www.facebook.com_120_0,1.3670212765957446
fcc-valid_video1,final,100001,result_sim_abr_fcc-valid_test_fcc_trace_216810_http---www.facebook.com_1320_0,test_fcc_trace_216810_http---www.facebook.com_1320_0,1.5755319148936164
fcc-valid_video1,final,100001,result_sim_abr_fcc-valid_test_fcc_trace_216810_http---www.facebook.com_1440_0,test_fcc_trace_216810_http---www.facebook.com_1440_0,1.685106382978723
fcc-valid_video1,final,100001,result_sim_abr_fcc-valid_test_fcc_trace_216810_http---www.facebook.com_180_0,test_fcc_trace_216810_http---www.facebook.com_180_0,1.6170212765957437
fcc-valid_video1,final,100001,result_sim_abr_fcc-valid_test_fcc_trace_216810_http---www.facebook.com_240_0,test_fcc_trace_216810_http---www.facebook.com_240_0,1.3744680851063829
fcc-valid_video1,final,100001,result_sim_abr_fcc-valid_test_fcc_trace_216810_http---www.facebook.com_300_0,test_fcc_trace_216810_http---www.facebook.com_300_0,1.2978723404255321
fcc-valid_video1,final,100001,result_sim_abr_fcc-valid_test_fcc_trace_216810_http---www.facebook.com_360_0,test_fcc_trace_216810_http---www.facebook.com_360_0,1.1861702127659577
fcc-valid_video1,final,100001,result_sim_abr_fcc-valid_test_fcc_trace_216810_http---www.facebook.com_420_0,test_fcc_trace_216810_http---www.facebook.com_420_0,1.5351063829787228
fcc-valid_video1,final,100001,result_sim_abr_fcc-valid_test_fcc_trace_216810_http---www.facebook.com_480_0,test_fcc_trace_216810_http---www.facebook.com_480_0,1.2478723404255323
fcc-valid_video1,final,100001,result_sim_abr_fcc-valid_test_fcc_trace_216810_http---www.facebook.com_540_0,test_fcc_trace_216810_http---www.facebook.com_540_0,1.4914893617021276
fcc-valid_video1,final,100001,result_sim_abr_fcc-valid_test_fcc_trace_216810_http---www.facebook.com_600_0,test_fcc_trace_216810_http---www.facebook.com_600_0,1.4191489361702128
fcc-valid_video1,final,100001,result_sim_abr_fcc-valid_test_fcc_trace_216810_http---www.facebook.com_60_0,test_fcc_trace_216810_http---www.facebook.com_60_0,1.3074468085106388
fcc-valid_video1,final,100001,result_sim_abr_fcc-valid_test_fcc_trace_216810_http---www.facebook.com_660_0,test_fcc_trace_216810_http---www.facebook.com_660_0,1.6010638297872344
fcc-valid_video1,final,100001,result_sim_abr_fcc-valid_test_fcc_trace_216810_http---www.facebook.com_720_0,test_fcc_trace_216810_http---www.facebook.com_720_0,1.3074468085106385
fcc-valid_video1,final,100001,result_sim_abr_fcc-valid_test_fcc_trace_216810_http---www.facebook.com_780_0,test_fcc_trace_216810_http---www.facebook.com_780_0,1.6595744680851057
fcc-valid_video1,final,100001,result_sim_abr_fcc-valid_test_fcc_trace_216810_http---www.facebook.com_840_0,test_fcc_trace_216810_http---www.facebook.com_840_0,1.138297872340426
fcc-valid_video1,final,100001,result_sim_abr_fcc-valid_test_fcc_trace_216810_http---www.facebook.com_900_0,test_fcc_trace_216810_http---www.facebook.com_900_0,1.1361702127659576
fcc-valid_video1,final,100001,result_sim_abr_fcc-valid_test_fcc_trace_216810_http---www.facebook.com_960_0,test_fcc_trace_216810_http---www.facebook.com_960_0,1.7308510638297865
fcc-valid_video1,final,100001,result_sim_abr_fcc-valid_test_fcc_trace_27175_http---www.amazon.com_0_0,test_fcc_trace_27175_http---www.amazon.com_0_0,-2.1202502525086375
fcc-valid_video1,final,100001,result_sim_abr_fcc-valid_test_fcc_trace_27175_http---www.amazon.com_1020_0,test_fcc_trace_27175_http---www.amazon.com_1020_0,2.1265957446808503
fcc-valid_video1,final,100001,result_sim_abr_fcc-valid_test_fcc_trace_27175_http---www.amazon.com_1140_0,test_fcc_trace_27175_http---www.amazon.com_1140_0,0.7117021276595745
fcc-valid_video1,final,100001,result_sim_abr_fcc-valid_test_fcc_trace_27175_http---www.amazon.com_1200_0,test_fcc_trace_27175_http---www.amazon.com_1200_0,0.2961090150755839
fcc-valid_video1,final,100001,result_sim_abr_fcc-valid_test_fcc_trace_27175_http---www.amazon.com_120_0,test_fcc_trace_27175_http---www.amazon.com_120_0,2.5691489361702127
fcc-valid_video1,final,100001,result_sim_abr_fcc-valid_test_fcc_trace_27175_http---www.amazon.com_1320_0,test_fcc_trace_27175_http---www.amazon.com_1320_0,0.5872340425531914
fcc-valid_video1,final,100001,result_sim_abr_fcc-valid_test_fcc_trace_27175_http---www.amazon.com_1380_0,test_fcc_trace_27175_http---www.amazon.com_1380_0,0.577659574468085
fcc-valid_video1,final,100001,result_sim_abr_fcc-valid_test_fcc_trace_27175_http---www.amazon.com_1500_0,test_fcc_trace_27175_http---www.amazon.com_1500_0,1.1712765957446811
fcc-valid_video1,final,100001,result_sim_abr_fcc-valid_test_fcc_trace_27175_http---www.amazon.com_180_0,test_fcc_trace_27175_http---www.amazon.com_180_0,0.331753857793284
fcc-valid_video1,final,100001,result_sim_abr_fcc-valid_test_fcc_trace_27175_http---www.amazon.com_240_0,test_fcc_trace_27175_http---www.amazon.com_240_0,0.7808510638297873
fcc-valid_video1,final,100001,result_sim_abr_fcc-valid_test_fcc_trace_27175_http---www.amazon.com_300_0,test_fcc_trace_27175_http---www.amazon.com_300_0,0.6351063829787235
fcc-valid_video1,final,100002,result_sim_abr_fcc-valid_test_fcc_trace_10652_http---www.amazon.com_0_0,test_fcc_trace_10652_http---www.amazon.com_0_0,2.3542553191489355
fcc-valid_video1,final,100002,result_sim_abr_fcc-valid_test_fcc_trace_10652_http---www.amazon.com_1020_0,test_fcc_trace_10652_http---www.amazon.com_1020_0,2.041489361702127
fcc-valid_video1,final,100002,result_sim_abr_fcc-valid_test_fcc_trace_10652_http---www.amazon.com_1080_0,test_fcc_trace_10652_http---www.amazon.com_1080_0,1.9074468085106375
fcc-valid_video1,final,100002,result_sim_abr_fcc-valid_test_fcc_trace_10652_http---www.amazon.com_1200_0,test_fcc_trace_10652_http---www.amazon.com_1200_0,0.553191489361702
fcc-valid_video1,final,100002,result_sim_abr_fcc-valid_test_fcc_trace_10652_http---www.amazon.com_120_0,test_fcc_trace_10652_http---www.amazon.com_120_0,-1.1049583035765638
fcc-valid_video1,final,100002,result_sim_abr_fcc-valid_test_fcc_trace_10652_http---www.amazon.com_1260_0,test_fcc_trace_10652_http---www.amazon.com_1260_0,0.4627659574468085
fcc-valid_video1,final,100002,result_sim_abr_fcc-valid_test_fcc_trace_10652_http---www.amazon.com_1320_0,test_fcc_trace_10652_http---www.amazon.com_1320_0,0.16053398374134503
fcc-valid_video1,final,100002,result_sim_abr_fcc-valid_test_fcc_trace_10652_http---www.amazon.com_1380_0,test_fcc_trace_10652_http---www.amazon.com_1380_0,0.3335545808966866
fcc-valid_video1,final,100002,result_sim_abr_fcc-valid_test_fcc_trace_10652_http---www.amazon.com_240_0,test_fcc_trace_10652_http---www.amazon.com_240_0,-3.0847067212103223
fcc-valid_video1,final,100002,result_sim_abr_fcc-valid_test_fcc_trace_10652_http---www.amazon.com_300_0,test_fcc_trace_10652_http---www.amazon.com_300_0,-0.565702056559838
fcc-valid_video1,final,100002,result_sim_abr_fcc-valid_test_fcc_trace_10652_http---www.amazon.com_360_0,test_fcc_trace_10652_http---www.amazon.com_360_0,0.39574468085106396
fcc-valid_video1,final,100002,result_sim_abr_fcc-valid_test_fcc_trace_10652_http---www.amazon.com_540_0,test_fcc_trace_10652_http---www.amazon.com_540_0,-2.133711468430647
fcc-valid_video1,final,100002,result_sim_abr_fcc-valid_test_fcc_trace_10652_http---www.amazon.com_720_0,test_fcc_trace_10652_http---www.amazon.com_720_0,1.9180851063829776
fcc-valid_video1,final,100002,result_sim_abr_fcc-valid_test_fcc_trace_10652_http---www.amazon.com_780_0,test_fcc_trace_10652_http---www.amazon.com_780_0,2.1117021276595738
fcc-valid_video1,final,100002,result_sim_abr_fcc-valid_test_fcc_trace_10652_http---www.amazon.com_840_0,test_fcc_trace_10652_http---www.amazon.com_840_0,2.0702127659574456
fcc-valid_video1,final,100002,result_sim_abr_fcc-valid_test_fcc_trace_10652_http---www.amazon.com_900_0,test_fcc_trace_10652_http---www.amazon.com_900_0,2.0914893617021266
fcc-valid_video1,final,100002,result_sim_abr_fcc-valid_test_fcc_trace_1171_http---www.yahoo.com_0_0,test_fcc_trace_1171_http---www.yahoo.com_0_0,0.6638297872340425
fcc-valid_video1,final,100002,result_sim_abr_fcc-valid_test_fcc_trace_1171_http---www.yahoo.com_1020_0,test_fcc_trace_1171_http---www.yahoo.com_1020_0,0.7404255319148937
fcc-valid_video1,final,100002,result_sim_abr_fcc-valid_test_fcc_trace_1171_http---www.yahoo.com_1080_0,test_fcc_trace_1171_http---www.yahoo.com_1080_0,0.7404255319148937
fcc-valid_video1,final,100002,result_sim_abr_fcc-valid_test_fcc_trace_1171_http---www.yahoo.com_1140_0,test_fcc_trace_1171_http---www.yahoo.com_1140_0,0.6978723404255318
fcc-valid_video1,final,100002,result_sim_abr_fcc-valid_test_fcc_trace_1171_http---www.yahoo.com_1200_0,test_fcc_trace_1171_http---www.yahoo.com_1200_0,0.7404255319148936
fcc-valid_video1,final,100002,result_sim_abr_fcc-valid_test_fcc_trace_1171_http---www.yahoo.com_120_0,test_fcc_trace_1171_http---www.yahoo.com_120_0,0.7691489361702128
fcc-valid_video1,final,100002,result_sim_abr_fcc-valid_test_fcc_trace_1171_http---www.yahoo.com_1320_0,test_fcc_trace_1171_http---www.yahoo.com_1320_0,0.7457446808510639
fcc-valid_video1,final,100002,result_sim_abr_fcc-valid_test_fcc_trace_1171_http---www.yahoo.com_1440_0,test_fcc_trace_1171_http---www.yahoo.com_1440_0,0.702127659574468
fcc-valid_video1,final,100002,result_sim_abr_fcc-valid_test_fcc_trace_1171_http---www.yahoo.com_180_0,test_fcc_trace_1171_http---www.yahoo.com_180_0,0.7074468085106383
fcc-valid_video1,final,100002,result_sim_abr_fcc-valid_test_fcc_trace_1171_http---www.yahoo.com_420_0,test_fcc_trace_1171_http---www.yahoo.com_420_0,0.4386378257869469
fcc-valid_video1,final,100002,result_sim_abr_fcc-valid_test_fcc_trace_1171_http---www.yahoo.com_600_0,test_fcc_trace_1171_http---www.yahoo.com_600_0,0.7595744680851064
fcc-valid_video1,final,100002,result_sim_abr_fcc-valid_test_fcc_trace_1171_http---www.yahoo.com_60_0,test_fcc_trace_1171_http---www.yahoo.com_60_0,0.6734042553191489
fcc-valid_video1,final,100002,result_sim_abr_fcc-valid_test_fcc_trace_1171_http---www.yahoo.com_660_0,test_fcc_trace_1171_http---www.yahoo.com_660_0,0.7425531914893617
fcc-valid_video1,final,100002,result_sim_abr_fcc-valid_test_fcc_trace_1171_http---www.yahoo.com_840_0,test_fcc_trace_1171_http---www.yahoo.com_840_0,0.75
fcc-valid_video1,final,100002,result_sim_abr_fcc-valid_test_fcc_trace_14731_http---www.facebook.com_0_0,test_fcc_trace_14731_http---www.facebook.com_0_0,-0.11748406820210895
fcc-valid_video1,final,100002,result_sim_abr_fcc-valid_test_fcc_trace_14731_http---www.facebook.com_1020_0,test_fcc_trace_14731_http---www.facebook.com_1020_0,0.3765957446808511
fcc-valid_video1,final,100002,result_sim_abr_fcc-valid_test_fcc_trace_14731_http---www.facebook.com_1080_0,test_fcc_trace_14731_http---www.facebook.com_1080_0,0.33829787234042563
fcc-valid_video1,final,100002,result_sim_abr_fcc-valid_test_fcc_trace_14731_http---www.facebook.com_1140_0,test_fcc_trace_14731_http---www.facebook.com_1140_0,0.352791000712614
fcc-valid_video1,final,100002,result_sim_abr_fcc-valid_test_fcc_trace_14731_http---www.facebook.com_1320_0,test_fcc_trace_14731_http---www.facebook.com_1320_0,0.3765957446808511
fcc-valid_video1,final,100002,result_sim_abr_fcc-valid_test_fcc_trace_14731_http---www.facebook.com_1380_0,test_fcc_trace_14731_http---www.facebook.com_1380_0,0.3765957446808511
fcc-valid_video1,final,100002,result_sim_abr_fcc-valid_test_fcc_trace_14731_http---www.facebook.com_180_0,test_fcc_trace_14731_http---www.facebook.com_180_0,0.3574468085106383
fcc-valid_video1,final,100002,result_sim_abr_fcc-valid_test_fcc_trace_14731_http---www.facebook.com_240_0,test_fcc_trace_14731_http---www.facebook.com_240_0,0.3382978723404255
fcc-valid_video1,final,100002,result_sim_abr_fcc-valid_test_fcc_trace_14731_http---www.facebook.com_300_0,test_fcc_trace_14731_http---www.facebook.com_300_0,0.3861702127659576
fcc-valid_video1,final,100002,result_sim_abr_fcc-valid_test_fcc_trace_14731_http---www.facebook.com_360_0,test_fcc_trace_14731_http---www.facebook.com_360_0,0.3861702127659575
fcc-valid_video1,final,100002,result_sim_abr_fcc-valid_test_fcc_trace_14731_http---www.facebook.com_420_0,test_fcc_trace_14731_http---www.facebook.com_420_0,0.1809174091565635
fcc-valid_video1,final,100002,result_sim_abr_fcc-valid_test_fcc_trace_14731_http---www.facebook.com_480_0,test_fcc_trace_14731_http---www.facebook.com_480_0,0.4053191489361703
fcc-valid_video1,final,100002,result_sim_abr_fcc-valid_test_fcc_trace_14731_http---www.facebook.com_600_0,test_fcc_trace_14731_http---www.facebook.com_600_0,0.3861702127659575
fcc-valid_video1,final,100002,result_sim_abr_fcc-valid_test_fcc_trace_14731_http---www.facebook.com_660_0,test_fcc_trace_14731_http---www.facebook.com_660_0,0.39574468085106385
fcc-valid_video1,final,100002,result_sim_abr_fcc-valid_test_fcc_trace_14731_http---www.facebook.com_720_0,test_fcc_trace_14731_http---www.facebook.com_720_0,0.3861702127659575
fcc-valid_video1,final,100002,result_sim_abr_fcc-valid_test_fcc_trace_14731_http---www.facebook.com_840_0,test_fcc_trace_14731_http---www.facebook.com_840_0,-0.39085422776800144
fcc-valid_video1,final,100002,result_sim_abr_fcc-valid_test_fcc_trace_14731_http---www.facebook.com_900_0,test_fcc_trace_14731_http---www.facebook.com_900_0,0.33829787234042563
fcc-valid_video1,final,100002,result_sim_abr_fcc-valid_test_fcc_trace_14731_http---www.facebook.com_960_0,test_fcc_trace_14731_http---www.facebook.com_960_0,0.3861702127659575
fcc-valid_video1,final,100002,result_sim_abr_fcc-valid_test_fcc_trace_215364_http---www.ebay.com_0_0,test_fcc_trace_215364_http---www.ebay.com_0_0,0.8840425531914899
fcc-valid_video1,final,100002,result_sim_abr_fcc-valid_test_fcc_trace_215364_http---www.ebay.com_1020_0,test_fcc_trace_215364_http---www.ebay.com_1020_0,0.8489361702127662
fcc-valid_video1,final,100002,result_sim_abr_fcc-valid_test_fcc_trace_215364_http---www.ebay.com_1140_0,test_fcc_trace_215364_http---www.ebay.com_1140_0,0.817021276595745
fcc-valid_video1,final,100002,result_sim_abr_fcc-valid_test_fcc_trace_215364_http---www.ebay.com_1200_0,test_fcc_trace_215364_http---www.ebay.com_1200_0,0.8265957446808511
fcc-valid_video1,final,100002,result_sim_abr_fcc-valid_test_fcc_trace_215364_http---www.ebay.com_1260_0,test_fcc_trace_215364_http---www.ebay.com_1260_0,0.7691489361702127
fcc-valid_video1,final,100002,result_sim_abr_fcc-valid_test_fcc_trace_215364_http---www.ebay.com_1320_0,test_fcc_trace_215364_http---www.ebay.com_1320_0,0.6446808510638298
fcc-valid_video1,final,100002,result_sim_abr_fcc-valid_test_fcc_trace_215364_http---www.ebay.com_1380_0,test_fcc_trace_215364_http---www.ebay.com_1380_0,0.7457446808510639
fcc-valid_video1,final,100002,result_sim_abr_fcc-valid_test_fcc_trace_215364_http---www.ebay.com_1440_0,test_fcc_trace_215364_http---www.ebay.com_1440_0,0.6882978723404256
fcc-valid_video1,final,100002,result_sim_abr_fcc-valid_test_fcc_trace_215364_http---www.ebay.com_1500_0,test_fcc_trace_215364_http---www.ebay.com_1500_0,0.7978723404255322
fcc-valid_video1,final,100002,result_sim_abr_fcc-valid_test_fcc_trace_215364_http---www.ebay.com_180_0,test_fcc_trace_215364_http---www.ebay.com_180_0,0.7882978723404258
fcc-valid_video1,final,100002,result_sim_abr_fcc-valid_test_fcc_trace_215364_http---www.ebay.com_300_0,test_fcc_trace_215364_http---www.ebay.com_300_0,0.702127659574468
fcc-valid_video1,final,100002,result_sim_abr_fcc-valid_test_fcc_trace_215364_http---www.ebay.com_360_0,test_fcc_trace_215364_http---www.ebay.com_360_0,0.6829787234042554
fcc-valid_video1,final,100002,result_sim_abr_fcc-valid_test_fcc_trace_215364_http---www.ebay.com_420_0,test_fcc_trace_215364_http---www.ebay.com_420_0,0.8031914893617025
fcc-valid_video1,final,100002,result_sim_abr_fcc-valid_test_fcc_trace_215364_http---www.ebay.com_480_0,test_fcc_trace_215364_http---www.ebay.com_480_0,0.7872340425531917
fcc-valid_video1,final,100002,result_sim_abr_fcc-valid_test_fcc_trace_215364_http---www.ebay.com_540_0,test_fcc_trace_215364_http---www.ebay.com_540_0,0.721276595744681
fcc-valid_video1,final,100002,result_sim_abr_fcc-valid_test_fcc_trace_215364_http---www.ebay.com_600_0,test_fcc_trace_215364_http---www.ebay.com_600_0,0.817021276595745
fcc-valid_video1,final,100002,result_sim_abr_fcc-valid_test_fcc_trace_215364_http---www.ebay.com_60_0,test_fcc_trace_215364_http---www.ebay.com_60_0,0.864893617021277
fcc-valid_video1,final,100002,result_sim_abr_fcc-valid_test_fcc_trace_215364_http---www.ebay.com_660_0,test_fcc_trace_215364_http---www.ebay.com_660_0,0.817021276595745
fcc-valid_video1,final,100002,result_sim_abr_fcc-valid_test_fcc_trace_215364_http---www.ebay.com_780_0,test_fcc_trace_215364_http---www.ebay.com_780_0,0.8457446808510642
fcc-valid_video1,final,100002,result_sim_abr_fcc-valid_test_fcc_trace_215364_http---www.ebay.com_840_0,test_fcc_trace_215364_http---www.ebay.com_840_0,0.8074468085106385
fcc-valid_video1,final,100002,result_sim_abr_fcc-valid_test_fcc_trace_215364_http---www.ebay.com_900_0,test_fcc_trace_215364_http---www.ebay.com_900_0,0.7595744680851064
fcc-valid_video1,final,100002,result_sim_abr_fcc-valid_test_fcc_trace_216810_http---www.facebook.com_0_0,test_fcc_trace_216810_http---www.facebook.com_0_0,1.7499999999999993
fcc-valid_video1,final,100002,result_sim_abr_fcc-valid_test_fcc_trace_216810_http---www.facebook.com_1140_0,test_fcc_trace_216810_http---www.facebook.com_1140_0,0.9187381474549969
fcc-valid_video1,final,100002,result_sim_abr_fcc-valid_test_fcc_trace_216810_http---www.facebook.com_120_0,test_fcc_trace_216810_http---www.facebook.com_120_0,1.3265957446808514
fcc-valid_video1,final,100002,result_sim_abr_fcc-valid_test_fcc_trace_216810_http---www.facebook.com_1320_0,test_fcc_trace_216810_http---www.facebook.com_1320_0,1.7755319148936162
fcc-valid_video1,final,100002,result_sim_abr_fcc-valid_test_fcc_trace_216810_http---www.facebook.com_1440_0,test_fcc_trace_216810_http---www.facebook.com_1440_0,1.8280065808818233
fcc-valid_video1,final,100002,result_sim_abr_fcc-valid_test_fcc_trace_216810_http---www.facebook.com_180_0,test_fcc_trace_216810_http---www.facebook.com_180_0,1.6202127659574463
fcc-valid_video1,final,100002,result_sim_abr_fcc-valid_test_fcc_trace_216810_http---www.facebook.com_240_0,test_fcc_trace_216810_http---www.facebook.com_240_0,1.2563829787234044
fcc-valid_video1,final,100002,result_sim_abr_fcc-valid_test_fcc_trace_216810_http---www.facebook.com_300_0,test_fcc_trace_216810_http---www.facebook.com_300_0,1.3231840053670336
fcc-valid_video1,final,100002,result_sim_abr_fcc-valid_test_fcc_trace_216810_http---www.facebook.com_360_0,test_fcc_trace_216810_http---www.facebook.com_360_0,1.192553191489362
fcc-valid_video1,final,100002,result_sim_abr_fcc-valid_test_fcc_trace_216810_http---www.facebook.com_420_0,test_fcc_trace_216810_http---www.facebook.com_420_0,1.5670212765957443
fcc-valid_video1,final,100002,result_sim_abr_fcc-valid_test_fcc_trace_216810_http---www.facebook.com_480_0,test_fcc_trace_216810_http---www.facebook.com_480_0,1.1358850276576715
fcc-valid_video1,final,100002,result_sim_abr_fcc-valid_test_fcc_trace_216810_http---www.facebook.com_540_0,test_fcc_trace_216810_http---www.facebook.com_540_0,1.387234042553192
fcc-valid_video1,final,100002,result_sim_abr_fcc-valid_test_fcc_trace_216810_http---www.facebook.com_600_0,test_fcc_trace_216810_http---www.facebook.com_600_0,1.3255319148936175
fcc-valid_video1,final,100002,result_sim_abr_fcc-valid_test_fcc_trace_216810_http---www.facebook.com_60_0,test_fcc_trace_216810_http---www.facebook.com_60_0,1.0585106382978726
fcc-valid_video1,final,100002,result_sim_abr_fcc-valid_test_fcc_trace_216810_http---www.facebook.com_660_0,test_fcc_trace_216810_http---www.facebook.com_660_0,1.5478723404255321
fcc-valid_video1,final,100002,result_sim_abr_fcc-valid_test_fcc_trace_216810_http---www.facebook.com_720_0,test_fcc_trace_216810_http---www.facebook.com_720_0,1.3723404255319152
fcc-valid_video1,final,100002,result_sim_abr_fcc-valid_test_fcc_trace_216810_http---www.facebook.com_780_0,test_fcc_trace_216810_http---www.facebook.com_780_0,1.6712765957446802
fcc-valid_video1,final,100002,result_sim_abr_fcc-valid_test_fcc_trace_216810_http---www.facebook.com_840_0,test_fcc_trace_216810_http---www.facebook.com_840_0,1.1776595744680856
fcc-valid_video1,final,100002,result_sim_abr_fcc-valid_test_fcc_trace_216810_http---www.facebook.com_900_0,test_fcc_trace_216810_http---www.facebook.com_900_0,1.2042553191489365
fcc-valid_video1,final,100002,result_sim_abr_fcc-valid_test_fcc_trace_216810_http---www.facebook.com_960_0,test_fcc_trace_216810_http---www.facebook.com_960_0,1.6765957446808504
fcc-valid_video1,final,100002,result_sim_abr_fcc-valid_test_fcc_trace_27175_http---www.amazon.com_0_0,test_fcc_trace_27175_http---www.amazon.com_0_0,-1.4534009941465216
fcc-valid_video1,final,100002,result_sim_abr_fcc-valid_test_fcc_trace_27175_http---www.amazon.com_1020_0,test_fcc_trace_27175_http---www.amazon.com_1020_0,2.123404255319149
fcc-valid_video1,final,100002,result_sim_abr_fcc-valid_test_fcc_trace_27175_http---www.amazon.com_1140_0,test_fcc_trace_27175_http---www.amazon.com_1140_0,0.7031914893617021
fcc-valid_video1,final,100002,result_sim_abr_fcc-valid_test_fcc_trace_27175_http---www.amazon.com_1200_0,test_fcc_trace_27175_http---www.amazon.com_1200_0,0.41967300257768325
fcc-valid_video1,final,100002,result_sim_abr_fcc-valid_test_fcc_trace_27175_http---www.amazon.com_120_0,test_fcc_trace_27175_http---www.amazon.com_120_0,2.374468085106382
fcc-valid_video1,final,100002,result_sim_abr_fcc-valid_test_fcc_trace_27175_http---www.amazon.com_1320_0,test_fcc_trace_27175_http---www.amazon.com_1320_0,0.6351063829787235
fcc-valid_video1,final,100002,result_sim_abr_fcc-valid_test_fcc_trace_27175_http---www.amazon.com_1380_0,test_fcc_trace_27175_http---www.amazon.com_1380_0,0.5776595744680851
fcc-valid_video1,final,100002,result_sim_abr_fcc-valid_test_fcc_trace_27175_http---www.amazon.com_1500_0,test_fcc_trace_27175_http---www.amazon.com_1500_0,1.3085106382978724
fcc-valid_video1,final,100002,result_sim_abr_fcc-valid_test_fcc_trace_27175_http---www.amazon.com_180_0,test_fcc_trace_27175_http---www.amazon.com_180_0,-0.30728034169324603
fcc-valid_video1,final,100002,result_sim_abr_fcc-valid_test_fcc_trace_27175_http---www.amazon.com_240_0,test_fcc_trace_27175_http---www.amazon.com_240_0,1.0595744680851067
fcc-valid_video1,final,100002,result_sim_abr_fcc-valid_test_fcc_trace_27175_http---www.amazon.com_300_0,test_fcc_trace_27175_http---www.amazon.com_300_0,0.6446808510638298
fcc-valid_video1,final,100003,result_sim_abr_fcc-valid_test_fcc_trace_10652_http---www.amazon.com_0_0,test_fcc_trace_10652_http---www.amazon.com_0_0,2.0861702127659565
fcc-valid_video1,final,100003,result_sim_abr_fcc-valid_test_fcc_trace_10652_http---www.amazon.com_1020_0,test_fcc_trace_10652_http---www.amazon.com_1020_0,2.3340425531914883
fcc-valid_video1,final,100003,result_sim_abr_fcc-valid_test_fcc_trace_10652_http---www.amazon.com_1080_0,test_fcc_trace_10652_http---www.amazon.com_1080_0,1.892553191489361
fcc-valid_video1,final,100003,result_sim_abr_fcc-valid_test_fcc_trace_10652_http---www.amazon.com_1200_0,test_fcc_trace_10652_http---www.amazon.com_1200_0,0.4712765957446809
fcc-valid_video1,final,100003,result_sim_abr_fcc-valid_test_fcc_trace_10652_http---www.amazon.com_120_0,test_fcc_trace_10652_http---www.amazon.com_120_0,-2.352083554297295
fcc-valid_video1,final,100003,result_sim_abr_fcc-valid_test_fcc_trace_10652_http---www.amazon.com_1260_0,test_fcc_trace_10652_http---www.amazon.com_1260_0,0.4148936170212767
fcc-valid_video1,final,100003,result_sim_abr_fcc-valid_test_fcc_trace_10652_http---www.amazon.com_1320_0,test_fcc_trace_10652_http---www.amazon.com_1320_0,0.4148936170212767
fcc-valid_video1,final,100003,result_sim_abr_fcc-valid_test_fcc_trace_10652_http---www.amazon.com_1380_0,test_fcc_trace_10652_http---www.amazon.com_1380_0,0.39574468085106396
fcc-valid_video1,final,100003,result_sim_abr_fcc-valid_test_fcc_trace_10652_http---www.amazon.com_240_0,test_fcc_trace_10652_http---www.amazon.com_240_0,-1.4111382013766698
fcc-valid_video1,final,100003,result_sim_abr_fcc-valid_test_fcc_trace_10652_http---www.amazon.com_300_0,test_fcc_trace_10652_http---www.amazon.com_300_0,-0.3972948328267472
fcc-valid_video1,final,100003,result_sim_abr_fcc-valid_test_fcc_trace_10652_http---www.amazon.com_360_0,test_fcc_trace_10652_http---www.amazon.com_360_0,0.4053191489361704
fcc-valid_video1,final,100003,result_sim_abr_fcc-valid_test_fcc_trace_10652_http---www.amazon.com_540_0,test_fcc_trace_10652_http---www.amazon.com_540_0,-1.6020811266736945
fcc-valid_video1,final,100003,result_sim_abr_fcc-valid_test_fcc_trace_10652_http---www.amazon.com_720_0,test_fcc_trace_10652_http---www.amazon.com_720_0,2.2606382978723394
fcc-valid_video1,final,100003,result_sim_abr_fcc-valid_test_fcc_trace_10652_http---www.amazon.com_780_0,test_fcc_trace_10652_http---www.amazon.com_780_0,2.251063829787233
fcc-valid_video1,final,100003,result_sim_abr_fcc-valid_test_fcc_trace_10652_http---www.amazon.com_840_0,test_fcc_trace_10652_http---www.amazon.com_840_0,2.328723404255318
fcc-valid_video1,final,100003,result_sim_abr_fcc-valid_test_fcc_trace_10652_http---www.amazon.com_900_0,test_fcc_trace_10652_http---www.amazon.com_900_0,2.3148936170212755
fcc-valid_video1,final,100003,result_sim_abr_fcc-valid_test_fcc_trace_1171_http---www.yahoo.com_0_0,test_fcc_trace_1171_http---www.yahoo.com_0_0,0.6404255319148936
fcc-valid_video1,final,100003,result_sim_abr_fcc-valid_test_fcc_trace_1171_http---www.yahoo.com_1020_0,test_fcc_trace_1171_http---www.yahoo.com_1020_0,0.7053191489361702
fcc-valid_video1,final,100003,result_sim_abr_fcc-valid_test_fcc_trace_1171_http---www.yahoo.com_1080_0,test_fcc_trace_1171_http---www.yahoo.com_1080_0,0.6829787234042553
fcc-valid_video1,final,100003,result_sim_abr_fcc-valid_test_fcc_trace_1171_http---www.yahoo.com_1140_0,test_fcc_trace_1171_http---www.yahoo.com_1140_0,0.7117021276595745
fcc-valid_video1,final,100003,result_sim_abr_fcc-valid_test_fcc_trace_1171_http---www.yahoo.com_1200_0,test_fcc_trace_1171_http---www.yahoo.com_1200_0,0.6787234042553191
fcc-valid_video1,final,100003,result_sim_abr_fcc-valid_test_fcc_trace_1171_http---www.yahoo.com_120_0,test_fcc_trace_1171_http---www.yahoo.com_120_0,0.6925531914893617
fcc-valid_video1,final,100003,result_sim_abr_fcc-valid_test_fcc_trace_1171_http---www.yahoo.com_1320_0,test_fcc_trace_1171_http---www.yahoo.com_1320_0,0.6925531914893617
fcc-valid_video1,final,100003,result_sim_abr_fcc-valid_test_fcc_trace_1171_http---www.yahoo.com_1440_0,test_fcc_trace_1171_http---www.yahoo.com_1440_0,0.7021276595744681
fcc-valid_video1,final,100003,result_sim_abr_fcc-valid_test_fcc_trace_1171_http---www.yahoo.com_180_0,test_fcc_trace_1171_http---www.yahoo.com_180_0,0.5957446808510639
fcc-valid_video1,final,100003,result_sim_abr_fcc-valid_test_fcc_trace_1171_http---www.yahoo.com_420_0,test_fcc_trace_1171_http---www.yahoo.com_420_0,0.5872340425531916
fcc-valid_video1,final,100003,result_sim_abr_fcc-valid_test_fcc_trace_1171_http---www.yahoo.com_600_0,test_fcc_trace_1171_http---www.yahoo.com_600_0,0.6829787234042553
fcc-valid_video1,final,100003,result_sim_abr_fcc-valid_test_fcc_trace_1171_http---www.yahoo.com_60_0,test_fcc_trace_1171_http---www.yahoo.com_60_0,0.625531914893617
fcc-valid_video1,final,100003,result_sim_abr_fcc-valid_test_fcc_trace_1171_http---www.yahoo.com_660_0,test_fcc_trace_1171_http---www.yahoo.com_660_0,0.6829787234042554
fcc-valid_video1,final,100003,result_sim_abr_fcc-valid_test_fcc_trace_1171_http---www.yahoo.com_840_0,test_fcc_trace_1171_http---www.yahoo.com_840_0,0.6351063829787235
fcc-valid_video1,final,100003,result_sim_abr_fcc-valid_test_fcc_trace_14731_http---www.facebook.com_0_0,test_fcc_trace_14731_http---www.facebook.com_0_0,0.30957446808510647
fcc-valid_video1,final,100003,result_sim_abr_fcc-valid_test_fcc_trace_14731_http---www.facebook.com_1020_0,test_fcc_trace_14731_http---www.facebook.com_1020_0,0.3765957446808511
fcc-valid_video1,final,100003,result_sim_abr_fcc-valid_test_fcc_trace_14731_http---www.facebook.com_1080_0,test_fcc_trace_14731_http---www.facebook.com_1080_0,0.3861702127659576
fcc-valid_video1,final,100003,result_sim_abr_fcc-valid_test_fcc_trace_14731_http---www.facebook.com_1140_0,test_fcc_trace_14731_http---www.facebook.com_1140_0,0.3765957446808512
fcc-valid_video1,final,100003,result_sim_abr_fcc-valid_test_fcc_trace_14731_http---www.facebook.com_1320_0,test_fcc_trace_14731_http---www.facebook.com_1320_0,0.3574468085106383
fcc-valid_video1,final,100003,result_sim_abr_fcc-valid_test_fcc_trace_14731_http---www.facebook.com_1380_0,test_fcc_trace_14731_http---www.facebook.com_1380_0,-0.3554717763676331
fcc-valid_video1,final,100003,result_sim_abr_fcc-valid_test_fcc_trace_14731_http---www.facebook.com_180_0,test_fcc_trace_14731_http---www.facebook.com_180_0,0.24822097572482926
fcc-valid_video1,final,100003,result_sim_abr_fcc-valid_test_fcc_trace_14731_http---www.facebook.com_240_0,test_fcc_trace_14731_http---www.facebook.com_240_0,0.3574468085106383
fcc-valid_video1,final,100003,result_sim_abr_fcc-valid_test_fcc_trace_14731_http---www.facebook.com_300_0,test_fcc_trace_14731_http---www.facebook.com_300_0,-1.9656914815660635
fcc-valid_video1,final,100003,result_sim_abr_fcc-valid_test_fcc_trace_14731_http---www.facebook.com_360_0,test_fcc_trace_14731_http---www.facebook.com_360_0,0.3765957446808512
fcc-valid_video1,final,100003,result_sim_abr_fcc-valid_test_fcc_trace_14731_http---www.facebook.com_420_0,test_fcc_trace_14731_http---www.facebook.com_420_0,0.3765957446808511
fcc-valid_video1,final,100003,result_sim_abr_fcc-valid_test_fcc_trace_14731_http---www.facebook.com_480_0,test_fcc_trace_14731_http---www.facebook.com_480_0,-0.13339391966291173
fcc-valid_video1,final,100003,result_sim_abr_fcc-valid_test_fcc_trace_14731_http---www.facebook.com_600_0,test_fcc_trace_14731_http---www.facebook.com_600_0,0.39574468085106385
fcc-valid_video1,final,100003,result_sim_abr_fcc-valid_test_fcc_trace_14731_http---www.facebook.com_660_0,test_fcc_trace_14731_http---www.facebook.com_660_0,0.3861702127659575
fcc-valid_video1,final,100003,result_sim_abr_fcc-valid_test_fcc_trace_14731_http---www.facebook.com_720_0,test_fcc_trace_14731_http---www.facebook.com_720_0,0.3765957446808511
fcc-valid_video1,final,100003,result_sim_abr_fcc-valid_test_fcc_trace_14731_http---www.facebook.com_840_0,test_fcc_trace_14731_http---www.facebook.com_840_0,0.3861702127659575
fcc-valid_video1,final,100003,result_sim_abr_fcc-valid_test_fcc_trace_14731_http---www.facebook.com_900_0,test_fcc_trace_14731_http---www.facebook.com_900_0,0.32872340425531926
fcc-valid_video1,final,100003,result_sim_abr_fcc-valid_test_fcc_trace_14731_http---www.facebook.com_960_0,test_fcc_trace_14731_http---www.facebook.com_960_0,0.36702127659574474
fcc-valid_video1,final,100003,result_sim_abr_fcc-valid_test_fcc_trace_215364_http---www.ebay.com_0_0,test_fcc_trace_215364_http---www.ebay.com_0_0,0.8585106382978723
fcc-valid_video1,final,100003,result_sim_abr_fcc-valid_test_fcc_trace_215364_http---www.ebay.com_1020_0,test_fcc_trace_215364_http---www.ebay.com_1020_0,0.7421507744401921
fcc-valid_video1,final,100003,result_sim_abr_fcc-valid_test_fcc_trace_215364_http---www.ebay.com_1140_0,test_fcc_trace_215364_http---www.ebay.com_1140_0,0.8553191489361706
fcc-valid_video1,final,100003,result_sim_abr_fcc-valid_test_fcc_trace_215364_http---www.ebay.com_1200_0,test_fcc_trace_215364_http---www.ebay.com_1200_0,0.8010638297872343
fcc-valid_video1,final,100003,result_sim_abr_fcc-valid_test_fcc_trace_215364_http---www.ebay.com_1260_0,test_fcc_trace_215364_http---www.ebay.com_1260_0,0.7521276595744681
fcc-valid_video1,final,100003,result_sim_abr_fcc-valid_test_fcc_trace_215364_http---www.ebay.com_1320_0,test_fcc_trace_215364_http---www.ebay.com_1320_0,0.7117021276595745
fcc-valid_video1,final,100003,result_sim_abr_fcc-valid_test_fcc_trace_215364_http---www.ebay.com_1380_0,test_fcc_trace_215364_http---www.ebay.com_1380_0,0.7042553191489362
fcc-valid_video1,final,100003,result_sim_abr_fcc-valid_test_fcc_trace_215364_http---www.ebay.com_1440_0,test_fcc_trace_215364_http---www.ebay.com_1440_0,0.7212765957446808
fcc-valid_video1,final,100003,result_sim_abr_fcc-valid_test_fcc_trace_215364_http---www.ebay.com_1500_0,test_fcc_trace_215364_http---www.ebay.com_1500_0,0.6925531914893617
fcc-valid_video1,final,100003,result_sim_abr_fcc-valid_test_fcc_trace_215364_http---www.ebay.com_180_0,test_fcc_trace_215364_http---www.ebay.com_180_0,0.8287234042553192
fcc-valid_video1,final,100003,result_sim_abr_fcc-valid_test_fcc_trace_215364_http---www.ebay.com_300_0,test_fcc_trace_215364_http---www.ebay.com_300_0,0.6723404255319148
fcc-valid_video1,final,100003,result_sim_abr_fcc-valid_test_fcc_trace_215364_http---www.ebay.com_360_0,test_fcc_trace_215364_http---www.ebay.com_360_0,0.7404255319148936
fcc-valid_video1,final,100003,result_sim_abr_fcc-valid_test_fcc_trace_215364_http---www.ebay.com_420_0,test_fcc_trace_215364_http---www.ebay.com_420_0,0.8
fcc-valid_video1,final,100003,result_sim_abr_fcc-valid_test_fcc_trace_215364_http---www.ebay.com_480_0,test_fcc_trace_215364_http---www.ebay.com_480_0,0.723404255319149
fcc-valid_video1,final,100003,result_sim_abr_fcc-valid_test_fcc_trace_215364_http---www.ebay.com_540_0,test_fcc_trace_215364_http---www.ebay.com_540_0,0.7021276595744681
fcc-valid_video1,final,100003,result_sim_abr_fcc-valid_test_fcc_trace_215364_http---www.ebay.com_600_0,test_fcc_trace_215364_http---www.ebay.com_600_0,0.75
fcc-valid_video1,final,100003,result_sim_abr_fcc-valid_test_fcc_trace_215364_http---www.ebay.com_60_0,test_fcc_trace_215364_http---www.ebay.com_60_0,0.9287234042553193
fcc-valid_video1,final,100003,result_sim_abr_fcc-valid_test_fcc_trace_215364_http---www.ebay.com_660_0,test_fcc_trace_215364_http---www.ebay.com_660_0,0.7382978723404254
fcc-valid_video1,final,100003,result_sim_abr_fcc-valid_test_fcc_trace_215364_http---www.ebay.com_780_0,test_fcc_trace_215364_http---www.ebay.com_780_0,0.843617021276596
fcc-valid_video1,final,100003,result_sim_abr_fcc-valid_test_fcc_trace_215364_http---www.ebay.com_840_0,test_fcc_trace_215364_http---www.ebay.com_840_0,0.6595744680851062
fcc-valid_video1,final,100003,result_sim_abr_fcc-valid_test_fcc_trace_215364_http---www.ebay.com_900_0,test_fcc_trace_215364_http---www.ebay.com_900_0,0.7404255319148937
fcc-valid_video1,final,100003,result_sim_abr_fcc-valid_test_fcc_trace_216810_http---www.facebook.com_0_0,test_fcc_trace_216810_http---www.facebook.com_0_0,1.709574468085106
fcc-valid_video1,final,100003,result_sim_abr_fcc-valid_test_fcc_trace_216810_http---www.facebook.com_1140_0,test_fcc_trace_216810_http---www.facebook.com_1140_0,0.9212765957446809
fcc-valid_video1,final,100003,result_sim_abr_fcc-valid_test_fcc_trace_216810_http---www.facebook.com_120_0,test_fcc_trace_216810_http---www.facebook.com_120_0,1.4510638297872338
fcc-valid_video1,final,100003,result_sim_abr_fcc-valid_test_fcc_trace_216810_http---www.facebook.com_1320_0,test_fcc_trace_216810_http---www.facebook.com_1320_0,1.6989361702127652
fcc-valid_video1,final,100003,result_sim_abr_fcc-valid_test_fcc_trace_216810_http---www.facebook.com_1440_0,test_fcc_trace_216810_http---www.facebook.com_1440_0,1.767021276595744
fcc-valid_video1,final,100003,result_sim_abr_fcc-valid_test_fcc_trace_216810_http---www.facebook.com_180_0,test_fcc_trace_216810_http---www.facebook.com_180_0,1.6787234042553183
fcc-valid_video1,final,100003,result_sim_abr_fcc-valid_test_fcc_trace_216810_http---www.facebook.com_240_0,test_fcc_trace_216810_http---www.facebook.com_240_0,1.3691489361702127
fcc-valid_video1,final,100003,result_sim_abr_fcc-valid_test_fcc_trace_216810_http---www.facebook.com_300_0,test_fcc_trace_216810_http---www.facebook.com_300_0,1.2425531914893617
fcc-valid_video1,final,100003,result_sim_abr_fcc-valid_test_fcc_trace_216810_http---www.facebook.com_360_0,test_fcc_trace_216810_http---www.facebook.com_360_0,1.214893617021277
fcc-valid_video1,final,100003,result_sim_abr_fcc-valid_test_fcc_trace_216810_http---www.facebook.com_420_0,test_fcc_trace_216810_http---www.facebook.com_420_0,1.7553191489361692
fcc-valid_video1,final,100003,result_sim_abr_fcc-valid_test_fcc_trace_216810_http---www.facebook.com_480_0,test_fcc_trace_216810_http---www.facebook.com_480_0,1.3829787234042556
fcc-valid_video1,final,100003,result_sim_abr_fcc-valid_test_fcc_trace_216810_http---www.facebook.com_540_0,test_fcc_trace_216810_http---www.facebook.com_540_0,1.3147112063229307
fcc-valid_video1,final,100003,result_sim_abr_fcc-valid_test_fcc_trace_216810_http---www.facebook.com_600_0,test_fcc_trace_216810_http---www.facebook.com_600_0,1.4840425531914891
fcc-valid_video1,final,100003,result_sim_abr_fcc-valid_test_fcc_trace_216810_http---www.facebook.com_60_0,test_fcc_trace_216810_http---www.facebook.com_60_0,1.4680851063829787
fcc-valid_video1,final,100003,result_sim_abr_fcc-valid_test_fcc_trace_216810_http---www.facebook.com_660_0,test_fcc_trace_216810_http---www.facebook.com_660_0,1.5265957446808514
fcc-valid_video1,final,100003,result_sim_abr_fcc-valid_test_fcc_trace_216810_http---www.facebook.com_720_0,test_fcc_trace_216810_http---www.facebook.com_720_0,1.422340425531915
fcc-valid_video1,final,100003,result_sim_abr_fcc-valid_test_fcc_trace_216810_http---www.facebook.com_780_0,test_fcc_trace_216810_http---www.facebook.com_780_0,1.739361702127659
fcc-valid_video1,final,100003,result_sim_abr_fcc-valid_test_fcc_trace_216810_http---www.facebook.com_840_0,test_fcc_trace_216810_http---www.facebook.com_840_0,1.1638297872340428
fcc-valid_video1,final,100003,result_sim_abr_fcc-valid_test_fcc_trace_216810_http---www.facebook.com_900_0,test_fcc_trace_216810_http---www.facebook.com_900_0,1.218085106382979
fcc-valid_video1,final,100003,result_sim_abr_fcc-valid_test_fcc_trace_216810_http---www.facebook.com_960_0,test_fcc_trace_216810_http---www.facebook.com_960_0,1.720212765957446
fcc-valid_video1,final,100003,result_sim_abr_fcc-valid_test_fcc_trace_27175_http---www.amazon.com_0_0,test_fcc_trace_27175_http---www.amazon.com_0_0,-0.5325170099320423
fcc-valid_video1,final,100003,result_sim_abr_fcc-valid_test_fcc_trace_27175_http---www.amazon.com_1020_0,test_fcc_trace_27175_http---www.amazon.com_1020_0,1.7531914893617013
fcc-valid_video1,final,100003,result_sim_abr_fcc-valid_test_fcc_trace_27175_http---www.amazon.com_1140_0,test_fcc_trace_27175_http---www.amazon.com_1140_0,0.06465956068422568
fcc-valid_video1,final,100003,result_sim_abr_fcc-valid_test_fcc_trace_27175_http---www.amazon.com_1200_0,test_fcc_trace_27175_http---www.amazon.com_1200_0,1.3510638297872337
fcc-valid_video1,final,100003,result_sim_abr_fcc-valid_test_fcc_trace_27175_http---www.amazon.com_120_0,test_fcc_trace_27175_http---www.amazon.com_120_0,1.9372340425531904
fcc-valid_video1,final,100003,result_sim_abr_fcc-valid_test_fcc_trace_27175_http---www.amazon.com_1320_0,test_fcc_trace_27175_http---www.amazon.com_1320_0,0.577659574468085
fcc-valid_video1,final,100003,result_sim_abr_fcc-valid_test_fcc_trace_27175_http---www.amazon.com_1380_0,test_fcc_trace_27175_http---www.amazon.com_1380_0,0.59468085106383
fcc-valid_video1,final,100003,result_sim_abr_fcc-valid_test_fcc_trace_27175_http---www.amazon.com_1500_0,test_fcc_trace_27175_http---www.amazon.com_1500_0,1.172340425531915
fcc-valid_video1,final,100003,result_sim_abr_fcc-valid_test_fcc_trace_27175_http---www.amazon.com_180_0,test_fcc_trace_27175_http---www.amazon.com_180_0,0.48993759332703973
fcc-valid_video1,final,100003,result_sim_abr_fcc-valid_test_fcc_trace_27175_http---www.amazon.com_240_0,test_fcc_trace_27175_http---www.amazon.com_240_0,1.2042553191489365
fcc-valid_video1,final,100003,result_sim_abr_fcc-valid_test_fcc_trace_27175_http---www.amazon.com_300_0,test_fcc_trace_27175_http---www.amazon.com_300_0,0.5968085106382978
fcc-valid_video1,final,100004,result_sim_abr_fcc-valid_test_fcc_trace_10652_http---www.amazon.com_0_0,test_fcc_trace_10652_http---www.amazon.com_0_0,2.2797872340425522
fcc-valid_video1,final,100004,result_sim_abr_fcc-valid_test_fcc_trace_10652_http---www.amazon.com_1020_0,test_fcc_trace_10652_http---www.amazon.com_1020_0,1.9574468085106373
fcc-valid_video1,final,100004,result_sim_abr_fcc-valid_test_fcc_trace_10652_http---www.amazon.com_1080_0,test_fcc_trace_10652_http---www.amazon.com_1080_0,2.062765957446808
fcc-valid_video1,final,100004,result_sim_abr_fcc-valid_test_fcc_trace_10652_http---www.amazon.com_1200_0,test_fcc_trace_10652_http---www.amazon.com_1200_0,0.5893617021276597
fcc-valid_video1,final,100004,result_sim_abr_fcc-valid_test_fcc_trace_10652_http---www.amazon.com_120_0,test_fcc_trace_10652_http---www.amazon.com_120_0,-2.7544821723501443
fcc-valid_video1,final,100004,result_sim_abr_fcc-valid_test_fcc_trace_10652_http---www.amazon.com_1260_0,test_fcc_trace_10652_http---www.amazon.com_1260_0,0.4531914893617021
fcc-valid_video1,final,100004,result_sim_abr_fcc-valid_test_fcc_trace_10652_http---www.amazon.com_1320_0,test_fcc_trace_10652_http---www.amazon.com_1320_0,0.43404255319148943
fcc-valid_video1,final,100004,result_sim_abr_fcc-valid_test_fcc_trace_10652_http---www.amazon.com_1380_0,test_fcc_trace_10652_http---www.amazon.com_1380_0,0.39574468085106385
fcc-valid_video1,final,100004,result_sim_abr_fcc-valid_test_fcc_trace_10652_http---www.amazon.com_240_0,test_fcc_trace_10652_http---www.amazon.com_240_0,-3.2086356141872114
fcc-valid_video1,final,100004,result_sim_abr_fcc-valid_test_fcc_trace_10652_http---www.amazon.com_300_0,test_fcc_trace_10652_http---www.amazon.com_300_0,-0.666632894292466
fcc-valid_video1,final,100004,result_sim_abr_fcc-valid_test_fcc_trace_10652_http---www.amazon.com_360_0,test_fcc_trace_10652_http---www.amazon.com_360_0,0.39574468085106385
fcc-valid_video1,final,100004,result_sim_abr_fcc-valid_test_fcc_trace_10652_http---www.amazon.com_540_0,test_fcc_trace_10652_http---www.amazon.com_540_0,0.41957653817518337
fcc-valid_video1,final,100004,result_sim_abr_fcc-valid_test_fcc_trace_10652_http---www.amazon.com_720_0,test_fcc_trace_10652_http---www.amazon.com_720_0,2.113829787234042
fcc-valid_video1,final,100004,result_sim_abr_fcc-valid_test_fcc_trace_10652_http---www.amazon.com_780_0,test_fcc_trace_10652_http---www.amazon.com_780_0,2.4095744680851054
fcc-valid_video1,final,100004,result_sim_abr_fcc-valid_test_fcc_trace_10652_http---www.amazon.com_840_0,test_fcc_trace_10652_http---www.amazon.com_840_0,2.4744680851063823
fcc-valid_video1,final,100004,result_sim_abr_fcc-valid_test_fcc_trace_10652_http---www.amazon.com_900_0,test_fcc_trace_10652_http---www.amazon.com_900_0,1.9361702127659566
fcc-valid_video1,final,100004,result_sim_abr_fcc-valid_test_fcc_trace_1171_http---www.yahoo.com_0_0,test_fcc_trace_1171_http---www.yahoo.com_0_0,0.6063829787234043
fcc-valid_video1,final,100004,result_sim_abr_fcc-valid_test_fcc_trace_1171_http---www.yahoo.com_1020_0,test_fcc_trace_1171_http---www.yahoo.com_1020_0,0.6734042553191488
fcc-valid_video1,final,100004,result_sim_abr_fcc-valid_test_fcc_trace_1171_http---www.yahoo.com_1080_0,test_fcc_trace_1171_http---www.yahoo.com_1080_0,0.6446808510638298
fcc-valid_video1,final,100004,result_sim_abr_fcc-valid_test_fcc_trace_1171_http---www.yahoo.com_1140_0,test_fcc_trace_1171_http---www.yahoo.com_1140_0,0.6861702127659575
fcc-valid_video1,final,100004,result_sim_abr_fcc-valid_test_fcc_trace_1171_http---www.yahoo.com_1200_0,test_fcc_trace_1171_http---www.yahoo.com_1200_0,0.6734042553191488
fcc-valid_video1,final,100004,result_sim_abr_fcc-valid_test_fcc_trace_1171_http---www.yahoo.com_120_0,test_fcc_trace_1171_http---www.yahoo.com_120_0,0.5968085106382979
fcc-valid_video1,final,100004,result_sim_abr_fcc-valid_test_fcc_trace_1171_http---www.yahoo.com_1320_0,test_fcc_trace_1171_http---www.yahoo.com_1320_0,0.7212765957446808
fcc-valid_video1,final,100004,result_sim_abr_fcc-valid_test_fcc_trace_1171_http---www.yahoo.com_1440_0,test_fcc_trace_1171_http---www.yahoo.com_1440_0,0.5968085106382979
fcc-valid_video1,final,100004,result_sim_abr_fcc-valid_test_fcc_trace_1171_http---www.yahoo.com_180_0,test_fcc_trace_1171_http---www.yahoo.com_180_0,0.6446808510638297
fcc-valid_video1,final,100004,result_sim_abr_fcc-valid_test_fcc_trace_1171_http---www.yahoo.com_420_0,test_fcc_trace_1171_http---www.yahoo.com_420_0,0.5297872340425531
fcc-valid_video1,final,100004,result_sim_abr_fcc-valid_test_fcc_trace_1171_http---www.yahoo.com_600_0,test_fcc_trace_1171_http---www.yahoo.com_600_0,0.5968085106382979
fcc-valid_video1,final,100004,result_sim_abr_fcc-valid_test_fcc_trace_1171_http---www.yahoo.com_60_0,test_fcc_trace_1171_http---www.yahoo.com_60_0,0.6542553191489361
fcc-valid_video1,final,100004,result_sim_abr_fcc-valid_test_fcc_trace_1171_http---www.yahoo.com_660_0,test_fcc_trace_1171_http---www.yahoo.com_660_0,0.5872340425531916
fcc-valid_video1,final,100004,result_sim_abr_fcc-valid_test_fcc_trace_1171_http---www.yahoo.com_840_0,test_fcc_trace_1171_http---www.yahoo.com_840_0,0.6829787234042554
fcc-valid_video1,final,100004,result_sim_abr_fcc-valid_test_fcc_trace_14731_http---www.facebook.com_0_0,test_fcc_trace_14731_http---www.facebook.com_0_0,0.3000000000000001
fcc-valid_video1,final,100004,result_sim_abr_fcc-valid_test_fcc_trace_14731_http---www.facebook.com_1020_0,test_fcc_trace_14731_http---www.facebook.com_1020_0,0.4053191489361702
fcc-valid_video1,final,100004,result_sim_abr_fcc-valid_test_fcc_trace_14731_http---www.facebook.com_1080_0,test_fcc_trace_14731_http---www.facebook.com_1080_0,0.3765957446808511
fcc-valid_video1,final,100004,result_sim_abr_fcc-valid_test_fcc_trace_14731_http---www.facebook.com_1140_0,test_fcc_trace_14731_http---www.facebook.com_1140_0,0.15199865919457206
fcc-valid_video1,final,100004,result_sim_abr_fcc-valid_test_fcc_trace_14731_http---www.facebook.com_1320_0,test_fcc_trace_14731_http---www.facebook.com_1320_0,0.3574468085106383
fcc-valid_video1,final,100004,result_sim_abr_fcc-valid_test_fcc_trace_14731_http---www.facebook.com_1380_0,test_fcc_trace_14731_http---www.facebook.com_1380_0,0.3670212765957447
fcc-valid_video1,final,100004,result_sim_abr_fcc-valid_test_fcc_trace_14731_http---www.facebook.com_180_0,test_fcc_trace_14731_http---www.facebook.com_180_0,0.32872340425531926
fcc-valid_video1,final,100004,result_sim_abr_fcc-valid_test_fcc_trace_14731_http---www.facebook.com_240_0,test_fcc_trace_14731_http---www.facebook.com_240_0,0.3670212765957447
fcc-valid_video1,final,100004,result_sim_abr_fcc-valid_test_fcc_trace_14731_http---www.facebook.com_300_0,test_fcc_trace_14731_http---www.facebook.com_300_0,0.39574468085106385
fcc-valid_video1,final,100004,result_sim_abr_fcc-valid_test_fcc_trace_14731_http---www.facebook.com_360_0,test_fcc_trace_14731_http---www.facebook.com_360_0,0.4148936170212767
fcc-valid_video1,final,100004,result_sim_abr_fcc-valid_test_fcc_trace_14731_http---www.facebook.com_420_0,test_fcc_trace_14731_http---www.facebook.com_420_0,0.3765957446808511
fcc-valid_video1,final,100004,result_sim_abr_fcc-valid_test_fcc_trace_14731_http---www.facebook.com_480_0,test_fcc_trace_14731_http---www.facebook.com_480_0,0.4148936170212766
fcc-valid_video1,final,100004,result_sim_abr_fcc-valid_test_fcc_trace_14731_http---www.facebook.com_600_0,test_fcc_trace_14731_http---www.facebook.com_600_0,0.4148936170212767
fcc-valid_video1,final,100004,result_sim_abr_fcc-valid_test_fcc_trace_14731_http---www.facebook.com_660_0,test_fcc_trace_14731_http---www.facebook.com_660_0,0.39574468085106396
fcc-valid_video1,final,100004,result_sim_abr_fcc-valid_test_fcc_trace_14731_http---www.facebook.com_720_0,test_fcc_trace_14731_http---www.facebook.com_720_0,0.4053191489361702
fcc-valid_video1,final,100004,result_sim_abr_fcc-valid_test_fcc_trace_14731_http---www.facebook.com_840_0,test_fcc_trace_14731_http---www.facebook.com_840_0,0.39574468085106385
fcc-valid_video1,final,100004,result_sim_abr_fcc-valid_test_fcc_trace_14731_http---www.facebook.com_900_0,test_fcc_trace_14731_http---www.facebook.com_900_0,0.3765957446808511
fcc-valid_video1,final,100004,result_sim_abr_fcc-valid_test_fcc_trace_14731_http---www.facebook.com_960_0,test_fcc_trace_14731_http---www.facebook.com_960_0,0.33829787234042563
fcc-valid_video1,final,100004,result_sim_abr_fcc-valid_test_fcc_trace_215364_http---www.ebay.com_0_0,test_fcc_trace_215364_http---www.ebay.com_0_0,0.6925531914893617
fcc-valid_video1,final,100004,result_sim_abr_fcc-valid_test_fcc_trace_215364_http---www.ebay.com_1020_0,test_fcc_trace_215364_http---www.ebay.com_1020_0,0.6446808510638298
fcc-valid_video1,final,100004,result_sim_abr_fcc-valid_test_fcc_trace_215364_http---www.ebay.com_1140_0,test_fcc_trace_215364_http---www.ebay.com_1140_0,0.5968085106382979
fcc-valid_video1,final,100004,result_sim_abr_fcc-valid_test_fcc_trace_215364_http---www.ebay.com_1200_0,test_fcc_trace_215364_http---www.ebay.com_1200_0,0.7446808510638298
fcc-valid_video1,final,100004,result_sim_abr_fcc-valid_test_fcc_trace_215364_http---www.ebay.com_1260_0,test_fcc_trace_215364_http---www.ebay.com_1260_0,0.7404255319148937
fcc-valid_video1,final,100004,result_sim_abr_fcc-valid_test_fcc_trace_215364_http---www.ebay.com_1320_0,test_fcc_trace_215364_http---www.ebay.com_1320_0,0.6446808510638298
fcc-valid_video1,final,100004,result_sim_abr_fcc-valid_test_fcc_trace_215364_http---www.ebay.com_1380_0,test_fcc_trace_215364_http---www.ebay.com_1380_0,0.5585106382978723
fcc-valid_video1,final,100004,result_sim_abr_fcc-valid_test_fcc_trace_215364_http---www.ebay.com_1440_0,test_fcc_trace_215364_http---www.ebay.com_1440_0,0.6159574468085105
fcc-valid_video1,final,100004,result_sim_abr_fcc-valid_test_fcc_trace_215364_http---www.ebay.com_1500_0,test_fcc_trace_215364_http---www.ebay.com_1500_0,0.5393617021276595
fcc-valid_video1,final,100004,result_sim_abr_fcc-valid_test_fcc_trace_215364_http---www.ebay.com_180_0,test_fcc_trace_215364_http---www.ebay.com_180_0,0.847872340425532
fcc-valid_video1,final,100004,result_sim_abr_fcc-valid_test_fcc_trace_215364_http---www.ebay.com_300_0,test_fcc_trace_215364_http---www.ebay.com_300_0,0.6351063829787235
fcc-valid_video1,final,100004,result_sim_abr_fcc-valid_test_fcc_trace_215364_http---www.ebay.com_360_0,test_fcc_trace_215364_http---www.ebay.com_360_0,0.7095744680851064
fcc-valid_video1,final,100004,result_sim_abr_fcc-valid_test_fcc_trace_215364_http---www.ebay.com_420_0,test_fcc_trace_215364_http---www.ebay.com_420_0,0.625531914893617
fcc-valid_video1,final,100004,result_sim_abr_fcc-valid_test_fcc_trace_215364_http---www.ebay.com_480_0,test_fcc_trace_215364_http---www.ebay.com_480_0,0.6446808510638297
fcc-valid_video1,final,100004,result_sim_abr_fcc-valid_test_fcc_trace_215364_http---www.ebay.com_540_0,test_fcc_trace_215364_http---www.ebay.com_540_0,0.6829787234042553
fcc-valid_video1,final,100004,result_sim_abr_fcc-valid_test_fcc_trace_215364_http---www.ebay.com_600_0,test_fcc_trace_215364_http---www.ebay.com_600_0,0.6638297872340424
fcc-valid_video1,final,100004,result_sim_abr_fcc-valid_test_fcc_trace_215364_http---www.ebay.com_60_0,test_fcc_trace_215364_http---www.ebay.com_60_0,0.6159574468085106
fcc-valid_video1,final,100004,result_sim_abr_fcc-valid_test_fcc_trace_215364_http---www.ebay.com_660_0,test_fcc_trace_215364_http---www.ebay.com_660_0,0.7265957446808511
fcc-valid_video1,final,100004,result_sim_abr_fcc-valid_test_fcc_trace_215364_http---www.ebay.com_780_0,test_fcc_trace_215364_http---www.ebay.com_780_0,0.7117021276595745
fcc-valid_video1,final,100004,result_sim_abr_fcc-valid_test_fcc_trace_215364_http---www.ebay.com_840_0,test_fcc_trace_215364_http---www.ebay.com_840_0,0.49287140150063974
fcc-valid_video1,final,100004,result_sim_abr_fcc-valid_test_fcc_trace_215364_http---www.ebay.com_900_0,test_fcc_trace_215364_http---www.ebay.com_900_0,0.721276595744681
fcc-valid_video1,final,100004,result_sim_abr_fcc-valid_test_fcc_trace_216810_http---www.facebook.com_0_0,test_fcc_trace_216810_http---www.facebook.com_0_0,1.5818714088788366
fcc-valid_video1,final,100004,result_sim_abr_fcc-valid_test_fcc_trace_216810_http---www.facebook.com_1140_0,test_fcc_trace_216810_http---www.facebook.com_1140_0,-0.2378796017051319
fcc-valid_video1,final,100004,result_sim_abr_fcc-valid_test_fcc_trace_216810_http---www.facebook.com_120_0,test_fcc_trace_216810_http---www.facebook.com_120_0,1.0031656940460247
fcc-valid_video1,final,100004,result_sim_abr_fcc-valid_test_fcc_trace_216810_http---www.facebook.com_1320_0,test_fcc_trace_216810_http---www.facebook.com_1320_0,1.8617021276595735
fcc-valid_video1,final,100004,result_sim_abr_fcc-valid_test_fcc_trace_216810_http---www.facebook.com_1440_0,test_fcc_trace_216810_http---www.facebook.com_1440_0,1.8531914893617014
fcc-valid_video1,final,100004,result_sim_abr_fcc-valid_test_fcc_trace_216810_http---www.facebook.com_180_0,test_fcc_trace_216810_http---www.facebook.com_180_0,0.9115618489668545
fcc-valid_video1,final,100004,result_sim_abr_fcc-valid_test_fcc_trace_216810_http---www.facebook.com_240_0,test_fcc_trace_216810_http---www.facebook.com_240_0,0.39336292405660905
fcc-valid_video1,final,100004,result_sim_abr_fcc-valid_test_fcc_trace_216810_http---www.facebook.com_300_0,test_fcc_trace_216810_http---www.facebook.com_300_0,1.2842103343221603
fcc-valid_video1,final,100004,result_sim_abr_fcc-valid_test_fcc_trace_216810_http---www.facebook.com_360_0,test_fcc_trace_216810_http---www.facebook.com_360_0,0.9989361702127662
fcc-valid_video1,final,100004,result_sim_abr_fcc-valid_test_fcc_trace_216810_http---www.facebook.com_420_0,test_fcc_trace_216810_http---www.facebook.com_420_0,1.769148936170212
fcc-valid_video1,final,100004,result_sim_abr_fcc-valid_test_fcc_trace_216810_http---www.facebook.com_480_0,test_fcc_trace_216810_http---www.facebook.com_480_0,0.8091705155061806
fcc-valid_video1,final,100004,result_sim_abr_fcc-valid_test_fcc_trace_216810_http---www.facebook.com_540_0,test_fcc_trace_216810_http---www.facebook.com_540_0,1.2904255319148938
fcc-valid_video1,final,100004,result_sim_abr_fcc-valid_test_fcc_trace_216810_http---www.facebook.com_600_0,test_fcc_trace_216810_http---www.facebook.com_600_0,0.5159171632629287
fcc-valid_video1,final,100004,result_sim_abr_fcc-valid_test_fcc_trace_216810_http---www.facebook.com_60_0,test_fcc_trace_216810_http---www.facebook.com_60_0,1.1606382978723406
fcc-valid_video1,final,100004,result_sim_abr_fcc-valid_test_fcc_trace_216810_http---www.facebook.com_660_0,test_fcc_trace_216810_http---www.facebook.com_660_0,1.3735444252767732
fcc-valid_video1,final,100004,result_sim_abr_fcc-valid_test_fcc_trace_216810_http---www.facebook.com_720_0,test_fcc_trace_216810_http---www.facebook.com_720_0,0.02729278261477611
fcc-valid_video1,final,100004,result_sim_abr_fcc-valid_test_fcc_trace_216810_http---www.facebook.com_780_0,test_fcc_trace_216810_http---www.facebook.com_780_0,1.7989361702127655
fcc-valid_video1,final,100004,result_sim_abr_fcc-valid_test_fcc_trace_216810_http---www.facebook.com_840_0,test_fcc_trace_216810_http---www.facebook.com_840_0,0.5923254768286648
fcc-valid_video1,final,100004,result_sim_abr_fcc-valid_test_fcc_trace_216810_http---www.facebook.com_900_0,test_fcc_trace_216810_http---www.facebook.com_900_0,1.1712765957446811
fcc-valid_video1,final,100004,result_sim_abr_fcc-valid_test_fcc_trace_216810_http---www.facebook.com_960_0,test_fcc_trace_216810_http---www.facebook.com_960_0,1.7797872340425527
fcc-valid_video1,final,100004,result_sim_abr_fcc-valid_test_fcc_trace_27175_http---www.amazon.com_0_0,test_fcc_trace_27175_http---www.amazon.com_0_0,-1.2178250425955035
fcc-valid_video1,final,100004,result_sim_abr_fcc-valid_test_fcc_trace_27175_http---www.amazon.com_1020_0,test_fcc_trace_27175_http---www.amazon.com_1020_0,2.058510638297872
fcc-valid_video1,final,100004,result_sim_abr_fcc-valid_test_fcc_trace_27175_http---www.amazon.com_1140_0,test_fcc_trace_27175_http---www.amazon.com_1140_0,0.5872340425531916
fcc-valid_video1,final,100004,result_sim_abr_fcc-valid_test_fcc_trace_27175_http---www.amazon.com_1200_0,test_fcc_trace_27175_http---www.amazon.com_1200_0,-0.6296537076067382
fcc-valid_video1,final,100004,result_sim_abr_fcc-valid_test_fcc_trace_27175_http---www.amazon.com_120_0,test_fcc_trace_27175_http---www.amazon.com_120_0,2.1425531914893607
fcc-valid_video1,final,100004,result_sim_abr_fcc-valid_test_fcc_trace_27175_http---www.amazon.com_1320_0,test_fcc_trace_27175_http---www.amazon.com_1320_0,0.5872340425531913
fcc-valid_video1,final,100004,result_sim_abr_fcc-valid_test_fcc_trace_27175_http---www.amazon.com_1380_0,test_fcc_trace_27175_http---www.amazon.com_1380_0,0.5776595744680851
fcc-valid_video1,final,100004,result_sim_abr_fcc-valid_test_fcc_trace_27175_http---www.amazon.com_1500_0,test_fcc_trace_27175_http---www.amazon.com_1500_0,1.0787234042553193
fcc-valid_video1,final,100004,result_sim_abr_fcc-valid_test_fcc_trace_27175_http---www.amazon.com_180_0,test_fcc_trace_27175_http---www.amazon.com_180_0,1.3010638297872341
fcc-valid_video1,final,100004,result_sim_abr_fcc-valid_test_fcc_trace_27175_http---www.amazon.com_240_0,test_fcc_trace_27175_http---www.amazon.com_240_0,1.0765957446808512
fcc-valid_video1,final,100004,result_sim_abr_fcc-valid_test_fcc_trace_27175_http---www.amazon.com_300_0,test_fcc_trace_27175_http---www.amazon.com_300_0,0.5585106382978723
fcc-valid_video1,final,100005,result_sim_abr_fcc-valid_test_fcc_trace_10652_http---www.amazon.com_0_0,test_fcc_trace_10652_http---www.amazon.com_0_0,2.228723404255319
fcc-valid_video1,final,100005,result_sim_abr_fcc-valid_test_fcc_trace_10652_http---www.amazon.com_1020_0,test_fcc_trace_10652_http---www.amazon.com_1020_0,2.237234042553191
fcc-valid_video1,final,100005,result_sim_abr_fcc-valid_test_fcc_trace_10652_http---www.amazon.com_1080_0,test_fcc_trace_10652_http---www.amazon.com_1080_0,1.9851063829787234
fcc-valid_video1,final,100005,result_sim_abr_fcc-valid_test_fcc_trace_10652_http---www.amazon.com_1200_0,test_fcc_trace_10652_http---www.amazon.com_1200_0,0.47234042553191485
fcc-valid_video1,final,100005,result_sim_abr_fcc-valid_test_fcc_trace_10652_http---www.amazon.com_120_0,test_fcc_trace_10652_http---www.amazon.com_120_0,-2.0001503854360734
fcc-valid_video1,final,100005,result_sim_abr_fcc-valid_test_fcc_trace_10652_http---www.amazon.com_1260_0,test_fcc_trace_10652_http---www.amazon.com_1260_0,0.42446808510638306
fcc-valid_video1,final,100005,result_sim_abr_fcc-valid_test_fcc_trace_10652_http---www.amazon.com_1320_0,test_fcc_trace_10652_http---www.amazon.com_1320_0,0.36702127659574474
fcc-valid_video1,final,100005,result_sim_abr_fcc-valid_test_fcc_trace_10652_http---www.amazon.com_1380_0,test_fcc_trace_10652_http---www.amazon.com_1380_0,0.4053191489361703
fcc-valid_video1,final,100005,result_sim_abr_fcc-valid_test_fcc_trace_10652_http---www.amazon.com_240_0,test_fcc_trace_10652_http---www.amazon.com_240_0,-2.399240626896526
fcc-valid_video1,final,100005,result_sim_abr_fcc-valid_test_fcc_trace_10652_http---www.amazon.com_300_0,test_fcc_trace_10652_http---www.amazon.com_300_0,0.49255319148936183
fcc-valid_video1,final,100005,result_sim_abr_fcc-valid_test_fcc_trace_10652_http---www.amazon.com_360_0,test_fcc_trace_10652_http---www.amazon.com_360_0,0.3574468085106383
fcc-valid_video1,final,100005,result_sim_abr_fcc-valid_test_fcc_trace_10652_http---www.amazon.com_540_0,test_fcc_trace_10652_http---www.amazon.com_540_0,-5.973992218895926
fcc-valid_video1,final,100005,result_sim_abr_fcc-valid_test_fcc_trace_10652_http---www.amazon.com_720_0,test_fcc_trace_10652_http---www.amazon.com_720_0,2.582978723404255
fcc-valid_video1,final,100005,result_sim_abr_fcc-valid_test_fcc_trace_10652_http---www.amazon.com_780_0,test_fcc_trace_10652_http---www.amazon.com_780_0,2.3074468085106377
fcc-valid_video1,final,100005,result_sim_abr_fcc-valid_test_fcc_trace_10652_http---www.amazon.com_840_0,test_fcc_trace_10652_http---www.amazon.com_840_0,2.469148936170212
fcc-valid_video1,final,100005,result_sim_abr_fcc-valid_test_fcc_trace_10652_http---www.amazon.com_900_0,test_fcc_trace_10652_http---www.amazon.com_900_0,2.1712765957446805
fcc-valid_video1,final,100005,result_sim_abr_fcc-valid_test_fcc_trace_1171_http---www.yahoo.com_0_0,test_fcc_trace_1171_http---www.yahoo.com_0_0,0.7117021276595745
fcc-valid_video1,final,100005,result_sim_abr_fcc-valid_test_fcc_trace_1171_http---www.yahoo.com_1020_0,test_fcc_trace_1171_http---www.yahoo.com_1020_0,0.6446808510638298
fcc-valid_video1,final,100005,result_sim_abr_fcc-valid_test_fcc_trace_1171_http---www.yahoo.com_1080_0,test_fcc_trace_1171_http---www.yahoo.com_1080_0,0.6753944269821045
fcc-valid_video1,final,100005,result_sim_abr_fcc-valid_test_fcc_trace_1171_http---www.yahoo.com_1140_0,test_fcc_trace_1171_http---www.yahoo.com_1140_0,0.5872340425531914
fcc-valid_video1,final,100005,result_sim_abr_fcc-valid_test_fcc_trace_1171_http---www.yahoo.com_1200_0,test_fcc_trace_1171_http---www.yahoo.com_1200_0,0.6734042553191489
fcc-valid_video1,final,100005,result_sim_abr_fcc-valid_test_fcc_trace_1171_http---www.yahoo.com_120_0,test_fcc_trace_1171_http---www.yahoo.com_120_0,0.6159574468085106
fcc-valid_video1,final,100005,result_sim_abr_fcc-valid_test_fcc_trace_1171_http---www.yahoo.com_1320_0,test_fcc_trace_1171_http---www.yahoo.com_1320_0,0.6542553191489362
fcc-valid_video1,final,100005,result_sim_abr_fcc-valid_test_fcc_trace_1171_http---www.yahoo.com_1440_0,test_fcc_trace_1171_http---www.yahoo.com_1440_0,0.6351063829787233
fcc-valid_video1,final,100005,result_sim_abr_fcc-valid_test_fcc_trace_1171_http---www.yahoo.com_180_0,test_fcc_trace_1171_http---www.yahoo.com_180_0,0.6159574468085105
fcc-valid_video1,final,100005,result_sim_abr_fcc-valid_test_fcc_trace_1171_http---www.yahoo.com_420_0,test_fcc_trace_1171_http---www.yahoo.com_420_0,0.548936170212766
fcc-valid_video1,final,100005,result_sim_abr_fcc-valid_test_fcc_trace_1171_http---www.yahoo.com_600_0,test_fcc_trace_1171_http---www.yahoo.com_600_0,0.6882978723404256
fcc-valid_video1,final,100005,result_sim_abr_fcc-valid_test_fcc_trace_1171_http---www.yahoo.com_60_0,test_fcc_trace_1171_http---www.yahoo.com_60_0,0.6106382978723404
fcc-valid_video1,final,100005,result_sim_abr_fcc-valid_test_fcc_trace_1171_http---www.yahoo.com_660_0,test_fcc_trace_1171_http---www.yahoo.com_660_0,0.6212765957446809
fcc-valid_video1,final,100005,result_sim_abr_fcc-valid_test_fcc_trace_1171_http---www.yahoo.com_840_0,test_fcc_trace_1171_http---www.yahoo.com_840_0,0.5680851063829786
fcc-valid_video1,final,100005,result_sim_abr_fcc-valid_test_fcc_trace_14731_http---www.facebook.com_0_0,test_fcc_trace_14731_http---www.facebook.com_0_0,0.05008911416278677
fcc-valid_video1,final,100005,result_sim_abr_fcc-valid_test_fcc_trace_14731_http---www.facebook.com_1020_0,test_fcc_trace_14731_http---www.facebook.com_1020_0,0.3765957446808511
fcc-valid_video1,final,100005,result_sim_abr_fcc-valid_test_fcc_trace_14731_http---www.facebook.com_1080_0,test_fcc_trace_14731_http---www.facebook.com_1080_0,0.36702127659574474
fcc-valid_video1,final,100005,result_sim_abr_fcc-valid_test_fcc_trace_14731_http---www.facebook.com_1140_0,test_fcc_trace_14731_http---www.facebook.com_1140_0,0.235789507618175
fcc-valid_video1,final,100005,result_sim_abr_fcc-valid_test_fcc_trace_14731_http---www.facebook.com_1320_0,test_fcc_trace_14731_http---www.facebook.com_1320_0,0.3861702127659575
fcc-valid_video1,final,100005,result_sim_abr_fcc-valid_test_fcc_trace_14731_http---www.facebook.com_1380_0,test_fcc_trace_14731_http---www.facebook.com_1380_0,0.39574468085106385
fcc-valid_video1,final,100005,result_sim_abr_fcc-valid_test_fcc_trace_14731_http---www.facebook.com_180_0,test_fcc_trace_14731_http---www.facebook.com_180_0,0.33829787234042563
fcc-valid_video1,final,100005,result_sim_abr_fcc-valid_test_fcc_trace_14731_http---www.facebook.com_240_0,test_fcc_trace_14731_http---www.facebook.com_240_0,0.34787234042553195
fcc-valid_video1,final,100005,result_sim_abr_fcc-valid_test_fcc_trace_14731_http---www.facebook.com_300_0,test_fcc_trace_14731_http---www.facebook.com_300_0,0.4053191489361703
fcc-valid_video1,final,100005,result_sim_abr_fcc-valid_test_fcc_trace_14731_http---www.facebook.com_360_0,test_fcc_trace_14731_http---www.facebook.com_360_0,0.42446808510638306
fcc-valid_video1,final,100005,result_sim_abr_fcc-valid_test_fcc_trace_14731_http---www.facebook.com_420_0,test_fcc_trace_14731_http---www.facebook.com_420_0,0.36702127659574474
fcc-valid_video1,final,100005,result_sim_abr_fcc-valid_test_fcc_trace_14731_http---www.facebook.com_480_0,test_fcc_trace_14731_http---www.facebook.com_480_0,0.42446808510638306
fcc-valid_video1,final,100005,result_sim_abr_fcc-valid_test_fcc_trace_14731_http---www.facebook.com_600_0,test_fcc_trace_14731_http---www.facebook.com_600_0,0.3861702127659575
fcc-valid_video1,final,100005,result_sim_abr_fcc-valid_test_fcc_trace_14731_http---www.facebook.com_660_0,test_fcc_trace_14731_http---www.facebook.com_660_0,0.39574468085106396
fcc-valid_video1,final,100005,result_sim_abr_fcc-valid_test_fcc_trace_14731_http---www.facebook.com_720_0,test_fcc_trace_14731_http---www.facebook.com_720_0,0.42446808510638295
fcc-valid_video1,final,100005,result_sim_abr_fcc-valid_test_fcc_trace_14731_http---www.facebook.com_840_0,test_fcc_trace_14731_http---www.facebook.com_840_0,0.39574468085106396
fcc-valid_video1,final,100005,result_sim_abr_fcc-valid_test_fcc_trace_14731_http---www.facebook.com_900_0,test_fcc_trace_14731_http---www.facebook.com_900_0,0.3574468085106383
fcc-valid_video1,final,100005,result_sim_abr_fcc-valid_test_fcc_trace_14731_http---www.facebook.com_960_0,test_fcc_trace_14731_http---www.facebook.com_960_0,0.39574468085106385
fcc-valid_video1,final,100005,result_sim_abr_fcc-valid_test_fcc_trace_215364_http---www.ebay.com_0_0,test_fcc_trace_215364_http---www.ebay.com_0_0,0.8351063829787239
fcc-valid_video1,final,100005,result_sim_abr_fcc-valid_test_fcc_trace_215364_http---www.ebay.com_1020_0,test_fcc_trace_215364_http---www.ebay.com_1020_0,0.8159574468085107
fcc-valid_video1,final,100005,result_sim_abr_fcc-valid_test_fcc_trace_215364_http---www.ebay.com_1140_0,test_fcc_trace_215364_http---www.ebay.com_1140_0,0.7276595744680852
fcc-valid_video1,final,100005,result_sim_abr_fcc-valid_test_fcc_trace_215364_http---www.ebay.com_1200_0,test_fcc_trace_215364_http---www.ebay.com_1200_0,0.7585106382978724
fcc-valid_video1,final,100005,result_sim_abr_fcc-valid_test_fcc_trace_215364_http---www.ebay.com_1260_0,test_fcc_trace_215364_http---www.ebay.com_1260_0,0.7500000000000001
fcc-valid_video1,final,100005,result_sim_abr_fcc-valid_test_fcc_trace_215364_http---www.ebay.com_1320_0,test_fcc_trace_215364_http---www.ebay.com_1320_0,0.6968085106382979
fcc-valid_video1,final,100005,result_sim_abr_fcc-valid_test_fcc_trace_215364_http---www.ebay.com_1380_0,test_fcc_trace_215364_http---www.ebay.com_1380_0,0.7404255319148936
fcc-valid_video1,final,100005,result_sim_abr_fcc-valid_test_fcc_trace_215364_http---www.ebay.com_1440_0,test_fcc_trace_215364_http---www.ebay.com_1440_0,0.7212765957446808
fcc-valid_video1,final,100005,result_sim_abr_fcc-valid_test_fcc_trace_215364_http---www.ebay.com_1500_0,test_fcc_trace_215364_http---www.ebay.com_1500_0,0.6542553191489362
fcc-valid_video1,final,100005,result_sim_abr_fcc-valid_test_fcc_trace_215364_http---www.ebay.com_180_0,test_fcc_trace_215364_http---www.ebay.com_180_0,0.864893617021277
fcc-valid_video1,final,100005,result_sim_abr_fcc-valid_test_fcc_trace_215364_http---www.ebay.com_300_0,test_fcc_trace_215364_http---www.ebay.com_300_0,0.6829787234042553
fcc-valid_video1,final,100005,result_sim_abr_fcc-valid_test_fcc_trace_215364_http---www.ebay.com_360_0,test_fcc_trace_215364_http---www.ebay.com_360_0,0.6574468085106384
fcc-valid_video1,final,100005,result_sim_abr_fcc-valid_test_fcc_trace_215364_http---www.ebay.com_420_0,test_fcc_trace_215364_http---www.ebay.com_420_0,0.6542553191489361
fcc-valid_video1,final,100005,result_sim_abr_fcc-valid_test_fcc_trace_215364_http---www.ebay.com_480_0,test_fcc_trace_215364_http---www.ebay.com_480_0,0.6734042553191489
fcc-valid_video1,final,100005,result_sim_abr_fcc-valid_test_fcc_trace_215364_http---www.ebay.com_540_0,test_fcc_trace_215364_http---www.ebay.com_540_0,0.6829787234042554
fcc-valid_video1,final,100005,result_sim_abr_fcc-valid_test_fcc_trace_215364_http---www.ebay.com_600_0,test_fcc_trace_215364_http---www.ebay.com_600_0,0.7776595744680852
fcc-valid_video1,final,100005,result_sim_abr_fcc-valid_test_fcc_trace_215364_http---www.ebay.com_60_0,test_fcc_trace_215364_http---www.ebay.com_60_0,0.8382978723404256
fcc-valid_video1,final,100005,result_sim_abr_fcc-valid_test_fcc_trace_215364_http---www.ebay.com_660_0,test_fcc_trace_215364_http---www.ebay.com_660_0,0.8159574468085108
fcc-valid_video1,final,100005,result_sim_abr_fcc-valid_test_fcc_trace_215364_http---www.ebay.com_780_0,test_fcc_trace_215364_http---www.ebay.com_780_0,0.7074468085106383
fcc-valid_video1,final,100005,result_sim_abr_fcc-valid_test_fcc_trace_215364_http---www.ebay.com_840_0,test_fcc_trace_215364_http---www.ebay.com_840_0,0.5968085106382978
fcc-valid_video1,final,100005,result_sim_abr_fcc-valid_test_fcc_trace_215364_http---www.ebay.com_900_0,test_fcc_trace_215364_http---www.ebay.com_900_0,0.6765957446808512
fcc-valid_video1,final,100005,result_sim_abr_fcc-valid_test_fcc_trace_216810_http---www.facebook.com_0_0,test_fcc_trace_216810_http---www.facebook.com_0_0,1.0405301041195099
fcc-valid_video1,final,100005,result_sim_abr_fcc-valid_test_fcc_trace_216810_http---www.facebook.com_1140_0,test_fcc_trace_216810_http---www.facebook.com_1140_0,0.875531914893617
fcc-valid_video1,final,100005,result_sim_abr_fcc-valid_test_fcc_trace_216810_http---www.facebook.com_120_0,test_fcc_trace_216810_http---www.facebook.com_120_0,1.395744680851064
fcc-valid_video1,final,100005,result_sim_abr_fcc-valid_test_fcc_trace_216810_http---www.facebook.com_1320_0,test_fcc_trace_216810_http---www.facebook.com_1320_0,1.5829787234042545
fcc-valid_video1,final,100005,result_sim_abr_fcc-valid_test_fcc_trace_216810_http---www.facebook.com_1440_0,test_fcc_trace_216810_http---www.facebook.com_1440_0,1.5659574468085105
fcc-valid_video1,final,100005,result_sim_abr_fcc-valid_test_fcc_trace_216810_http---www.facebook.com_180_0,test_fcc_trace_216810_http---www.facebook.com_180_0,1.530851063829787
fcc-valid_video1,final,100005,result_sim_abr_fcc-valid_test_fcc_trace_216810_http---www.facebook.com_240_0,test_fcc_trace_216810_http---www.facebook.com_240_0,0.44290940005709245
fcc-valid_video1,final,100005,result_sim_abr_fcc-valid_test_fcc_trace_216810_http---www.facebook.com_300_0,test_fcc_trace_216810_http---www.facebook.com_300_0,0.7771699415822917
fcc-valid_video1,final,100005,result_sim_abr_fcc-valid_test_fcc_trace_216810_http---www.facebook.com_360_0,test_fcc_trace_216810_http---www.facebook.com_360_0,1.1031914893617023
fcc-valid_video1,final,100005,result_sim_abr_fcc-valid_test_fcc_trace_216810_http---www.facebook.com_420_0,test_fcc_trace_216810_http---www.facebook.com_420_0,1.5457446808510633
fcc-valid_video1,final,100005,result_sim_abr_fcc-valid_test_fcc_trace_216810_http---www.facebook.com_480_0,test_fcc_trace_216810_http---www.facebook.com_480_0,0.14030381348211987
fcc-valid_video1,final,100005,result_sim_abr_fcc-valid_test_fcc_trace_216810_http---www.facebook.com_540_0,test_fcc_trace_216810_http---www.facebook.com_540_0,1.3329787234042556
fcc-valid_video1,final,100005,result_sim_abr_fcc-valid_test_fcc_trace_216810_http---www.facebook.com_600_0,test_fcc_trace_216810_http---www.facebook.com_600_0,1.03756596665532
fcc-valid_video1,final,100005,result_sim_abr_fcc-valid_test_fcc_trace_216810_http---www.facebook.com_60_0,test_fcc_trace_216810_http---www.facebook.com_60_0,1.187234042553192
fcc-valid_video1,final,100005,result_sim_abr_fcc-valid_test_fcc_trace_216810_http---www.facebook.com_660_0,test_fcc_trace_216810_http---www.facebook.com_660_0,1.2699024618348422
fcc-valid_video1,final,100005,result_sim_abr_fcc-valid_test_fcc_trace_216810_http---www.facebook.com_720_0,test_fcc_trace_216810_http---www.facebook.com_720_0,1.2585106382978726
fcc-valid_video1,final,100005,result_sim_abr_fcc-valid_test_fcc_trace_216810_http---www.facebook.com_780_0,test_fcc_trace_216810_http---www.facebook.com_780_0,1.7138297872340422
fcc-valid_video1,final,100005,result_sim_abr_fcc-valid_test_fcc_trace_216810_http---www.facebook.com_840_0,test_fcc_trace_216810_http---www.facebook.com_840_0,0.7705618123483322
fcc-valid_video1,final,100005,result_sim_abr_fcc-valid_test_fcc_trace_216810_http---www.facebook.com_900_0,test_fcc_trace_216810_http---www.facebook.com_900_0,1.3021276595744682
fcc-valid_video1,final,100005,result_sim_abr_fcc-valid_test_fcc_trace_216810_http---www.facebook.com_960_0,test_fcc_trace_216810_http---www.facebook.com_960_0,0.8839903645558619
fcc-valid_video1,final,100005,result_sim_abr_fcc-valid_test_fcc_trace_27175_http---www.amazon.com_0_0,test_fcc_trace_27175_http---www.amazon.com_0_0,-0.29076591902159854
fcc-valid_video1,final,100005,result_sim_abr_fcc-valid_test_fcc_trace_27175_http---www.amazon.com_1020_0,test_fcc_trace_27175_http---www.amazon.com_1020_0,2.5244680851063825
fcc-valid_video1,final,100005,result_sim_abr_fcc-valid_test_fcc_trace_27175_http---www.amazon.com_1140_0,test_fcc_trace_27175_http---www.amazon.com_1140_0,-2.5798294234945107
fcc-valid_video1,final,100005,result_sim_abr_fcc-valid_test_fcc_trace_27175_http---www.amazon.com_1200_0,test_fcc_trace_27175_http---www.amazon.com_1200_0,1.370212765957447
fcc-valid_video1,final,100005,result_sim_abr_fcc-valid_test_fcc_trace_27175_http---www.amazon.com_120_0,test_fcc_trace_27175_http---www.amazon.com_120_0,2.247872340425532
fcc-valid_video1,final,100005,result_sim_abr_fcc-valid_test_fcc_trace_27175_http---www.amazon.com_1320_0,test_fcc_trace_27175_http---www.amazon.com_1320_0,0.5680851063829788
fcc-valid_video1,final,100005,result_sim_abr_fcc-valid_test_fcc_trace_27175_http---www.amazon.com_1380_0,test_fcc_trace_27175_http---www.amazon.com_1380_0,0.5531914893617021
fcc-valid_video1,final,100005,result_sim_abr_fcc-valid_test_fcc_trace_27175_http---www.amazon.com_1500_0,test_fcc_trace_27175_http---www.amazon.com_1500_0,1.1553191489361703
fcc-valid_video1,final,100005,result_sim_abr_fcc-valid_test_fcc_trace_27175_http---www.amazon.com_180_0,test_fcc_trace_27175_http---www.amazon.com_180_0,-4.563971607597476
fcc-valid_video1,final,100005,result_sim_abr_fcc-valid_test_fcc_trace_27175_http---www.amazon.com_240_0,test_fcc_trace_27175_http---www.amazon.com_240_0,1.022340425531915
fcc-valid_video1,final,100005,result_sim_abr_fcc-valid_test_fcc_trace_27175_http---www.amazon.com_300_0,test_fcc_trace_27175_http---www.amazon.com_300_0,0.5393617021276597
fcc-test_video2,genet,100001,result_sim_abr_fcc-test_000_trace_942154_http---www.ebay.com_0,000_trace_942154_http---www.ebay.com_0,0.4148936170212766
fcc-test_video2,genet,100001,result_sim_abr_fcc-test_001_test_fcc_trace_215364_http---www.ebay.com_600_0,001_test_fcc_trace_215364_http---www.ebay.com_600_0,0.6393617021276596
fcc-test_video2,genet,100001,result_sim_abr_fcc-test_002_trace_939592_http---www.facebook.com_640,002_trace_939592_http---www.facebook.com_640,1.0744680851063833
fcc-test_video2,genet,100001,result_sim_abr_fcc-test_003_trace_215252_http---www.msn.com_640,003_trace_215252_http---www.msn.com_640,1.0489361702127662
fcc-test_video2,genet,100001,result_sim_abr_fcc-test_004_trace_901648_http---www.amazon.com_960,004_trace_901648_http---www.amazon.com_960,1.5563829787234038
fcc-test_video2,genet,100001,result_sim_abr_fcc-test_005_trace_13562_http---www.facebook.com_320,005_trace_13562_http---www.facebook.com_320,0.31914893617021284
fcc-test_video2,genet,100001,result_sim_abr_fcc-test_006_trace_7256_http---www.facebook.com_640,006_trace_7256_http---www.facebook.com_640,0.39574468085106385
fcc-test_video2,genet,100001,result_sim_abr_fcc-test_007_test_fcc_trace_14731_http---www.facebook.com_1080_0,007_test_fcc_trace_14731_http---www.facebook.com_1080_0,0.2811981930792312
fcc-test_video2,genet,100001,result_sim_abr_fcc-test_008_test_fcc_trace_27175_http---www.amazon.com_480_0,008_test_fcc_trace_27175_http---www.amazon.com_480_0,-0.6329574908356546
fcc-test_video2,genet,100001,result_sim_abr_fcc-test_009_test_fcc_trace_27175_http---www.amazon.com_420_0,009_test_fcc_trace_27175_http---www.amazon.com_420_0,0.4914893617021277
fcc-test_video2,genet,100001,result_sim_abr_fcc-test_010_test_fcc_trace_14731_http---www.facebook.com_1140_0,010_test_fcc_trace_14731_http---www.facebook.com_1140_0,0.34787234042553195
fcc-test_video2,genet,100001,result_sim_abr_fcc-test_011_test_fcc_trace_5554_http---www.amazon.com_360_0,011_test_fcc_trace_5554_http---www.amazon.com_360_0,0.3861702127659575
fcc-test_video2,genet,100001,result_sim_abr_fcc-test_012_trace_939562_http---www.google.com-mobile-_0,012_trace_939562_http---www.google.com-mobile-_0,1.743617021276595
fcc-test_video2,genet,100001,result_sim_abr_fcc-test_013_trace_8299_http---www.amazon.com_1280,013_trace_8299_http---www.amazon.com_1280,-1.405523402545365
fcc-test_video2,genet,100001,result_sim_abr_fcc-test_014_trace_849842_http---www.facebook.com_960,014_trace_849842_http---www.facebook.com_960,0.3861702127659575
fcc-test_video2,genet,100001,result_sim_abr_fcc-test_015_test_fcc_trace_805712_http---www.facebook.com_720_0,015_test_fcc_trace_805712_http---www.facebook.com_720_0,1.0340425531914896
fcc-test_video2,genet,100001,result_sim_abr_fcc-test_016_trace_11332_http---www.facebook.com_640,016_trace_11332_http---www.facebook.com_640,0.3287234042553192
fcc-test_video2,genet,100001,result_sim_abr_fcc-test_017_trace_7451_http---www.yahoo.com_320,017_trace_7451_http---www.yahoo.com_320,0.6925531914893617
fcc-test_video2,genet,100001,result_sim_abr_fcc-test_018_trace_806172_http---www.amazon.com_320,018_trace_806172_http---www.amazon.com_320,0.6159574468085107
fcc-test_video2,genet,100001,result_sim_abr_fcc-test_019_trace_7540_http---www.yahoo.com_0,019_trace_7540_http---www.yahoo.com_0,0.548936170212766
fcc-test_video2,genet,100001,result_sim_abr_fcc-test_020_trace_28838_http---www.amazon.com_1280,020_trace_28838_http---www.amazon.com_1280,-0.2059376899047313
fcc-test_video2,genet,100001,result_sim_abr_fcc-test_021_test_fcc_trace_14731_http---www.facebook.com_300_0,021_test_fcc_trace_14731_http---www.facebook.com_300_0,0.34780609418282543
fcc-test_video2,genet,100001,result_sim_abr_fcc-test_022_trace_7451_http---www.yahoo.com_960,022_trace_7451_http---www.yahoo.com_960,0.7212765957446808
fcc-test_video2,genet,100001,result_sim_abr_fcc-test_023_trace_942092_http---www.facebook.com_0,023_trace_942092_http---www.facebook.com_0,1.1063829787234043
fcc-test_video2,genet,100001,result_sim_abr_fcc-test_024_test_fcc_trace_216810_http---www.facebook.com_1140_0,024_test_fcc_trace_216810_http---www.facebook.com_1140_0,0.3162700977292287
fcc-test_video2,genet,100001,result_sim_abr_fcc-test_025_test_fcc_trace_215364_http---www.ebay.com_1020_0,025_test_fcc_trace_215364_http---www.ebay.com_1020_0,0.5202127659574468
fcc-test_video2,genet,100001,result_sim_abr_fcc-test_026_trace_665192_http---www.facebook.com_640,026_trace_665192_http---www.facebook.com_640,1.3925531914893619
fcc-test_video2,genet,100001,result_sim_abr_fcc-test_027_test_fcc_trace_27175_http---www.amazon.com_660_0,027_test_fcc_trace_27175_http---www.amazon.com_660_0,0.6797872340425533
fcc-test_video2,genet,100001,result_sim_abr_fcc-test_028_trace_663494_http---www.facebook.com_960,028_trace_663494_http---www.facebook.com_960,1.4978723404255316
fcc-test_video2,genet,100001,result_sim_abr_fcc-test_029_test_fcc_trace_5554_http---www.amazon.com_1080_0,029_test_fcc_trace_5554_http---www.amazon.com_1080_0,0.5106382978723404
fcc-test_video2,genet,100001,result_sim_abr_fcc-test_030_test_fcc_trace_216810_http---www.facebook.com_120_0,030_test_fcc_trace_216810_http---www.facebook.com_120_0,1.414893617021277
fcc-test_video2,genet,100001,result_sim_abr_fcc-test_031_trace_849842_http---www.facebook.com_640,031_trace_849842_http---www.facebook.com_640,0.3574468085106383
fcc-test_video2,genet,100001,result_sim_abr_fcc-test_032_test_fcc_trace_805712_http---www.facebook.com_60_0,032_test_fcc_trace_805712_http---www.facebook.com_60_0,0.9489361702127663
fcc-test_video2,genet,100001,result_sim_abr_fcc-test_033_test_fcc_trace_216810_http---www.facebook.com_480_0,033_test_fcc_trace_216810_http---www.facebook.com_480_0,0.7098102623406107
fcc-test_video2,genet,100001,result_sim_abr_fcc-test_034_trace_797466_http---www.amazon.com_320,034_trace_797466_http---www.amazon.com_320,0.48191489361702133
fcc-test_video2,genet,100001,result_sim_abr_fcc-test_035_trace_7289_http---www.yahoo.com_320,035_trace_7289_http---www.yahoo.com_320,0.5968085106382979
fcc-test_video2,genet,100001,result_sim_abr_fcc-test_036_trace_216826_http---www.amazon.com_960,036_trace_216826_http---www.amazon.com_960,0.35434477949126936
fcc-test_video2,genet,100001,result_sim_abr_fcc-test_037_test_fcc_trace_215364_http---www.ebay.com_840_0,037_test_fcc_trace_215364_http---www.ebay.com_840_0,0.702127659574468
fcc-test_video2,genet,100001,result_sim_abr_fcc-test_038_trace_216826_http---www.amazon.com_640,038_trace_216826_http---www.amazon.com_640,1.3021276595744677
fcc-test_video2,genet,100001,result_sim_abr_fcc-test_039_trace_866_http---www.amazon.com_1280,039_trace_866_http---www.amazon.com_1280,0.5946808510638298
fcc-test_video2,genet,100001,result_sim_abr_fcc-test_040_trace_799448_http---www.facebook.com_1280,040_trace_799448_http---www.facebook.com_1280,0.7095744680851064
fcc-test_video2,genet,100001,result_sim_abr_fcc-test_041_test_fcc_trace_5554_http---www.amazon.com_1200_0,041_test_fcc_trace_5554_http---www.amazon.com_1200_0,0.7212765957446808
fcc-test_video2,genet,100001,result_sim_abr_fcc-test_042_trace_14679_http---www.facebook.com_0,042_trace_14679_http---www.facebook.com_0,0.36702127659574474
fcc-test_video2,genet,100001,result_sim_abr_fcc-test_043_trace_8299_http---www.amazon.com_640,043_trace_8299_http---www.amazon.com_640,1.1503415352051116
fcc-test_video2,genet,100001,result_sim_abr_fcc-test_044_trace_8747_http---www.amazon.com_320,044_trace_8747_http---www.amazon.com_320,1.6010638297872335
fcc-test_video2,genet,100001,result_sim_abr_fcc-test_045_test_fcc_trace_27175_http---www.amazon.com_240_0,045_test_fcc_trace_27175_http---www.amazon.com_240_0,0.5106382978723404
fcc-test_video2,genet,100001,result_sim_abr_fcc-test_046_trace_7190_http---www.yahoo.com_1280,046_trace_7190_http---www.yahoo.com_1280,0.6446808510638297
fcc-test_video2,genet,100001,result_sim_abr_fcc-test_047_trace_8299_http---www.amazon.com_0,047_trace_8299_http---www.amazon.com_0,-0.14045434453332672
fcc-test_video2,genet,100001,result_sim_abr_fcc-test_048_trace_806172_http---www.amazon.com_1280,048_trace_806172_http---www.amazon.com_1280,0.8329787234042556
fcc-test_video2,genet,100001,result_sim_abr_fcc-test_049_trace_665208_http---www.yahoo.com_0,049_trace_665208_http---www.yahoo.com_0,2.278723404255319
fcc-test_video2,genet,100001,result_sim_abr_fcc-test_050_trace_207336_http---www.amazon.com_1280,050_trace_207336_http---www.amazon.com_1280,0.4211691368963411
fcc-test_video2,genet,100001,result_sim_abr_fcc-test_051_test_fcc_trace_805712_http---www.facebook.com_1500_0,051_test_fcc_trace_805712_http---www.facebook.com_1500_0,0.9776595744680855
fcc-test_video2,genet,100001,result_sim_abr_fcc-test_052_test_fcc_trace_14731_http---www.facebook.com_420_0,052_test_fcc_trace_14731_http---www.facebook.com_420_0,0.3000000000000001
fcc-test_video2,genet,100001,result_sim_abr_fcc-test_053_trace_8299_http---www.amazon.com_960,053_trace_8299_http---www.amazon.com_960,-1.9997987036337967
fcc-test_video2,genet,100001,result_sim_abr_fcc-test_054_test_fcc_trace_805712_http---www.facebook.com_360_0,054_test_fcc_trace_805712_http---www.facebook.com_360_0,0.9702127659574471
fcc-test_video2,genet,100001,result_sim_abr_fcc-test_055_trace_806172_http---www.amazon.com_960,055_trace_806172_http---www.amazon.com_960,1.251063829787234
fcc-test_video2,genet,100001,result_sim_abr_fcc-test_056_test_fcc_trace_27175_http---www.amazon.com_600_0,056_test_fcc_trace_27175_http---www.amazon.com_600_0,0.43404255319148943
fcc-test_video2,genet,100001,result_sim_abr_fcc-test_057_test_fcc_trace_14731_http---www.facebook.com_1320_0,057_test_fcc_trace_14731_http---www.facebook.com_1320_0,0.2098493396612103
fcc-test_video2,genet,100001,result_sim_abr_fcc-test_058_trace_797700_http---www.yahoo.com_960,058_trace_797700_http---www.yahoo.com_960,0.39574468085106396
fcc-test_video2,genet,100001,result_sim_abr_fcc-test_059_trace_941752_http---www.facebook.com_0,059_trace_941752_http---www.facebook.com_0,0.4148936170212766
fcc-test_video2,genet,100001,result_sim_abr_fcc-test_060_test_fcc_trace_215364_http---www.ebay.com_1140_0,060_test_fcc_trace_215364_http---www.ebay.com_1140_0,0.6063829787234042
fcc-test_video2,genet,100001,result_sim_abr_fcc-test_061_trace_806172_http---www.amazon.com_0,061_trace_806172_http---www.amazon.com_0,1.320212765957447
fcc-test_video2,genet,100001,result_sim_abr_fcc-test_062_trace_797700_http---www.yahoo.com_320,062_trace_797700_http---www.yahoo.com_320,0.30957446808510647
fcc-test_video2,genet,100001,result_sim_abr_fcc-test_063_trace_799296_http---www.amazon.com_960,063_trace_799296_http---www.amazon.com_960,1.4989361702127657
fcc-test_video2,genet,100001,result_sim_abr_fcc-test_064_trace_10730_http---www.facebook.com_1280,064_trace_10730_http---www.facebook.com_1280,0.3095744680851064
fcc-test_video2,genet,100001,result_sim_abr_fcc-test_065_trace_799448_http---www.facebook.com_320,065_trace_799448_http---www.facebook.com_320,0.6159574468085106
fcc-test_video2,genet,100001,result_sim_abr_fcc-test_066_test_fcc_trace_805712_http---www.facebook.com_1140_0,066_test_fcc_trace_805712_http---www.facebook.com_1140_0,0.8840425531914899
fcc-test_video2,genet,100001,result_sim_abr_fcc-test_067_test_fcc_trace_27175_http---www.amazon.com_1320_0,067_test_fcc_trace_27175_http---www.amazon.com_1320_0,0.47234042553191485
fcc-test_video2,genet,100001,result_sim_abr_fcc-test_068_trace_901648_http---www.amazon.com_640,068_trace_901648_http---www.amazon.com_640,-0.0050119223491256
fcc-test_video2,genet,100001,result_sim_abr_fcc-test_069_trace_939618_http---www.amazon.com_960,069_trace_939618_http---www.amazon.com_960,0.7404255319148937
fcc-test_video2,genet,100001,result_sim_abr_fcc-test_070_test_fcc_trace_14731_http---www.facebook.com_720_0,070_test_fcc_trace_14731_http---www.facebook.com_720_0,0.331456130779759
fcc-test_video2,genet,100001,result_sim_abr_fcc-test_071_trace_7256_http---www.facebook.com_960,071_trace_7256_http---www.facebook.com_960,0.35744680851063837
fcc-test_video2,genet,100001,result_sim_abr_fcc-test_072_test_fcc_trace_216810_http---www.facebook.com_1440_0,072_test_fcc_trace_216810_http---www.facebook.com_1440_0,1.3074468085106383
fcc-test_video2,genet,100001,result_sim_abr_fcc-test_073_test_fcc_trace_5554_http---www.amazon.com_720_0,073_test_fcc_trace_5554_http---www.amazon.com_720_0,0.5202127659574468
fcc-test_video2,genet,100001,result_sim_abr_fcc-test_074_test_fcc_trace_27175_http---www.amazon.com_1140_0,074_test_fcc_trace_27175_http---www.amazon.com_1140_0,-1.0155989924870357
fcc-test_video2,genet,100001,result_sim_abr_fcc-test_075_trace_7451_http---www.yahoo.com_640,075_trace_7451_http---www.yahoo.com_640,0.6542553191489362
fcc-test_video2,genet,100001,result_sim_abr_fcc-test_076_trace_805936_http---www.youtube.com_640,076_trace_805936_http---www.youtube.com_640,0.4627659574468085
fcc-test_video2,genet,100001,result_sim_abr_fcc-test_077_trace_665208_http---www.yahoo.com_640,077_trace_665208_http---www.yahoo.com_640,1.8553191489361693
fcc-test_video2,genet,100001,result_sim_abr_fcc-test_078_trace_8747_http---www.amazon.com_960,078_trace_8747_http---www.amazon.com_960,0.548936170212766
fcc-test_video2,genet,100001,result_sim_abr_fcc-test_079_test_fcc_trace_14731_http---www.facebook.com_1380_0,079_test_fcc_trace_14731_http---www.facebook.com_1380_0,0.30504092257519505
fcc-test_video2,genet,100001,result_sim_abr_fcc-test_080_test_fcc_trace_215364_http---www.ebay.com_420_0,080_test_fcc_trace_215364_http---www.ebay.com_420_0,0.577659574468085
fcc-test_video2,genet,100001,result_sim_abr_fcc-test_081_test_fcc_trace_14731_http---www.facebook.com_360_0,081_test_fcc_trace_14731_http---www.facebook.com_360_0,0.31914893617021284
fcc-test_video2,genet,100001,result_sim_abr_fcc-test_082_trace_26689_http---www.amazon.com_640,082_trace_26689_http---www.amazon.com_640,0.8265957446808514
fcc-test_video2,genet,100001,result_sim_abr_fcc-test_083_test_fcc_trace_216810_http---www.facebook.com_300_0,083_test_fcc_trace_216810_http---www.facebook.com_300_0,1.3617021276595749
fcc-test_video2,genet,100001,result_sim_abr_fcc-test_084_trace_849842_http---www.facebook.com_1280,084_trace_849842_http---www.facebook.com_1280,0.3287234042553192
fcc-test_video2,genet,100001,result_sim_abr_fcc-test_085_test_fcc_trace_27175_http---www.amazon.com_840_0,085_test_fcc_trace_27175_http---www.amazon.com_840_0,2.075531914893616
fcc-test_video2,genet,100001,result_sim_abr_fcc-test_086_trace_941778_http---www.youtube.com_320,086_trace_941778_http---www.youtube.com_320,0.26555020427074105
fcc-test_video2,genet,100001,result_sim_abr_fcc-test_087_test_fcc_trace_27175_http---www.amazon.com_780_0,087_test_fcc_trace_27175_http---www.amazon.com_780_0,2.2691489361702124
fcc-test_video2,genet,100001,result_sim_abr_fcc-test_088_trace_10322_http---edition.cnn.com_960,088_trace_10322_http---edition.cnn.com_960,0.5063829787234044
fcc-test_video2,genet,100001,result_sim_abr_fcc-test_089_test_fcc_trace_215364_http---www.ebay.com_60_0,089_test_fcc_trace_215364_http---www.ebay.com_60_0,0.7308510638297872
fcc-test_video2,genet,100001,result_sim_abr_fcc-test_090_trace_663494_http---www.facebook.com_640,090_trace_663494_http---www.facebook.com_640,1.1829787234042557
fcc-test_video2,genet,100001,result_sim_abr_fcc-test_091_trace_11332_http---www.facebook.com_960,091_trace_11332_http---www.facebook.com_960,0.31914893617021284
fcc-test_video2,genet,100001,result_sim_abr_fcc-test_092_test_fcc_trace_216810_http---www.facebook.com_780_0,092_test_fcc_trace_216810_http---www.facebook.com_780_0,0.9500000000000001
fcc-test_video2,genet,100001,result_sim_abr_fcc-test_093_test_fcc_trace_27175_http---www.amazon.com_720_0,093_test_fcc_trace_27175_http---www.amazon.com_720_0,1.4936170212765958
fcc-test_video2,genet,100001,result_sim_abr_fcc-test_094_test_fcc_trace_14731_http---www.facebook.com_1020_0,094_test_fcc_trace_14731_http---www.facebook.com_1020_0,0.3191489361702128
fcc-test_video2,genet,100001,result_sim_abr_fcc-test_095_trace_8996_http---www.facebook.com_320,095_trace_8996_http---www.facebook.com_320,0.3287234042553192
fcc-test_video2,genet,100001,result_sim_abr_fcc-test_096_trace_925806_http---www.amazon.com_640,096_trace_925806_http---www.amazon.com_640,0.3670212765957447
fcc-test_video2,genet,100001,result_sim_abr_fcc-test_097_test_fcc_trace_805712_http---www.facebook.com_1200_0,097_test_fcc_trace_805712_http---www.facebook.com_1200_0,0.8361702127659578
fcc-test_video2,genet,100001,result_sim_abr_fcc-test_098_trace_939562_http---www.google.com-mobile-_320,098_trace_939562_http---www.google.com-mobile-_320,1.8648936170212755
fcc-test_video2,genet,100001,result_sim_abr_fcc-test_099_trace_925800_http---www.ebay.com_320,099_trace_925800_http---www.ebay.com_320,0.5010638297872341
fcc-test_video2,genet,100002,result_sim_abr_fcc-test_000_trace_942154_http---www.ebay.com_0,000_trace_942154_http---www.ebay.com_0,0.4053191489361703
fcc-test_video2,genet,100002,result_sim_abr_fcc-test_001_test_fcc_trace_215364_http---www.ebay.com_600_0,001_test_fcc_trace_215364_http---www.ebay.com_600_0,0.6297872340425532
fcc-test_video2,genet,100002,result_sim_abr_fcc-test_002_trace_939592_http---www.facebook.com_640,002_trace_939592_http---www.facebook.com_640,1.0904255319148937
fcc-test_video2,genet,100002,result_sim_abr_fcc-test_003_trace_215252_http---www.msn.com_640,003_trace_215252_http---www.msn.com_640,0.9127659574468089
fcc-test_video2,genet,100002,result_sim_abr_fcc-test_004_trace_901648_http---www.amazon.com_960,004_trace_901648_http---www.amazon.com_960,1.5468085106382976
fcc-test_video2,genet,100002,result_sim_abr_fcc-test_005_trace_13562_http---www.facebook.com_320,005_trace_13562_http---www.facebook.com_320,0.32872340425531915
fcc-test_video2,genet,100002,result_sim_abr_fcc-test_006_trace_7256_http---www.facebook.com_640,006_trace_7256_http---www.facebook.com_640,0.3861702127659576
fcc-test_video2,genet,100002,result_sim_abr_fcc-test_007_test_fcc_trace_14731_http---www.facebook.com_1080_0,007_test_fcc_trace_14731_http---www.facebook.com_1080_0,0.30992159733455027
fcc-test_video2,genet,100002,result_sim_abr_fcc-test_008_test_fcc_trace_27175_http---www.amazon.com_480_0,008_test_fcc_trace_27175_http---www.amazon.com_480_0,-0.29379424536517273
fcc-test_video2,genet,100002,result_sim_abr_fcc-test_009_test_fcc_trace_27175_http---www.amazon.com_420_0,009_test_fcc_trace_27175_http---www.amazon.com_420_0,0.42446808510638306
fcc-test_video2,genet,100002,result_sim_abr_fcc-test_010_test_fcc_trace_14731_http---www.facebook.com_1140_0,010_test_fcc_trace_14731_http---www.facebook.com_1140_0,0.3382978723404256
fcc-test_video2,genet,100002,result_sim_abr_fcc-test_011_test_fcc_trace_5554_http---www.amazon.com_360_0,011_test_fcc_trace_5554_http---www.amazon.com_360_0,0.3287234042553192
fcc-test_video2,genet,100002,result_sim_abr_fcc-test_012_trace_939562_http---www.google.com-mobile-_0,012_trace_939562_http---www.google.com-mobile-_0,1.6585106382978718
fcc-test_video2,genet,100002,result_sim_abr_fcc-test_013_trace_8299_http---www.amazon.com_1280,013_trace_8299_http---www.amazon.com_1280,0.9319148936170211
fcc-test_video2,genet,100002,result_sim_abr_fcc-test_014_trace_849842_http---www.facebook.com_960,014_trace_849842_http---www.facebook.com_960,0.33829787234042563
fcc-test_video2,genet,100002,result_sim_abr_fcc-test_015_test_fcc_trace_805712_http---www.facebook.com_720_0,015_test_fcc_trace_805712_http---www.facebook.com_720_0,0.913829787234043
fcc-test_video2,genet,100002,result_sim_abr_fcc-test_016_trace_11332_http---www.facebook.com_640,016_trace_11332_http---www.facebook.com_640,0.34787234042553195
fcc-test_video2,genet,100002,result_sim_abr_fcc-test_017_trace_7451_http---www.yahoo.com_320,017_trace_7451_http---www.yahoo.com_320,0.6446808510638298
fcc-test_video2,genet,100002,result_sim_abr_fcc-test_018_trace_806172_http---www.amazon.com_320,018_trace_806172_http---www.amazon.com_320,0.6446808510638298
fcc-test_video2,genet,100002,result_sim_abr_fcc-test_019_trace_7540_http---www.yahoo.com_0,019_trace_7540_http---www.yahoo.com_0,0.6063829787234043
fcc-test_video2,genet,100002,result_sim_abr_fcc-test_020_trace_28838_http---www.amazon.com_1280,020_trace_28838_http---www.amazon.com_1280,-1.4991774635261168
fcc-test_video2,genet,100002,result_sim_abr_fcc-test_021_test_fcc_trace_14731_http---www.facebook.com_300_0,021_test_fcc_trace_14731_http---www.facebook.com_300_0,0.29993375375729364
fcc-test_video2,genet,100002,result_sim_abr_fcc-test_022_trace_7451_http---www.yahoo.com_960,022_trace_7451_http---www.yahoo.com_960,0.7021276595744681
fcc-test_video2,genet,100002,result_sim_abr_fcc-test_023_trace_942092_http---www.facebook.com_0,023_trace_942092_http---www.facebook.com_0,1.1021276595744682
fcc-test_video2,genet,100002,result_sim_abr_fcc-test_024_test_fcc_trace_216810_http---www.facebook.com_1140_0,024_test_fcc_trace_216810_http---www.facebook.com_1140_0,0.6892415583437963
fcc-test_video2,genet,100002,result_sim_abr_fcc-test_025_test_fcc_trace_215364_http---www.ebay.com_1020_0,025_test_fcc_trace_215364_http---www.ebay.com_1020_0,0.6255319148936169
fcc-test_video2,genet,100002,result_sim_abr_fcc-test_026_trace_665192_http---www.facebook.com_640,026_trace_665192_http---www.facebook.com_640,1.3361702127659576
fcc-test_video2,genet,100002,result_sim_abr_fcc-test_027_test_fcc_trace_27175_http---www.amazon.com_660_0,027_test_fcc_trace_27175_http---www.amazon.com_660_0,0.6647033145078816
fcc-test_video2,genet,100002,result_sim_abr_fcc-test_028_trace_663494_http---www.facebook.com_960,028_trace_663494_http---www.facebook.com_960,1.4170212765957448
fcc-test_video2,genet,100002,result_sim_abr_fcc-test_029_test_fcc_trace_5554_http---www.amazon.com_1080_0,029_test_fcc_trace_5554_http---www.amazon.com_1080_0,0.5585106382978723
fcc-test_video2,genet,100002,result_sim_abr_fcc-test_030_test_fcc_trace_216810_http---www.facebook.com_120_0,030_test_fcc_trace_216810_http---www.facebook.com_120_0,1.2893617021276598
fcc-test_video2,genet,100002,result_sim_abr_fcc-test_031_trace_849842_http---www.facebook.com_640,031_trace_849842_http---www.facebook.com_640,0.3287234042553192
fcc-test_video2,genet,100002,result_sim_abr_fcc-test_032_test_fcc_trace_805712_http---www.facebook.com_60_0,032_test_fcc_trace_805712_http---www.facebook.com_60_0,0.9563829787234045
fcc-test_video2,genet,100002,result_sim_abr_fcc-test_033_test_fcc_trace_216810_http---www.facebook.com_480_0,033_test_fcc_trace_216810_http---www.facebook.com_480_0,0.9723404255319149
fcc-test_video2,genet,100002,result_sim_abr_fcc-test_034_trace_797466_http---www.amazon.com_320,034_trace_797466_http---www.amazon.com_320,0.5297872340425531
fcc-test_video2,genet,100002,result_sim_abr_fcc-test_035_trace_7289_http---www.yahoo.com_320,035_trace_7289_http---www.yahoo.com_320,0.6627659574468084
fcc-test_video2,genet,100002,result_sim_abr_fcc-test_036_trace_216826_http---www.amazon.com_960,036_trace_216826_http---www.amazon.com_960,-0.1456413083889047
fcc-test_video2,genet,100002,result_sim_abr_fcc-test_037_test_fcc_trace_215364_http---www.ebay.com_840_0,037_test_fcc_trace_215364_http---www.ebay.com_840_0,0.6446808510638298
fcc-test_video2,genet,100002,result_sim_abr_fcc-test_038_trace_216826_http---www.amazon.com_640,038_trace_216826_http---www.amazon.com_640,0.36294305481647654
fcc-test_video2,genet,100002,result_sim_abr_fcc-test_039_trace_866_http---www.amazon.com_1280,039_trace_866_http---www.amazon.com_1280,0.5106382978723404
fcc-test_video2,genet,100002,result_sim_abr_fcc-test_040_trace_799448_http---www.facebook.com_1280,040_trace_799448_http---www.facebook.com_1280,0.7308510638297873
fcc-test_video2,genet,100002,result_sim_abr_fcc-test_041_test_fcc_trace_5554_http---www.amazon.com_1200_0,041_test_fcc_trace_5554_http---www.amazon.com_1200_0,0.6829787234042553
fcc-test_video2,genet,100002,result_sim_abr_fcc-test_042_trace_14679_http---www.facebook.com_0,042_trace_14679_http---www.facebook.com_0,0.3382978723404256
fcc-test_video2,genet,100002,result_sim_abr_fcc-test_043_trace_8299_http---www.amazon.com_640,043_trace_8299_http---www.amazon.com_640,1.873404255319148
fcc-test_video2,genet,100002,result_sim_abr_fcc-test_044_trace_8747_http---www.amazon.com_320,044_trace_8747_http---www.amazon.com_320,1.465957446808511
fcc-test_video2,genet,100002,result_sim_abr_fcc-test_045_test_fcc_trace_27175_http---www.amazon.com_240_0,045_test_fcc_trace_27175_http---www.amazon.com_240_0,0.5106382978723404
fcc-test_video2,genet,100002,result_sim_abr_fcc-test_046_trace_7190_http---www.yahoo.com_1280,046_trace_7190_http---www.yahoo.com_1280,0.6542553191489362
fcc-test_video2,genet,100002,result_sim_abr_fcc-test_047_trace_8299_http---www.amazon.com_0,047_trace_8299_http---www.amazon.com_0,0.111673567625503
fcc-test_video2,genet,100002,result_sim_abr_fcc-test_048_trace_806172_http---www.amazon.com_1280,048_trace_806172_http---www.amazon.com_1280,0.5854578759823091
fcc-test_video2,genet,100002,result_sim_abr_fcc-test_049_trace_665208_http---www.yahoo.com_0,049_trace_665208_http---www.yahoo.com_0,2.2276595744680847
fcc-test_video2,genet,100002,result_sim_abr_fcc-test_050_trace_207336_http---www.amazon.com_1280,050_trace_207336_http---www.amazon.com_1280,0.7932834773560821
fcc-test_video2,genet,100002,result_sim_abr_fcc-test_051_test_fcc_trace_805712_http---www.facebook.com_1500_0,051_test_fcc_trace_805712_http---www.facebook.com_1500_0,0.9510638297872342
fcc-test_video2,genet,100002,result_sim_abr_fcc-test_052_test_fcc_trace_14731_http---www.facebook.com_420_0,052_test_fcc_trace_14731_http---www.facebook.com_420_0,0.3000000000000001
fcc-test_video2,genet,100002,result_sim_abr_fcc-test_053_trace_8299_http---www.amazon.com_960,053_trace_8299_http---www.amazon.com_960,-1.8847660903162118
fcc-test_video2,genet,100002,result_sim_abr_fcc-test_054_test_fcc_trace_805712_http---www.facebook.com_360_0,054_test_fcc_trace_805712_http---www.facebook.com_360_0,0.8489361702127661
fcc-test_video2,genet,100002,result_sim_abr_fcc-test_055_trace_806172_http---www.amazon.com_960,055_trace_806172_http---www.amazon.com_960,1.345744680851064
fcc-test_video2,genet,100002,result_sim_abr_fcc-test_056_test_fcc_trace_27175_http---www.amazon.com_600_0,056_test_fcc_trace_27175_http---www.amazon.com_600_0,0.5202127659574468
fcc-test_video2,genet,100002,result_sim_abr_fcc-test_057_test_fcc_trace_14731_http---www.facebook.com_1320_0,057_test_fcc_trace_14731_http---www.facebook.com_1320_0,0.20984933966121028
fcc-test_video2,genet,100002,result_sim_abr_fcc-test_058_trace_797700_http---www.yahoo.com_960,058_trace_797700_http---www.yahoo.com_960,0.4148936170212766
fcc-test_video2,genet,100002,result_sim_abr_fcc-test_059_trace_941752_http---www.facebook.com_0,059_trace_941752_http---www.facebook.com_0,0.4148936170212767
fcc-test_video2,genet,100002,result_sim_abr_fcc-test_060_test_fcc_trace_215364_http---www.ebay.com_1140_0,060_test_fcc_trace_215364_http---www.ebay.com_1140_0,0.7234042553191491
fcc-test_video2,genet,100002,result_sim_abr_fcc-test_061_trace_806172_http---www.amazon.com_0,061_trace_806172_http---www.amazon.com_0,1.297872340425532
fcc-test_video2,genet,100002,result_sim_abr_fcc-test_062_trace_797700_http---www.yahoo.com_320,062_trace_797700_http---www.yahoo.com_320,0.347872340425532
fcc-test_video2,genet,100002,result_sim_abr_fcc-test_063_trace_799296_http---www.amazon.com_960,063_trace_799296_http---www.amazon.com_960,1.5904255319148932
fcc-test_video2,genet,100002,result_sim_abr_fcc-test_064_trace_10730_http---www.facebook.com_1280,064_trace_10730_http---www.facebook.com_1280,0.3000000000000001
fcc-test_video2,genet,100002,result_sim_abr_fcc-test_065_trace_799448_http---www.facebook.com_320,065_trace_799448_http---www.facebook.com_320,0.6446808510638298
fcc-test_video2,genet,100002,result_sim_abr_fcc-test_066_test_fcc_trace_805712_http---www.facebook.com_1140_0,066_test_fcc_trace_805712_http---www.facebook.com_1140_0,1.0553191489361706
fcc-test_video2,genet,100002,result_sim_abr_fcc-test_067_test_fcc_trace_27175_http---www.amazon.com_1320_0,067_test_fcc_trace_27175_http---www.amazon.com_1320_0,0.4914893617021277
fcc-test_video2,genet,100002,result_sim_abr_fcc-test_068_trace_901648_http---www.amazon.com_640,068_trace_901648_http---www.amazon.com_640,1.0287234042553188
fcc-test_video2,genet,100002,result_sim_abr_fcc-test_069_trace_939618_http---www.amazon.com_960,069_trace_939618_http---www.amazon.com_960,0.8414893617021277
fcc-test_video2,genet,100002,result_sim_abr_fcc-test_070_test_fcc_trace_14731_http---www.facebook.com_720_0,070_test_fcc_trace_14731_http---www.facebook.com_720_0,0.3218816626946527
fcc-test_video2,genet,100002,result_sim_abr_fcc-test_071_trace_7256_http---www.facebook.com_960,071_trace_7256_http---www.facebook.com_960,0.37659574468085105
fcc-test_video2,genet,100002,result_sim_abr_fcc-test_072_test_fcc_trace_216810_http---www.facebook.com_1440_0,072_test_fcc_trace_216810_http---www.facebook.com_1440_0,1.3574468085106386
fcc-test_video2,genet,100002,result_sim_abr_fcc-test_073_test_fcc_trace_5554_http---www.amazon.com_720_0,073_test_fcc_trace_5554_http---www.amazon.com_720_0,0.577659574468085
fcc-test_video2,genet,100002,result_sim_abr_fcc-test_074_test_fcc_trace_27175_http---www.amazon.com_1140_0,074_test_fcc_trace_27175_http---www.amazon.com_1140_0,1.1199434452358383
fcc-test_video2,genet,100002,result_sim_abr_fcc-test_075_trace_7451_http---www.yahoo.com_640,075_trace_7451_http---www.yahoo.com_640,0.7404255319148937
fcc-test_video2,genet,100002,result_sim_abr_fcc-test_076_trace_805936_http---www.youtube.com_640,076_trace_805936_http---www.youtube.com_640,0.4531914893617022
fcc-test_video2,genet,100002,result_sim_abr_fcc-test_077_trace_665208_http---www.yahoo.com_640,077_trace_665208_http---www.yahoo.com_640,1.7611221813072477
fcc-test_video2,genet,100002,result_sim_abr_fcc-test_078_trace_8747_http---www.amazon.com_960,078_trace_8747_http---www.amazon.com_960,0.42340425531914905
fcc-test_video2,genet,100002,result_sim_abr_fcc-test_079_test_fcc_trace_14731_http---www.facebook.com_1380_0,079_test_fcc_trace_14731_http---www.facebook.com_1380_0,0.30504092257519505
fcc-test_video2,genet,100002,result_sim_abr_fcc-test_080_test_fcc_trace_215364_http---www.ebay.com_420_0,080_test_fcc_trace_215364_http---www.ebay.com_420_0,0.6542553191489362
fcc-test_video2,genet,100002,result_sim_abr_fcc-test_081_test_fcc_trace_14731_http---www.facebook.com_360_0,081_test_fcc_trace_14731_http---www.facebook.com_360_0,0.3000000000000001
fcc-test_video2,genet,100002,result_sim_abr_fcc-test_082_trace_26689_http---www.amazon.com_640,082_trace_26689_http---www.amazon.com_640,0.801063829787234
fcc-test_video2,genet,100002,result_sim_abr_fcc-test_083_test_fcc_trace_216810_http---www.facebook.com_300_0,083_test_fcc_trace_216810_http---www.facebook.com_300_0,1.4117021276595747
fcc-test_video2,genet,100002,result_sim_abr_fcc-test_084_trace_849842_http---www.facebook.com_1280,084_trace_849842_http---www.facebook.com_1280,0.30957446808510647
fcc-test_video2,genet,100002,result_sim_abr_fcc-test_085_test_fcc_trace_27175_http---www.amazon.com_840_0,085_test_fcc_trace_27175_http---www.amazon.com_840_0,1.993617021276595
fcc-test_video2,genet,100002,result_sim_abr_fcc-test_086_trace_941778_http---www.youtube.com_320,086_trace_941778_http---www.youtube.com_320,0.2942736085260601
fcc-test_video2,genet,100002,result_sim_abr_fcc-test_087_test_fcc_trace_27175_http---www.amazon.com_780_0,087_test_fcc_trace_27175_http---www.amazon.com_780_0,2.1106382978723395
fcc-test_video2,genet,100002,result_sim_abr_fcc-test_088_trace_10322_http---edition.cnn.com_960,088_trace_10322_http---edition.cnn.com_960,0.5585106382978723
fcc-test_video2,genet,100002,result_sim_abr_fcc-test_089_test_fcc_trace_215364_http---www.ebay.com_60_0,089_test_fcc_trace_215364_http---www.ebay.com_60_0,0.7202127659574465
fcc-test_video2,genet,100002,result_sim_abr_fcc-test_090_trace_663494_http---www.facebook.com_640,090_trace_663494_http---www.facebook.com_640,1.1585106382978725
fcc-test_video2,genet,100002,result_sim_abr_fcc-test_091_trace_11332_http---www.facebook.com_960,091_trace_11332_http---www.facebook.com_960,0.31914893617021284
fcc-test_video2,genet,100002,result_sim_abr_fcc-test_092_test_fcc_trace_216810_http---www.facebook.com_780_0,092_test_fcc_trace_216810_http---www.facebook.com_780_0,0.995744680851064
fcc-test_video2,genet,100002,result_sim_abr_fcc-test_093_test_fcc_trace_27175_http---www.amazon.com_720_0,093_test_fcc_trace_27175_http---www.amazon.com_720_0,1.5946808510638295
fcc-test_video2,genet,100002,result_sim_abr_fcc-test_094_test_fcc_trace_14731_http---www.facebook.com_1020_0,094_test_fcc_trace_14731_http---www.facebook.com_1020_0,0.3095744680851064
fcc-test_video2,genet,100002,result_sim_abr_fcc-test_095_trace_8996_http---www.facebook.com_320,095_trace_8996_http---www.facebook.com_320,0.33829787234042563
fcc-test_video2,genet,100002,result_sim_abr_fcc-test_096_trace_925806_http---www.amazon.com_640,096_trace_925806_http---www.amazon.com_640,0.3861702127659574
fcc-test_video2,genet,100002,result_sim_abr_fcc-test_097_test_fcc_trace_805712_http---www.facebook.com_1200_0,097_test_fcc_trace_805712_http---www.facebook.com_1200_0,1.001063829787234
fcc-test_video2,genet,100002,result_sim_abr_fcc-test_098_trace_939562_http---www.google.com-mobile-_320,098_trace_939562_http---www.google.com-mobile-_320,1.5968085106382979
fcc-test_video2,genet,100002,result_sim_abr_fcc-test_099_trace_925800_http---www.ebay.com_320,099_trace_925800_http---www.ebay.com_320,0.5680851063829786
fcc-test_video2,genet,100003,result_sim_abr_fcc-test_000_trace_942154_http---www.ebay.com_0,000_trace_942154_http---www.ebay.com_0,0.43404255319148943
fcc-test_video2,genet,100003,result_sim_abr_fcc-test_001_test_fcc_trace_215364_http---www.ebay.com_600_0,001_test_fcc_trace_215364_http---www.ebay.com_600_0,0.654255319148936
fcc-test_video2,genet,100003,result_sim_abr_fcc-test_002_trace_939592_http---www.facebook.com_640,002_trace_939592_http---www.facebook.com_640,1.1648936170212767
fcc-test_video2,genet,100003,result_sim_abr_fcc-test_003_trace_215252_http---www.msn.com_640,003_trace_215252_http---www.msn.com_640,1.1840425531914895
fcc-test_video2,genet,100003,result_sim_abr_fcc-test_004_trace_901648_http---www.amazon.com_960,004_trace_901648_http---www.amazon.com_960,1.6734042553191482
fcc-test_video2,genet,100003,result_sim_abr_fcc-test_005_trace_13562_http---www.facebook.com_320,005_trace_13562_http---www.facebook.com_320,0.3287234042553192
fcc-test_video2,genet,100003,result_sim_abr_fcc-test_006_trace_7256_http---www.facebook.com_640,006_trace_7256_http---www.facebook.com_640,0.31914893617021284
fcc-test_video2,genet,100003,result_sim_abr_fcc-test_007_test_fcc_trace_14731_http---www.facebook.com_1080_0,007_test_fcc_trace_14731_http---www.facebook.com_1080_0,0.30992159733455027
fcc-test_video2,genet,100003,result_sim_abr_fcc-test_008_test_fcc_trace_27175_http---www.amazon.com_480_0,008_test_fcc_trace_27175_http---www.amazon.com_480_0,-1.1686235660071964
fcc-test_video2,genet,100003,result_sim_abr_fcc-test_009_test_fcc_trace_27175_http---www.amazon.com_420_0,009_test_fcc_trace_27175_http---www.amazon.com_420_0,0.4627659574468085
fcc-test_video2,genet,100003,result_sim_abr_fcc-test_010_test_fcc_trace_14731_http---www.facebook.com_1140_0,010_test_fcc_trace_14731_http---www.facebook.com_1140_0,0.3191489361702128
fcc-test_video2,genet,100003,result_sim_abr_fcc-test_011_test_fcc_trace_5554_http---www.amazon.com_360_0,011_test_fcc_trace_5554_http---www.amazon.com_360_0,0.4436170212765958
fcc-test_video2,genet,100003,result_sim_abr_fcc-test_012_trace_939562_http---www.google.com-mobile-_0,012_trace_939562_http---www.google.com-mobile-_0,1.696808510638297
fcc-test_video2,genet,100003,result_sim_abr_fcc-test_013_trace_8299_http---www.amazon.com_1280,013_trace_8299_http---www.amazon.com_1280,-2.0315221035890305
fcc-test_video2,genet,100003,result_sim_abr_fcc-test_014_trace_849842_http---www.facebook.com_960,014_trace_849842_http---www.facebook.com_960,0.3670212765957447
fcc-test_video2,genet,100003,result_sim_abr_fcc-test_015_test_fcc_trace_805712_http---www.facebook.com_720_0,015_test_fcc_trace_805712_http---www.facebook.com_720_0,0.9914893617021279
fcc-test_video2,genet,100003,result_sim_abr_fcc-test_016_trace_11332_http---www.facebook.com_640,016_trace_11332_http---www.facebook.com_640,0.3861702127659575
fcc-test_video2,genet,100003,result_sim_abr_fcc-test_017_trace_7451_http---www.yahoo.com_320,017_trace_7451_http---www.yahoo.com_320,0.7404255319148937
fcc-test_video2,genet,100003,result_sim_abr_fcc-test_018_trace_806172_http---www.amazon.com_320,018_trace_806172_http---www.amazon.com_320,0.5202127659574469
fcc-test_video2,genet,100003,result_sim_abr_fcc-test_019_trace_7540_http---www.yahoo.com_0,019_trace_7540_http---www.yahoo.com_0,0.6446808510638297
fcc-test_video2,genet,100003,result_sim_abr_fcc-test_020_trace_28838_http---www.amazon.com_1280,020_trace_28838_http---www.amazon.com_1280,-2.928114157144232
fcc-test_video2,genet,100003,result_sim_abr_fcc-test_021_test_fcc_trace_14731_http---www.facebook.com_300_0,021_test_fcc_trace_14731_http---www.facebook.com_300_0,0.30950822184240007
fcc-test_video2,genet,100003,result_sim_abr_fcc-test_022_trace_7451_http---www.yahoo.com_960,022_trace_7451_http---www.yahoo.com_960,0.7021276595744681
fcc-test_video2,genet,100003,result_sim_abr_fcc-test_023_trace_942092_http---www.facebook.com_0,023_trace_942092_http---www.facebook.com_0,1.270212765957447
fcc-test_video2,genet,100003,result_sim_abr_fcc-test_024_test_fcc_trace_216810_http---www.facebook.com_1140_0,024_test_fcc_trace_216810_http---www.facebook.com_1140_0,0.8786579889810591
fcc-test_video2,genet,100003,result_sim_abr_fcc-test_025_test_fcc_trace_215364_http---www.ebay.com_1020_0,025_test_fcc_trace_215364_http---www.ebay.com_1020_0,0.5297872340425531
fcc-test_video2,genet,100003,result_sim_abr_fcc-test_026_trace_665192_http---www.facebook.com_640,026_trace_665192_http---www.facebook.com_640,1.50531914893617
fcc-test_video2,genet,100003,result_sim_abr_fcc-test_027_test_fcc_trace_27175_http---www.amazon.com_660_0,027_test_fcc_trace_27175_http---www.amazon.com_660_0,0.8297872340425528
fcc-test_video2,genet,100003,result_sim_abr_fcc-test_028_trace_663494_http---www.facebook.com_960,028_trace_663494_http---www.facebook.com_960,1.529787234042553
fcc-test_video2,genet,100003,result_sim_abr_fcc-test_029_test_fcc_trace_5554_http---www.amazon.com_1080_0,029_test_fcc_trace_5554_http---www.amazon.com_1080_0,0.5872340425531916
fcc-test_video2,genet,100003,result_sim_abr_fcc-test_030_test_fcc_trace_216810_http---www.facebook.com_120_0,030_test_fcc_trace_216810_http---www.facebook.com_120_0,1.18936170212766
fcc-test_video2,genet,100003,result_sim_abr_fcc-test_031_trace_849842_http---www.facebook.com_640,031_trace_849842_http---www.facebook.com_640,0.34787234042553195
fcc-test_video2,genet,100003,result_sim_abr_fcc-test_032_test_fcc_trace_805712_http---www.facebook.com_60_0,032_test_fcc_trace_805712_http---www.facebook.com_60_0,0.8574468085106384
fcc-test_video2,genet,100003,result_sim_abr_fcc-test_033_test_fcc_trace_216810_http---www.facebook.com_480_0,033_test_fcc_trace_216810_http---www.facebook.com_480_0,0.8914893617021277
fcc-test_video2,genet,100003,result_sim_abr_fcc-test_034_trace_797466_http---www.amazon.com_320,034_trace_797466_http---www.amazon.com_320,0.47234042553191485
fcc-test_video2,genet,100003,result_sim_abr_fcc-test_035_trace_7289_http---www.yahoo.com_320,035_trace_7289_http---www.yahoo.com_320,0.7574468085106383
fcc-test_video2,genet,100003,result_sim_abr_fcc-test_036_trace_216826_http---www.amazon.com_960,036_trace_216826_http---www.amazon.com_960,-0.8734111476955327
fcc-test_video2,genet,100003,result_sim_abr_fcc-test_037_test_fcc_trace_215364_http---www.ebay.com_840_0,037_test_fcc_trace_215364_http---www.ebay.com_840_0,0.5968085106382979
fcc-test_video2,genet,100003,result_sim_abr_fcc-test_038_trace_216826_http---www.amazon.com_640,038_trace_216826_http---www.amazon.com_640,1.2627659574468082
fcc-test_video2,genet,100003,result_sim_abr_fcc-test_039_trace_866_http---www.amazon.com_1280,039_trace_866_http---www.amazon.com_1280,0.6063829787234043
fcc-test_video2,genet,100003,result_sim_abr_fcc-test_040_trace_799448_http---www.facebook.com_1280,040_trace_799448_http---www.facebook.com_1280,0.8223404255319152
fcc-test_video2,genet,100003,result_sim_abr_fcc-test_041_test_fcc_trace_5554_http---www.amazon.com_1200_0,041_test_fcc_trace_5554_http---www.amazon.com_1200_0,0.7021276595744681
fcc-test_video2,genet,100003,result_sim_abr_fcc-test_042_trace_14679_http---www.facebook.com_0,042_trace_14679_http---www.facebook.com_0,0.33829787234042563
fcc-test_video2,genet,100003,result_sim_abr_fcc-test_043_trace_8299_http---www.amazon.com_640,043_trace_8299_http---www.amazon.com_640,1.8499999999999992
fcc-test_video2,genet,100003,result_sim_abr_fcc-test_044_trace_8747_http---www.amazon.com_320,044_trace_8747_http---www.amazon.com_320,1.5468085106382976
fcc-test_video2,genet,100003,result_sim_abr_fcc-test_045_test_fcc_trace_27175_http---www.amazon.com_240_0,045_test_fcc_trace_27175_http---www.amazon.com_240_0,0.5202127659574468
fcc-test_video2,genet,100003,result_sim_abr_fcc-test_046_trace_7190_http---www.yahoo.com_1280,046_trace_7190_http---www.yahoo.com_1280,0.6734042553191488
fcc-test_video2,genet,100003,result_sim_abr_fcc-test_047_trace_8299_http---www.amazon.com_0,047_trace_8299_http---www.amazon.com_0,0.28874864187619426
fcc-test_video2,genet,100003,result_sim_abr_fcc-test_048_trace_806172_http---www.amazon.com_1280,048_trace_806172_http---www.amazon.com_1280,0.8319148936170214
fcc-test_video2,genet,100003,result_sim_abr_fcc-test_049_trace_665208_http---www.yahoo.com_0,049_trace_665208_http---www.yahoo.com_0,1.6911057526238409
fcc-test_video2,genet,100003,result_sim_abr_fcc-test_050_trace_207336_http---www.amazon.com_1280,050_trace_207336_http---www.amazon.com_1280,-0.6195450607520362
fcc-test_video2,genet,100003,result_sim_abr_fcc-test_051_test_fcc_trace_805712_http---www.facebook.com_1500_0,051_test_fcc_trace_805712_http---www.facebook.com_1500_0,0.9425531914893619
fcc-test_video2,genet,100003,result_sim_abr_fcc-test_052_test_fcc_trace_14731_http---www.facebook.com_420_0,052_test_fcc_trace_14731_http---www.facebook.com_420_0,0.3000000000000001
fcc-test_video2,genet,100003,result_sim_abr_fcc-test_053_trace_8299_http---www.amazon.com_960,053_trace_8299_http---www.amazon.com_960,-2.223450934370412
fcc-test_video2,genet,100003,result_sim_abr_fcc-test_054_test_fcc_trace_805712_http---www.facebook.com_360_0,054_test_fcc_trace_805712_http---www.facebook.com_360_0,0.817021276595745
fcc-test_video2,genet,100003,result_sim_abr_fcc-test_055_trace_806172_http---www.amazon.com_960,055_trace_806172_http---www.amazon.com_960,1.2127659574468086
fcc-test_video2,genet,100003,result_sim_abr_fcc-test_056_test_fcc_trace_27175_http---www.amazon.com_600_0,056_test_fcc_trace_27175_http---www.amazon.com_600_0,0.5340425531914894
fcc-test_video2,genet,100003,result_sim_abr_fcc-test_057_test_fcc_trace_14731_http---www.facebook.com_1320_0,057_test_fcc_trace_14731_http---www.facebook.com_1320_0,0.20984933966121028
fcc-test_video2,genet,100003,result_sim_abr_fcc-test_058_trace_797700_http---www.yahoo.com_960,058_trace_797700_http---www.yahoo.com_960,0.3765957446808511
fcc-test_video2,genet,100003,result_sim_abr_fcc-test_059_trace_941752_http---www.facebook.com_0,059_trace_941752_http---www.facebook.com_0,0.47234042553191485
fcc-test_video2,genet,100003,result_sim_abr_fcc-test_060_test_fcc_trace_215364_http---www.ebay.com_1140_0,060_test_fcc_trace_215364_http---www.ebay.com_1140_0,0.6159574468085107
fcc-test_video2,genet,100003,result_sim_abr_fcc-test_061_trace_806172_http---www.amazon.com_0,061_trace_806172_http---www.amazon.com_0,1.3382978723404257
fcc-test_video2,genet,100003,result_sim_abr_fcc-test_062_trace_797700_http---www.yahoo.com_320,062_trace_797700_http---www.yahoo.com_320,0.37659574468085105
fcc-test_video2,genet,100003,result_sim_abr_fcc-test_063_trace_799296_http---www.amazon.com_960,063_trace_799296_http---www.amazon.com_960,1.304255319148936
fcc-test_video2,genet,100003,result_sim_abr_fcc-test_064_trace_10730_http---www.facebook.com_1280,064_trace_10730_http---www.facebook.com_1280,0.3000000000000001
fcc-test_video2,genet,100003,result_sim_abr_fcc-test_065_trace_799448_http---www.facebook.com_320,065_trace_799448_http---www.facebook.com_320,0.596808510638298
fcc-test_video2,genet,100003,result_sim_abr_fcc-test_066_test_fcc_trace_805712_http---www.facebook.com_1140_0,066_test_fcc_trace_805712_http---www.facebook.com_1140_0,0.8744680851063834
fcc-test_video2,genet,100003,result_sim_abr_fcc-test_067_test_fcc_trace_27175_http---www.amazon.com_1320_0,067_test_fcc_trace_27175_http---www.amazon.com_1320_0,0.3765957446808511
fcc-test_video2,genet,100003,result_sim_abr_fcc-test_068_trace_901648_http---www.amazon.com_640,068_trace_901648_http---www.amazon.com_640,1.026085052217063
fcc-test_video2,genet,100003,result_sim_abr_fcc-test_069_trace_939618_http---www.amazon.com_960,069_trace_939618_http---www.amazon.com_960,0.943617021276596
fcc-test_video2,genet,100003,result_sim_abr_fcc-test_070_test_fcc_trace_14731_http---www.facebook.com_720_0,070_test_fcc_trace_14731_http---www.facebook.com_720_0,0.31230719460954626
fcc-test_video2,genet,100003,result_sim_abr_fcc-test_071_trace_7256_http---www.facebook.com_960,071_trace_7256_http---www.facebook.com_960,0.35744680851063837
fcc-test_video2,genet,100003,result_sim_abr_fcc-test_072_test_fcc_trace_216810_http---www.facebook.com_1440_0,072_test_fcc_trace_216810_http---www.facebook.com_1440_0,1.172340425531915
fcc-test_video2,genet,100003,result_sim_abr_fcc-test_073_test_fcc_trace_5554_http---www.amazon.com_720_0,073_test_fcc_trace_5554_http---www.amazon.com_720_0,0.6063829787234043
fcc-test_video2,genet,100003,result_sim_abr_fcc-test_074_test_fcc_trace_27175_http---www.amazon.com_1140_0,074_test_fcc_trace_27175_http---www.amazon.com_1140_0,-0.02873300243999324
fcc-test_video2,genet,100003,result_sim_abr_fcc-test_075_trace_7451_http---www.yahoo.com_640,075_trace_7451_http---www.yahoo.com_640,0.6925531914893617
fcc-test_video2,genet,100003,result_sim_abr_fcc-test_076_trace_805936_http---www.youtube.com_640,076_trace_805936_http---www.youtube.com_640,0.4340425531914893
fcc-test_video2,genet,100003,result_sim_abr_fcc-test_077_trace_665208_http---www.yahoo.com_640,077_trace_665208_http---www.yahoo.com_640,1.8074468085106377
fcc-test_video2,genet,100003,result_sim_abr_fcc-test_078_trace_8747_http---www.amazon.com_960,078_trace_8747_http---www.amazon.com_960,0.5042553191489362
fcc-test_video2,genet,100003,result_sim_abr_fcc-test_079_test_fcc_trace_14731_http---www.facebook.com_1380_0,079_test_fcc_trace_14731_http---www.facebook.com_1380_0,0.27631751831987594
fcc-test_video2,genet,100003,result_sim_abr_fcc-test_080_test_fcc_trace_215364_http---www.ebay.com_420_0,080_test_fcc_trace_215364_http---www.ebay.com_420_0,0.6542553191489362
fcc-test_video2,genet,100003,result_sim_abr_fcc-test_081_test_fcc_trace_14731_http---www.facebook.com_360_0,081_test_fcc_trace_14731_http---www.facebook.com_360_0,0.3000000000000001
fcc-test_video2,genet,100003,result_sim_abr_fcc-test_082_trace_26689_http---www.amazon.com_640,082_trace_26689_http---www.amazon.com_640,0.8265957446808513
fcc-test_video2,genet,100003,result_sim_abr_fcc-test_083_test_fcc_trace_216810_http---www.facebook.com_300_0,083_test_fcc_trace_216810_http---www.facebook.com_300_0,1.0725002055798865
fcc-test_video2,genet,100003,result_sim_abr_fcc-test_084_trace_849842_http---www.facebook.com_1280,084_trace_849842_http---www.facebook.com_1280,0.30000000000000004
fcc-test_video2,genet,100003,result_sim_abr_fcc-test_085_test_fcc_trace_27175_http---www.amazon.com_840_0,085_test_fcc_trace_27175_http---www.amazon.com_840_0,2.21063829787234
fcc-test_video2,genet,100003,result_sim_abr_fcc-test_086_trace_941778_http---www.youtube.com_320,086_trace_941778_http---www.youtube.com_320,0.3134225446962729
fcc-test_video2,genet,100003,result_sim_abr_fcc-test_087_test_fcc_trace_27175_http---www.amazon.com_780_0,087_test_fcc_trace_27175_http---www.amazon.com_780_0,2.0531914893617014
fcc-test_video2,genet,100003,result_sim_abr_fcc-test_088_trace_10322_http---edition.cnn.com_960,088_trace_10322_http---edition.cnn.com_960,0.577659574468085
fcc-test_video2,genet,100003,result_sim_abr_fcc-test_089_test_fcc_trace_215364_http---www.ebay.com_60_0,089_test_fcc_trace_215364_http---www.ebay.com_60_0,0.6734042553191489
fcc-test_video2,genet,100003,result_sim_abr_fcc-test_090_trace_663494_http---www.facebook.com_640,090_trace_663494_http---www.facebook.com_640,1.2446808510638299
fcc-test_video2,genet,100003,result_sim_abr_fcc-test_091_trace_11332_http---www.facebook.com_960,091_trace_11332_http---www.facebook.com_960,0.34787234042553195
fcc-test_video2,genet,100003,result_sim_abr_fcc-test_092_test_fcc_trace_216810_http---www.facebook.com_780_0,092_test_fcc_trace_216810_http---www.facebook.com_780_0,0.9446808510638296
fcc-test_video2,genet,100003,result_sim_abr_fcc-test_093_test_fcc_trace_27175_http---www.amazon.com_720_0,093_test_fcc_trace_27175_http---www.amazon.com_720_0,1.7755319148936168
fcc-test_video2,genet,100003,result_sim_abr_fcc-test_094_test_fcc_trace_14731_http---www.facebook.com_1020_0,094_test_fcc_trace_14731_http---www.facebook.com_1020_0,0.2904255319148937
fcc-test_video2,genet,100003,result_sim_abr_fcc-test_095_trace_8996_http---www.facebook.com_320,095_trace_8996_http---www.facebook.com_320,0.34787234042553195
fcc-test_video2,genet,100003,result_sim_abr_fcc-test_096_trace_925806_http---www.amazon.com_640,096_trace_925806_http---www.amazon.com_640,0.3765957446808511
fcc-test_video2,genet,100003,result_sim_abr_fcc-test_097_test_fcc_trace_805712_http---www.facebook.com_1200_0,097_test_fcc_trace_805712_http---www.facebook.com_1200_0,0.9063829787234046
fcc-test_video2,genet,100003,result_sim_abr_fcc-test_098_trace_939562_http---www.google.com-mobile-_320,098_trace_939562_http---www.google.com-mobile-_320,1.7872340425531905
fcc-test_video2,genet,100003,result_sim_abr_fcc-test_099_trace_925800_http---www.ebay.com_320,099_trace_925800_http---www.ebay.com_320,0.5297872340425531
fcc-test_video2,genet,100004,result_sim_abr_fcc-test_000_trace_942154_http---www.ebay.com_0,000_trace_942154_http---www.ebay.com_0,0.43404255319148943
fcc-test_video2,genet,100004,result_sim_abr_fcc-test_001_test_fcc_trace_215364_http---www.ebay.com_600_0,001_test_fcc_trace_215364_http---www.ebay.com_600_0,0.6638297872340425
fcc-test_video2,genet,100004,result_sim_abr_fcc-test_002_trace_939592_http---www.facebook.com_640,002_trace_939592_http---www.facebook.com_640,1.1021276595744682
fcc-test_video2,genet,100004,result_sim_abr_fcc-test_003_trace_215252_http---www.msn.com_640,003_trace_215252_http---www.msn.com_640,1.096808510638298
fcc-test_video2,genet,100004,result_sim_abr_fcc-test_004_trace_901648_http---www.amazon.com_960,004_trace_901648_http---www.amazon.com_960,1.7021276595744674
fcc-test_video2,genet,100004,result_sim_abr_fcc-test_005_trace_13562_http---www.facebook.com_320,005_trace_13562_http---www.facebook.com_320,0.31914893617021284
fcc-test_video2,genet,100004,result_sim_abr_fcc-test_006_trace_7256_http---www.facebook.com_640,006_trace_7256_http---www.facebook.com_640,0.3574468085106383
fcc-test_video2,genet,100004,result_sim_abr_fcc-test_007_test_fcc_trace_14731_http---www.facebook.com_1080_0,007_test_fcc_trace_14731_http---www.facebook.com_1080_0,0.29077266116433753
fcc-test_video2,genet,100004,result_sim_abr_fcc-test_008_test_fcc_trace_27175_http---www.amazon.com_480_0,008_test_fcc_trace_27175_http---www.amazon.com_480_0,-0.5973315416199788
fcc-test_video2,genet,100004,result_sim_abr_fcc-test_009_test_fcc_trace_27175_http---www.amazon.com_420_0,009_test_fcc_trace_27175_http---www.amazon.com_420_0,0.4436170212765958
fcc-test_video2,genet,100004,result_sim_abr_fcc-test_010_test_fcc_trace_14731_http---www.facebook.com_1140_0,010_test_fcc_trace_14731_http---www.facebook.com_1140_0,0.30957446808510647
fcc-test_video2,genet,100004,result_sim_abr_fcc-test_011_test_fcc_trace_5554_http---www.amazon.com_360_0,011_test_fcc_trace_5554_http---www.amazon.com_360_0,0.39574468085106385
fcc-test_video2,genet,100004,result_sim_abr_fcc-test_012_trace_939562_http---www.google.com-mobile-_0,012_trace_939562_http---www.google.com-mobile-_0,1.6095744680851058
fcc-test_video2,genet,100004,result_sim_abr_fcc-test_013_trace_8299_http---www.amazon.com_1280,013_trace_8299_http---www.amazon.com_1280,-2.0447985555072328
fcc-test_video2,genet,100004,result_sim_abr_fcc-test_014_trace_849842_http---www.facebook.com_960,014_trace_849842_http---www.facebook.com_960,0.39574468085106385
fcc-test_video2,genet,100004,result_sim_abr_fcc-test_015_test_fcc_trace_805712_http---www.facebook.com_720_0,015_test_fcc_trace_805712_http---www.facebook.com_720_0,1.1265957446808512
fcc-test_video2,genet,100004,result_sim_abr_fcc-test_016_trace_11332_http---www.facebook.com_640,016_trace_11332_http---www.facebook.com_640,0.34787234042553195
fcc-test_video2,genet,100004,result_sim_abr_fcc-test_017_trace_7451_http---www.yahoo.com_320,017_trace_7451_http---www.yahoo.com_320,0.7117021276595745
fcc-test_video2,genet,100004,result_sim_abr_fcc-test_018_trace_806172_http---www.amazon.com_320,018_trace_806172_http---www.amazon.com_320,0.5489361702127659
fcc-test_video2,genet,100004,result_sim_abr_fcc-test_019_trace_7540_http---www.yahoo.com_0,019_trace_7540_http---www.yahoo.com_0,0.6829787234042553
fcc-test_video2,genet,100004,result_sim_abr_fcc-test_020_trace_28838_http---www.amazon.com_1280,020_trace_28838_http---www.amazon.com_1280,-2.5045084461793157
fcc-test_video2,genet,100004,result_sim_abr_fcc-test_021_test_fcc_trace_14731_http---www.facebook.com_300_0,021_test_fcc_trace_14731_http---www.facebook.com_300_0,0.3190826899275064
fcc-test_video2,genet,100004,result_sim_abr_fcc-test_022_trace_7451_http---www.yahoo.com_960,022_trace_7451_http---www.yahoo.com_960,0.6446808510638297
fcc-test_video2,genet,100004,result_sim_abr_fcc-test_023_trace_942092_http---www.facebook.com_0,023_trace_942092_http---www.facebook.com_0,1.3521276595744682
fcc-test_video2,genet,100004,result_sim_abr_fcc-test_024_test_fcc_trace_216810_http---www.facebook.com_1140_0,024_test_fcc_trace_216810_http---www.facebook.com_1140_0,1.1244680851063826
fcc-test_video2,genet,100004,result_sim_abr_fcc-test_025_test_fcc_trace_215364_http---www.ebay.com_1020_0,025_test_fcc_trace_215364_http---www.ebay.com_1020_0,0.6734042553191489
fcc-test_video2,genet,100004,result_sim_abr_fcc-test_026_trace_665192_http---www.facebook.com_640,026_trace_665192_http---www.facebook.com_640,1.4500000000000002
fcc-test_video2,genet,100004,result_sim_abr_fcc-test_027_test_fcc_trace_27175_http---www.amazon.com_660_0,027_test_fcc_trace_27175_http---www.amazon.com_660_0,-0.7938088886115148
fcc-test_video2,genet,100004,result_sim_abr_fcc-test_028_trace_663494_http---www.facebook.com_960,028_trace_663494_http---www.facebook.com_960,1.5255319148936164
fcc-test_video2,genet,100004,result_sim_abr_fcc-test_029_test_fcc_trace_5554_http---www.amazon.com_1080_0,029_test_fcc_trace_5554_http---www.amazon.com_1080_0,0.5680851063829786
fcc-test_video2,genet,100004,result_sim_abr_fcc-test_030_test_fcc_trace_216810_http---www.facebook.com_120_0,030_test_fcc_trace_216810_http---www.facebook.com_120_0,1.2031914893617024
fcc-test_video2,genet,100004,result_sim_abr_fcc-test_031_trace_849842_http---www.facebook.com_640,031_trace_849842_http---www.facebook.com_640,0.39574468085106385
fcc-test_video2,genet,100004,result_sim_abr_fcc-test_032_test_fcc_trace_805712_http---www.facebook.com_60_0,032_test_fcc_trace_805712_http---www.facebook.com_60_0,0.8255319148936167
fcc-test_video2,genet,100004,result_sim_abr_fcc-test_033_test_fcc_trace_216810_http---www.facebook.com_480_0,033_test_fcc_trace_216810_http---www.facebook.com_480_0,0.9010638297872338
fcc-test_video2,genet,100004,result_sim_abr_fcc-test_034_trace_797466_http---www.amazon.com_320,034_trace_797466_http---www.amazon.com_320,0.4819148936170212
fcc-test_video2,genet,100004,result_sim_abr_fcc-test_035_trace_7289_http---www.yahoo.com_320,035_trace_7289_http---www.yahoo.com_320,0.6925531914893617
fcc-test_video2,genet,100004,result_sim_abr_fcc-test_036_trace_216826_http---www.amazon.com_960,036_trace_216826_http---www.amazon.com_960,0.08701330105782974
fcc-test_video2,genet,100004,result_sim_abr_fcc-test_037_test_fcc_trace_215364_http---www.ebay.com_840_0,037_test_fcc_trace_215364_http---www.ebay.com_840_0,0.6829787234042553
fcc-test_video2,genet,100004,result_sim_abr_fcc-test_038_trace_216826_http---www.amazon.com_640,038_trace_216826_http---www.amazon.com_640,0.8309690885216678
fcc-test_video2,genet,100004,result_sim_abr_fcc-test_039_trace_866_http---www.amazon.com_1280,039_trace_866_http---www.amazon.com_1280,0.6446808510638298
fcc-test_video2,genet,100004,result_sim_abr_fcc-test_040_trace_799448_http---www.facebook.com_1280,040_trace_799448_http---www.facebook.com_1280,0.7308510638297873
fcc-test_video2,genet,100004,result_sim_abr_fcc-test_041_test_fcc_trace_5554_http---www.amazon.com_1200_0,041_test_fcc_trace_5554_http---www.amazon.com_1200_0,0.7212765957446808
fcc-test_video2,genet,100004,result_sim_abr_fcc-test_042_trace_14679_http---www.facebook.com_0,042_trace_14679_http---www.facebook.com_0,0.35744680851063837
fcc-test_video2,genet,100004,result_sim_abr_fcc-test_043_trace_8299_http---www.amazon.com_640,043_trace_8299_http---www.amazon.com_640,1.7760274488719383
fcc-test_video2,genet,100004,result_sim_abr_fcc-test_044_trace_8747_http---www.amazon.com_320,044_trace_8747_http---www.amazon.com_320,1.6117021276595738
fcc-test_video2,genet,100004,result_sim_abr_fcc-test_045_test_fcc_trace_27175_http---www.amazon.com_240_0,045_test_fcc_trace_27175_http---www.amazon.com_240_0,0.4531914893617021
fcc-test_video2,genet,100004,result_sim_abr_fcc-test_046_trace_7190_http---www.yahoo.com_1280,046_trace_7190_http---www.yahoo.com_1280,0.5872340425531916
fcc-test_video2,genet,100004,result_sim_abr_fcc-test_047_trace_8299_http---www.amazon.com_0,047_trace_8299_http---www.amazon.com_0,1.4854387196894718
fcc-test_video2,genet,100004,result_sim_abr_fcc-test_048_trace_806172_http---www.amazon.com_1280,048_trace_806172_http---www.amazon.com_1280,0.8478723404255321
fcc-test_video2,genet,100004,result_sim_abr_fcc-test_049_trace_665208_http---www.yahoo.com_0,049_trace_665208_http---www.yahoo.com_0,1.976939609315978
fcc-test_video2,genet,100004,result_sim_abr_fcc-test_050_trace_207336_http---www.amazon.com_1280,050_trace_207336_http---www.amazon.com_1280,0.7670212765957444
fcc-test_video2,genet,100004,result_sim_abr_fcc-test_051_test_fcc_trace_805712_http---www.facebook.com_1500_0,051_test_fcc_trace_805712_http---www.facebook.com_1500_0,0.9095744680851062
fcc-test_video2,genet,100004,result_sim_abr_fcc-test_052_test_fcc_trace_14731_http---www.facebook.com_420_0,052_test_fcc_trace_14731_http---www.facebook.com_420_0,0.3000000000000001
fcc-test_video2,genet,100004,result_sim_abr_fcc-test_053_trace_8299_http---www.amazon.com_960,053_trace_8299_http---www.amazon.com_960,-0.7884402901144131
fcc-test_video2,genet,100004,result_sim_abr_fcc-test_054_test_fcc_trace_805712_http---www.facebook.com_360_0,054_test_fcc_trace_805712_http---www.facebook.com_360_0,0.8797872340425533
fcc-test_video2,genet,100004,result_sim_abr_fcc-test_055_trace_806172_http---www.amazon.com_960,055_trace_806172_http---www.amazon.com_960,1.3074468085106388
fcc-test_video2,genet,100004,result_sim_abr_fcc-test_056_test_fcc_trace_27175_http---www.amazon.com_600_0,056_test_fcc_trace_27175_http---www.amazon.com_600_0,0.5106382978723404
fcc-test_video2,genet,100004,result_sim_abr_fcc-test_057_test_fcc_trace_14731_http---www.facebook.com_1320_0,057_test_fcc_trace_14731_http---www.facebook.com_1320_0,0.18112593540589117
fcc-test_video2,genet,100004,result_sim_abr_fcc-test_058_trace_797700_http---www.yahoo.com_960,058_trace_797700_http---www.yahoo.com_960,0.4053191489361703
fcc-test_video2,genet,100004,result_sim_abr_fcc-test_059_trace_941752_http---www.facebook.com_0,059_trace_941752_http---www.facebook.com_0,0.43404255319148943
fcc-test_video2,genet,100004,result_sim_abr_fcc-test_060_test_fcc_trace_215364_http---www.ebay.com_1140_0,060_test_fcc_trace_215364_http---www.ebay.com_1140_0,0.6829787234042554
fcc-test_video2,genet,100004,result_sim_abr_fcc-test_061_trace_806172_http---www.amazon.com_0,061_trace_806172_http---www.amazon.com_0,1.2776595744680854
fcc-test_video2,genet,100004,result_sim_abr_fcc-test_062_trace_797700_http---www.yahoo.com_320,062_trace_797700_http---www.yahoo.com_320,0.3574468085106383
fcc-test_video2,genet,100004,result_sim_abr_fcc-test_063_trace_799296_http---www.amazon.com_960,063_trace_799296_http---www.amazon.com_960,1.4872340425531918
fcc-test_video2,genet,100004,result_sim_abr_fcc-test_064_trace_10730_http---www.facebook.com_1280,064_trace_10730_http---www.facebook.com_1280,0.3191489361702128
fcc-test_video2,genet,100004,result_sim_abr_fcc-test_065_trace_799448_http---www.facebook.com_320,065_trace_799448_http---www.facebook.com_320,0.625531914893617
fcc-test_video2,genet,100004,result_sim_abr_fcc-test_066_test_fcc_trace_805712_http---www.facebook.com_1140_0,066_test_fcc_trace_805712_http---www.facebook.com_1140_0,1.0361702127659578
fcc-test_video2,genet,100004,result_sim_abr_fcc-test_067_test_fcc_trace_27175_http---www.amazon.com_1320_0,067_test_fcc_trace_27175_http---www.amazon.com_1320_0,0.4819148936170212
fcc-test_video2,genet,100004,result_sim_abr_fcc-test_068_trace_901648_http---www.amazon.com_640,068_trace_901648_http---www.amazon.com_640,0.6219997317038657
fcc-test_video2,genet,100004,result_sim_abr_fcc-test_069_trace_939618_http---www.amazon.com_960,069_trace_939618_http---www.amazon.com_960,0.8414893617021281
fcc-test_video2,genet,100004,result_sim_abr_fcc-test_070_test_fcc_trace_14731_http---www.facebook.com_720_0,070_test_fcc_trace_14731_http---www.facebook.com_720_0,0.3123071946095462
fcc-test_video2,genet,100004,result_sim_abr_fcc-test_071_trace_7256_http---www.facebook.com_960,071_trace_7256_http---www.facebook.com_960,0.34787234042553195
fcc-test_video2,genet,100004,result_sim_abr_fcc-test_072_test_fcc_trace_216810_http---www.facebook.com_1440_0,072_test_fcc_trace_216810_http---www.facebook.com_1440_0,1.3329787234042554
fcc-test_video2,genet,100004,result_sim_abr_fcc-test_073_test_fcc_trace_5554_http---www.amazon.com_720_0,073_test_fcc_trace_5554_http---www.amazon.com_720_0,0.6351063829787232
fcc-test_video2,genet,100004,result_sim_abr_fcc-test_074_test_fcc_trace_27175_http---www.amazon.com_1140_0,074_test_fcc_trace_27175_http---www.amazon.com_1140_0,0.30041378457914114
fcc-test_video2,genet,100004,result_sim_abr_fcc-test_075_trace_7451_http---www.yahoo.com_640,075_trace_7451_http---www.yahoo.com_640,0.8138297872340428
fcc-test_video2,genet,100004,result_sim_abr_fcc-test_076_trace_805936_http---www.youtube.com_640,076_trace_805936_http---www.youtube.com_640,0.5106382978723404
fcc-test_video2,genet,100004,result_sim_abr_fcc-test_077_trace_665208_http---www.yahoo.com_640,077_trace_665208_http---www.yahoo.com_640,1.7882978723404253
fcc-test_video2,genet,100004,result_sim_abr_fcc-test_078_trace_8747_http---www.amazon.com_960,078_trace_8747_http---www.amazon.com_960,-0.656834083952924
fcc-test_video2,genet,100004,result_sim_abr_fcc-test_079_test_fcc_trace_14731_http---www.facebook.com_1380_0,079_test_fcc_trace_14731_http---www.facebook.com_1380_0,0.27631751831987594
fcc-test_video2,genet,100004,result_sim_abr_fcc-test_080_test_fcc_trace_215364_http---www.ebay.com_420_0,080_test_fcc_trace_215364_http---www.ebay.com_420_0,0.625531914893617
fcc-test_video2,genet,100004,result_sim_abr_fcc-test_081_test_fcc_trace_14731_http---www.facebook.com_360_0,081_test_fcc_trace_14731_http---www.facebook.com_360_0,0.3000000000000001
fcc-test_video2,genet,100004,result_sim_abr_fcc-test_082_trace_26689_http---www.amazon.com_640,082_trace_26689_http---www.amazon.com_640,0.913829787234043
fcc-test_video2,genet,100004,result_sim_abr_fcc-test_083_test_fcc_trace_216810_http---www.facebook.com_300_0,083_test_fcc_trace_216810_http---www.facebook.com_300_0,1.3255319148936173
fcc-test_video2,genet,100004,result_sim_abr_fcc-test_084_trace_849842_http---www.facebook.com_1280,084_trace_849842_http---www.facebook.com_1280,0.3382978723404256
fcc-test_video2,genet,100004,result_sim_abr_fcc-test_085_test_fcc_trace_27175_http---www.amazon.com_840_0,085_test_fcc_trace_27175_http---www.amazon.com_840_0,1.9031914893617017
fcc-test_video2,genet,100004,result_sim_abr_fcc-test_086_trace_941778_http---www.youtube.com_320,086_trace_941778_http---www.youtube.com_320,0.29427360852606016
fcc-test_video2,genet,100004,result_sim_abr_fcc-test_087_test_fcc_trace_27175_http---www.amazon.com_780_0,087_test_fcc_trace_27175_http---www.amazon.com_780_0,1.9563829787234035
fcc-test_video2,genet,100004,result_sim_abr_fcc-test_088_trace_10322_http---edition.cnn.com_960,088_trace_10322_http---edition.cnn.com_960,0.5872340425531916
fcc-test_video2,genet,100004,result_sim_abr_fcc-test_089_test_fcc_trace_215364_http---www.ebay.com_60_0,089_test_fcc_trace_215364_http---www.ebay.com_60_0,0.6638297872340424
fcc-test_video2,genet,100004,result_sim_abr_fcc-test_090_trace_663494_http---www.facebook.com_640,090_trace_663494_http---www.facebook.com_640,1.2308510638297876
fcc-test_video2,genet,100004,result_sim_abr_fcc-test_091_trace_11332_http---www.facebook.com_960,091_trace_11332_http---www.facebook.com_960,0.3191489361702128
fcc-test_video2,genet,100004,result_sim_abr_fcc-test_092_test_fcc_trace_216810_http---www.facebook.com_780_0,092_test_fcc_trace_216810_http---www.facebook.com_780_0,0.9170212765957445
fcc-test_video2,genet,100004,result_sim_abr_fcc-test_093_test_fcc_trace_27175_http---www.amazon.com_720_0,093_test_fcc_trace_27175_http---www.amazon.com_720_0,1.8212765957446804
fcc-test_video2,genet,100004,result_sim_abr_fcc-test_094_test_fcc_trace_14731_http---www.facebook.com_1020_0,094_test_fcc_trace_14731_http---www.facebook.com_1020_0,0.29042553191489373
fcc-test_video2,genet,100004,result_sim_abr_fcc-test_095_trace_8996_http---www.facebook.com_320,095_trace_8996_http---www.facebook.com_320,0.3287234042553192
fcc-test_video2,genet,100004,result_sim_abr_fcc-test_096_trace_925806_http---www.amazon.com_640,096_trace_925806_http---www.amazon.com_640,0.3765957446808511
fcc-test_video2,genet,100004,result_sim_abr_fcc-test_097_test_fcc_trace_805712_http---www.facebook.com_1200_0,097_test_fcc_trace_805712_http---www.facebook.com_1200_0,0.995744680851064
fcc-test_video2,genet,100004,result_sim_abr_fcc-test_098_trace_939562_http---www.google.com-mobile-_320,098_trace_939562_http---www.google.com-mobile-_320,1.796808510638297
fcc-test_video2,genet,100004,result_sim_abr_fcc-test_099_trace_925800_http---www.ebay.com_320,099_trace_925800_http---www.ebay.com_320,0.5297872340425531
fcc-test_video2,genet,100005,result_sim_abr_fcc-test_000_trace_942154_http---www.ebay.com_0,000_trace_942154_http---www.ebay.com_0,0.39574468085106396
fcc-test_video2,genet,100005,result_sim_abr_fcc-test_001_test_fcc_trace_215364_http---www.ebay.com_600_0,001_test_fcc_trace_215364_http---www.ebay.com_600_0,0.6106382978723405
fcc-test_video2,genet,100005,result_sim_abr_fcc-test_002_trace_939592_http---www.facebook.com_640,002_trace_939592_http---www.facebook.com_640,0.9223404255319154
fcc-test_video2,genet,100005,result_sim_abr_fcc-test_003_trace_215252_http---www.msn.com_640,003_trace_215252_http---www.msn.com_640,0.9510638297872342
fcc-test_video2,genet,100005,result_sim_abr_fcc-test_004_trace_901648_http---www.amazon.com_960,004_trace_901648_http---www.amazon.com_960,1.5180851063829786
fcc-test_video2,genet,100005,result_sim_abr_fcc-test_005_trace_13562_http---www.facebook.com_320,005_trace_13562_http---www.facebook.com_320,0.30957446808510647
fcc-test_video2,genet,100005,result_sim_abr_fcc-test_006_trace_7256_http---www.facebook.com_640,006_trace_7256_http---www.facebook.com_640,0.3861702127659575
fcc-test_video2,genet,100005,result_sim_abr_fcc-test_007_test_fcc_trace_14731_http---www.facebook.com_1080_0,007_test_fcc_trace_14731_http---www.facebook.com_1080_0,0.28119819307923116
fcc-test_video2,genet,100005,result_sim_abr_fcc-test_008_test_fcc_trace_27175_http---www.amazon.com_480_0,008_test_fcc_trace_27175_http---www.amazon.com_480_0,0.8324715301897772
fcc-test_video2,genet,100005,result_sim_abr_fcc-test_009_test_fcc_trace_27175_http---www.amazon.com_420_0,009_test_fcc_trace_27175_http---www.amazon.com_420_0,0.4340425531914893
fcc-test_video2,genet,100005,result_sim_abr_fcc-test_010_test_fcc_trace_14731_http---www.facebook.com_1140_0,010_test_fcc_trace_14731_http---www.facebook.com_1140_0,0.3287234042553192
fcc-test_video2,genet,100005,result_sim_abr_fcc-test_011_test_fcc_trace_5554_http---www.amazon.com_360_0,011_test_fcc_trace_5554_http---www.amazon.com_360_0,0.3574468085106383
fcc-test_video2,genet,100005,result_sim_abr_fcc-test_012_trace_939562_http---www.google.com-mobile-_0,012_trace_939562_http---www.google.com-mobile-_0,1.4042553191489364
fcc-test_video2,genet,100005,result_sim_abr_fcc-test_013_trace_8299_http---www.amazon.com_1280,013_trace_8299_http---www.amazon.com_1280,-0.7404080171211803
fcc-test_video2,genet,100005,result_sim_abr_fcc-test_014_trace_849842_http---www.facebook.com_960,014_trace_849842_http---www.facebook.com_960,0.3765957446808511
fcc-test_video2,genet,100005,result_sim_abr_fcc-test_015_test_fcc_trace_805712_http---www.facebook.com_720_0,015_test_fcc_trace_805712_http---www.facebook.com_720_0,0.9702127659574473
fcc-test_video2,genet,100005,result_sim_abr_fcc-test_016_trace_11332_http---www.facebook.com_640,016_trace_11332_http---www.facebook.com_640,0.3000000000000001
fcc-test_video2,genet,100005,result_sim_abr_fcc-test_017_trace_7451_http---www.yahoo.com_320,017_trace_7451_http---www.yahoo.com_320,0.6925531914893617
fcc-test_video2,genet,100005,result_sim_abr_fcc-test_018_trace_806172_http---www.amazon.com_320,018_trace_806172_http---www.amazon.com_320,0.625531914893617
fcc-test_video2,genet,100005,result_sim_abr_fcc-test_019_trace_7540_http---www.yahoo.com_0,019_trace_7540_http---www.yahoo.com_0,0.6351063829787233
fcc-test_video2,genet,100005,result_sim_abr_fcc-test_020_trace_28838_http---www.amazon.com_1280,020_trace_28838_http---www.amazon.com_1280,-2.0545172162432386
fcc-test_video2,genet,100005,result_sim_abr_fcc-test_021_test_fcc_trace_14731_http---www.facebook.com_300_0,021_test_fcc_trace_14731_http---www.facebook.com_300_0,0.29993375375729364
fcc-test_video2,genet,100005,result_sim_abr_fcc-test_022_trace_7451_http---www.yahoo.com_960,022_trace_7451_http---www.yahoo.com_960,0.7117021276595744
fcc-test_video2,genet,100005,result_sim_abr_fcc-test_023_trace_942092_http---www.facebook.com_0,023_trace_942092_http---www.facebook.com_0,1.0648936170212768
fcc-test_video2,genet,100005,result_sim_abr_fcc-test_024_test_fcc_trace_216810_http---www.facebook.com_1140_0,024_test_fcc_trace_216810_http---www.facebook.com_1140_0,1.1223404255319145
fcc-test_video2,genet,100005,result_sim_abr_fcc-test_025_test_fcc_trace_215364_http---www.ebay.com_1020_0,025_test_fcc_trace_215364_http---www.ebay.com_1020_0,0.6446808510638297
fcc-test_video2,genet,100005,result_sim_abr_fcc-test_026_trace_665192_http---www.facebook.com_640,026_trace_665192_http---www.facebook.com_640,1.3489361702127662
fcc-test_video2,genet,100005,result_sim_abr_fcc-test_027_test_fcc_trace_27175_http---www.amazon.com_660_0,027_test_fcc_trace_27175_http---www.amazon.com_660_0,0.4932497364016705
fcc-test_video2,genet,100005,result_sim_abr_fcc-test_028_trace_663494_http---www.facebook.com_960,028_trace_663494_http---www.facebook.com_960,1.2510638297872343
fcc-test_video2,genet,100005,result_sim_abr_fcc-test_029_test_fcc_trace_5554_http---www.amazon.com_1080_0,029_test_fcc_trace_5554_http---www.amazon.com_1080_0,0.5106382978723404
fcc-test_video2,genet,100005,result_sim_abr_fcc-test_030_test_fcc_trace_216810_http---www.facebook.com_120_0,030_test_fcc_trace_216810_http---www.facebook.com_120_0,1.2904255319148938
fcc-test_video2,genet,100005,result_sim_abr_fcc-test_031_trace_849842_http---www.facebook.com_640,031_trace_849842_http---www.facebook.com_640,0.34787234042553195
fcc-test_video2,genet,100005,result_sim_abr_fcc-test_032_test_fcc_trace_805712_http---www.facebook.com_60_0,032_test_fcc_trace_805712_http---www.facebook.com_60_0,0.94468085106383
fcc-test_video2,genet,100005,result_sim_abr_fcc-test_033_test_fcc_trace_216810_http---www.facebook.com_480_0,033_test_fcc_trace_216810_http---www.facebook.com_480_0,0.9595744680851068
fcc-test_video2,genet,100005,result_sim_abr_fcc-test_034_trace_797466_http---www.amazon.com_320,034_trace_797466_http---www.amazon.com_320,0.4914893617021277
fcc-test_video2,genet,100005,result_sim_abr_fcc-test_035_trace_7289_http---www.yahoo.com_320,035_trace_7289_http---www.yahoo.com_320,0.702127659574468
fcc-test_video2,genet,100005,result_sim_abr_fcc-test_036_trace_216826_http---www.amazon.com_960,036_trace_216826_http---www.amazon.com_960,0.1681743557950809
fcc-test_video2,genet,100005,result_sim_abr_fcc-test_037_test_fcc_trace_215364_http---www.ebay.com_840_0,037_test_fcc_trace_215364_http---www.ebay.com_840_0,0.596808510638298
fcc-test_video2,genet,100005,result_sim_abr_fcc-test_038_trace_216826_http---www.amazon.com_640,038_trace_216826_http---www.amazon.com_640,0.0953388123544147
fcc-test_video2,genet,100005,result_sim_abr_fcc-test_039_trace_866_http---www.amazon.com_1280,039_trace_866_http---www.amazon.com_1280,0.4436170212765958
fcc-test_video2,genet,100005,result_sim_abr_fcc-test_040_trace_799448_http---www.facebook.com_1280,040_trace_799448_http---www.facebook.com_1280,0.6914893617021277
fcc-test_video2,genet,100005,result_sim_abr_fcc-test_041_test_fcc_trace_5554_http---www.amazon.com_1200_0,041_test_fcc_trace_5554_http---www.amazon.com_1200_0,0.7308510638297873
fcc-test_video2,genet,100005,result_sim_abr_fcc-test_042_trace_14679_http---www.facebook.com_0,042_trace_14679_http---www.facebook.com_0,0.347872340425532
fcc-test_video2,genet,100005,result_sim_abr_fcc-test_043_trace_8299_http---www.amazon.com_640,043_trace_8299_http---www.amazon.com_640,1.7127659574468086
fcc-test_video2,genet,100005,result_sim_abr_fcc-test_044_trace_8747_http---www.amazon.com_320,044_trace_8747_http---www.amazon.com_320,1.45531914893617
fcc-test_video2,genet,100005,result_sim_abr_fcc-test_045_test_fcc_trace_27175_http---www.amazon.com_240_0,045_test_fcc_trace_27175_http---www.amazon.com_240_0,0.4531914893617021
fcc-test_video2,genet,100005,result_sim_abr_fcc-test_046_trace_7190_http---www.yahoo.com_1280,046_trace_7190_http---www.yahoo.com_1280,0.6925531914893615
fcc-test_video2,genet,100005,result_sim_abr_fcc-test_047_trace_8299_http---www.amazon.com_0,047_trace_8299_http---www.amazon.com_0,-0.0900835997941776
fcc-test_video2,genet,100005,result_sim_abr_fcc-test_048_trace_806172_http---www.amazon.com_1280,048_trace_806172_http---www.amazon.com_1280,0.8585106382978726
fcc-test_video2,genet,100005,result_sim_abr_fcc-test_049_trace_665208_http---www.yahoo.com_0,049_trace_665208_http---www.yahoo.com_0,2.202127659574468
fcc-test_video2,genet,100005,result_sim_abr_fcc-test_050_trace_207336_http---www.amazon.com_1280,050_trace_207336_http---www.amazon.com_1280,-1.107381194975543
fcc-test_video2,genet,100005,result_sim_abr_fcc-test_051_test_fcc_trace_805712_http---www.facebook.com_1500_0,051_test_fcc_trace_805712_http---www.facebook.com_1500_0,0.8755319148936171
fcc-test_video2,genet,100005,result_sim_abr_fcc-test_052_test_fcc_trace_14731_http---www.facebook.com_420_0,052_test_fcc_trace_14731_http---www.facebook.com_420_0,0.3095744680851064
fcc-test_video2,genet,100005,result_sim_abr_fcc-test_053_trace_8299_http---www.amazon.com_960,053_trace_8299_http---www.amazon.com_960,-2.586268751268234
fcc-test_video2,genet,100005,result_sim_abr_fcc-test_054_test_fcc_trace_805712_http---www.facebook.com_360_0,054_test_fcc_trace_805712_http---www.facebook.com_360_0,0.967021276595745
fcc-test_video2,genet,100005,result_sim_abr_fcc-test_055_trace_806172_http---www.amazon.com_960,055_trace_806172_http---www.amazon.com_960,1.3085106382978724
fcc-test_video2,genet,100005,result_sim_abr_fcc-test_056_test_fcc_trace_27175_http---www.amazon.com_600_0,056_test_fcc_trace_27175_http---www.amazon.com_600_0,0.5297872340425531
fcc-test_video2,genet,100005,result_sim_abr_fcc-test_057_test_fcc_trace_14731_http---www.facebook.com_1320_0,057_test_fcc_trace_14731_http---www.facebook.com_1320_0,0.19070040349099754
fcc-test_video2,genet,100005,result_sim_abr_fcc-test_058_trace_797700_http---www.yahoo.com_960,058_trace_797700_http---www.yahoo.com_960,0.3574468085106383
fcc-test_video2,genet,100005,result_sim_abr_fcc-test_059_trace_941752_http---www.facebook.com_0,059_trace_941752_http---www.facebook.com_0,0.47234042553191485
fcc-test_video2,genet,100005,result_sim_abr_fcc-test_060_test_fcc_trace_215364_http---www.ebay.com_1140_0,060_test_fcc_trace_215364_http---www.ebay.com_1140_0,0.6904255319148935
fcc-test_video2,genet,100005,result_sim_abr_fcc-test_061_trace_806172_http---www.amazon.com_0,061_trace_806172_http---www.amazon.com_0,1.3829787234042554
fcc-test_video2,genet,100005,result_sim_abr_fcc-test_062_trace_797700_http---www.yahoo.com_320,062_trace_797700_http---www.yahoo.com_320,0.34787234042553195
fcc-test_video2,genet,100005,result_sim_abr_fcc-test_063_trace_799296_http---www.amazon.com_960,063_trace_799296_http---www.amazon.com_960,1.5744680851063824
fcc-test_video2,genet,100005,result_sim_abr_fcc-test_064_trace_10730_http---www.facebook.com_1280,064_trace_10730_http---www.facebook.com_1280,0.3000000000000001
fcc-test_video2,genet,100005,result_sim_abr_fcc-test_065_trace_799448_http---www.facebook.com_320,065_trace_799448_http---www.facebook.com_320,0.6627659574468086
fcc-test_video2,genet,100005,result_sim_abr_fcc-test_066_test_fcc_trace_805712_http---www.facebook.com_1140_0,066_test_fcc_trace_805712_http---www.facebook.com_1140_0,0.8457446808510638
fcc-test_video2,genet,100005,result_sim_abr_fcc-test_067_test_fcc_trace_27175_http---www.amazon.com_1320_0,067_test_fcc_trace_27175_http---www.amazon.com_1320_0,0.4819148936170212
fcc-test_video2,genet,100005,result_sim_abr_fcc-test_068_trace_901648_http---www.amazon.com_640,068_trace_901648_http---www.amazon.com_640,1.0770656971361317
fcc-test_video2,genet,100005,result_sim_abr_fcc-test_069_trace_939618_http---www.amazon.com_960,069_trace_939618_http---www.amazon.com_960,0.8255319148936171
fcc-test_video2,genet,100005,result_sim_abr_fcc-test_070_test_fcc_trace_14731_http---www.facebook.com_720_0,070_test_fcc_trace_14731_http---www.facebook.com_720_0,0.331456130779759
fcc-test_video2,genet,100005,result_sim_abr_fcc-test_071_trace_7256_http---www.facebook.com_960,071_trace_7256_http---www.facebook.com_960,0.33829787234042563
fcc-test_video2,genet,100005,result_sim_abr_fcc-test_072_test_fcc_trace_216810_http---www.facebook.com_1440_0,072_test_fcc_trace_216810_http---www.facebook.com_1440_0,1.210638297872341
fcc-test_video2,genet,100005,result_sim_abr_fcc-test_073_test_fcc_trace_5554_http---www.amazon.com_720_0,073_test_fcc_trace_5554_http---www.amazon.com_720_0,0.5968085106382978
fcc-test_video2,genet,100005,result_sim_abr_fcc-test_074_test_fcc_trace_27175_http---www.amazon.com_1140_0,074_test_fcc_trace_27175_http---www.amazon.com_1140_0,0.06049102829050377
fcc-test_video2,genet,100005,result_sim_abr_fcc-test_075_trace_7451_http---www.yahoo.com_640,075_trace_7451_http---www.yahoo.com_640,0.8127659574468086
fcc-test_video2,genet,100005,result_sim_abr_fcc-test_076_trace_805936_http---www.youtube.com_640,076_trace_805936_http---www.youtube.com_640,0.4436170212765958
fcc-test_video2,genet,100005,result_sim_abr_fcc-test_077_trace_665208_http---www.yahoo.com_640,077_trace_665208_http---www.yahoo.com_640,1.7999999999999994
fcc-test_video2,genet,100005,result_sim_abr_fcc-test_078_trace_8747_http---www.amazon.com_960,078_trace_8747_http---www.amazon.com_960,0.47127659574468095
fcc-test_video2,genet,100005,result_sim_abr_fcc-test_079_test_fcc_trace_14731_http---www.facebook.com_1380_0,079_test_fcc_trace_14731_http---www.facebook.com_1380_0,0.2954664544900887
fcc-test_video2,genet,100005,result_sim_abr_fcc-test_080_test_fcc_trace_215364_http---www.ebay.com_420_0,080_test_fcc_trace_215364_http---www.ebay.com_420_0,0.625531914893617
fcc-test_video2,genet,100005,result_sim_abr_fcc-test_081_test_fcc_trace_14731_http---www.facebook.com_360_0,081_test_fcc_trace_14731_http---www.facebook.com_360_0,0.30957446808510647
fcc-test_video2,genet,100005,result_sim_abr_fcc-test_082_trace_26689_http---www.amazon.com_640,082_trace_26689_http---www.amazon.com_640,0.7021276595744681
fcc-test_video2,genet,100005,result_sim_abr_fcc-test_083_test_fcc_trace_216810_http---www.facebook.com_300_0,083_test_fcc_trace_216810_http---www.facebook.com_300_0,1.220212765957447
fcc-test_video2,genet,100005,result_sim_abr_fcc-test_084_trace_849842_http---www.facebook.com_1280,084_trace_849842_http---www.facebook.com_1280,0.3382978723404256
fcc-test_video2,genet,100005,result_sim_abr_fcc-test_085_test_fcc_trace_27175_http---www.amazon.com_840_0,085_test_fcc_trace_27175_http---www.amazon.com_840_0,2.113829787234042
fcc-test_video2,genet,100005,result_sim_abr_fcc-test_086_trace_941778_http---www.youtube.com_320,086_trace_941778_http---www.youtube.com_320,0.2846991404409538
fcc-test_video2,genet,100005,result_sim_abr_fcc-test_087_test_fcc_trace_27175_http---www.amazon.com_780_0,087_test_fcc_trace_27175_http---www.amazon.com_780_0,2.2297872340425533
fcc-test_video2,genet,100005,result_sim_abr_fcc-test_088_trace_10322_http---edition.cnn.com_960,088_trace_10322_http---edition.cnn.com_960,0.5585106382978724
fcc-test_video2,genet,100005,result_sim_abr_fcc-test_089_test_fcc_trace_215364_http---www.ebay.com_60_0,089_test_fcc_trace_215364_http---www.ebay.com_60_0,0.7308510638297873
fcc-test_video2,genet,100005,result_sim_abr_fcc-test_090_trace_663494_http---www.facebook.com_640,090_trace_663494_http---www.facebook.com_640,1.1393617021276592
fcc-test_video2,genet,100005,result_sim_abr_fcc-test_091_trace_11332_http---www.facebook.com_960,091_trace_11332_http---www.facebook.com_960,0.3191489361702128
fcc-test_video2,genet,100005,result_sim_abr_fcc-test_092_test_fcc_trace_216810_http---www.facebook.com_780_0,092_test_fcc_trace_216810_http---www.facebook.com_780_0,0.8925531914893613
fcc-test_video2,genet,100005,result_sim_abr_fcc-test_093_test_fcc_trace_27175_http---www.amazon.com_720_0,093_test_fcc_trace_27175_http---www.amazon.com_720_0,1.5829787234042552
fcc-test_video2,genet,100005,result_sim_abr_fcc-test_094_test_fcc_trace_14731_http---www.facebook.com_1020_0,094_test_fcc_trace_14731_http---www.facebook.com_1020_0,0.30000000000000004
fcc-test_video2,genet,100005,result_sim_abr_fcc-test_095_trace_8996_http---www.facebook.com_320,095_trace_8996_http---www.facebook.com_320,0.3382978723404256
fcc-test_video2,genet,100005,result_sim_abr_fcc-test_096_trace_925806_http---www.amazon.com_640,096_trace_925806_http---www.amazon.com_640,0.3382978723404256
fcc-test_video2,genet,100005,result_sim_abr_fcc-test_097_test_fcc_trace_805712_http---www.facebook.com_1200_0,097_test_fcc_trace_805712_http---www.facebook.com_1200_0,0.9606382978723403
fcc-test_video2,genet,100005,result_sim_abr_fcc-test_098_trace_939562_http---www.google.com-mobile-_320,098_trace_939562_http---www.google.com-mobile-_320,1.7755319148936164
fcc-test_video2,genet,100005,result_sim_abr_fcc-test_099_trace_925800_http---www.ebay.com_320,099_trace_925800_http---www.ebay.com_320,0.4819148936170212
fcc-test_video2,final,100001,result_sim_abr_fcc-test_000_trace_942154_http---www.ebay.com_0,000_trace_942154_http---www.ebay.com_0,0.4053191489361704
fcc-test_video2,final,100001,result_sim_abr_fcc-test_001_test_fcc_trace_215364_http---www.ebay.com_600_0,001_test_fcc_trace_215364_http---www.ebay.com_600_0,0.6351063829787235
fcc-test_video2,final,100001,result_sim_abr_fcc-test_002_trace_939592_http---www.facebook.com_640,002_trace_939592_http---www.facebook.com_640,1.067021276595745
fcc-test_video2,final,100001,result_sim_abr_fcc-test_003_trace_215252_http---www.msn.com_640,003_trace_215252_http---www.msn.com_640,1.0787234042553198
fcc-test_video2,final,100001,result_sim_abr_fcc-test_004_trace_901648_http---www.amazon.com_960,004_trace_901648_http---www.amazon.com_960,1.7244680851063823
fcc-test_video2,final,100001,result_sim_abr_fcc-test_005_trace_13562_http---www.facebook.com_320,005_trace_13562_http---www.facebook.com_320,0.33829787234042563
fcc-test_video2,final,100001,result_sim_abr_fcc-test_006_trace_7256_http---www.facebook.com_640,006_trace_7256_http---www.facebook.com_640,0.36702127659574485
fcc-test_video2,final,100001,result_sim_abr_fcc-test_007_test_fcc_trace_14731_http---www.facebook.com_1080_0,007_test_fcc_trace_14731_http---www.facebook.com_1080_0,0.252474788823912
fcc-test_video2,final,100001,result_sim_abr_fcc-test_008_test_fcc_trace_27175_http---www.amazon.com_480_0,008_test_fcc_trace_27175_http---www.amazon.com_480_0,-0.7849465797609188
fcc-test_video2,final,100001,result_sim_abr_fcc-test_009_test_fcc_trace_27175_http---www.amazon.com_420_0,009_test_fcc_trace_27175_http---www.amazon.com_420_0,0.4819148936170214
fcc-test_video2,final,100001,result_sim_abr_fcc-test_010_test_fcc_trace_14731_http---www.facebook.com_1140_0,010_test_fcc_trace_14731_http---www.facebook.com_1140_0,0.31914893617021284
fcc-test_video2,final,100001,result_sim_abr_fcc-test_011_test_fcc_trace_5554_http---www.amazon.com_360_0,011_test_fcc_trace_5554_http---www.amazon.com_360_0,0.35744680851063837
fcc-test_video2,final,100001,result_sim_abr_fcc-test_012_trace_939562_http---www.google.com-mobile-_0,012_trace_939562_http---www.google.com-mobile-_0,1.6893617021276588
fcc-test_video2,final,100001,result_sim_abr_fcc-test_013_trace_8299_http---www.amazon.com_1280,013_trace_8299_http---www.amazon.com_1280,0.872340425531915
fcc-test_video2,final,100001,result_sim_abr_fcc-test_014_trace_849842_http---www.facebook.com_960,014_trace_849842_http---www.facebook.com_960,0.33829787234042563
fcc-test_video2,final,100001,result_sim_abr_fcc-test_015_test_fcc_trace_805712_http---www.facebook.com_720_0,015_test_fcc_trace_805712_http---www.facebook.com_720_0,0.9031914893617027
fcc-test_video2,final,100001,result_sim_abr_fcc-test_016_trace_11332_http---www.facebook.com_640,016_trace_11332_http---www.facebook.com_640,0.31914893617021284
fcc-test_video2,final,100001,result_sim_abr_fcc-test_017_trace_7451_http---www.yahoo.com_320,017_trace_7451_http---www.yahoo.com_320,0.7117021276595745
fcc-test_video2,final,100001,result_sim_abr_fcc-test_018_trace_806172_http---www.amazon.com_320,018_trace_806172_http---www.amazon.com_320,0.6542553191489362
fcc-test_video2,final,100001,result_sim_abr_fcc-test_019_trace_7540_http---www.yahoo.com_0,019_trace_7540_http---www.yahoo.com_0,0.6446808510638298
fcc-test_video2,final,100001,result_sim_abr_fcc-test_020_trace_28838_http---www.amazon.com_1280,020_trace_28838_http---www.amazon.com_1280,0.8930055357436719
fcc-test_video2,final,100001,result_sim_abr_fcc-test_021_test_fcc_trace_14731_http---www.facebook.com_300_0,021_test_fcc_trace_14731_http---www.facebook.com_300_0,0.32865715801261275
fcc-test_video2,final,100001,result_sim_abr_fcc-test_022_trace_7451_http---www.yahoo.com_960,022_trace_7451_http---www.yahoo.com_960,0.75
fcc-test_video2,final,100001,result_sim_abr_fcc-test_023_trace_942092_http---www.facebook.com_0,023_trace_942092_http---www.facebook.com_0,1.222340425531915
fcc-test_video2,final,100001,result_sim_abr_fcc-test_024_test_fcc_trace_216810_http---www.facebook.com_1140_0,024_test_fcc_trace_216810_http---www.facebook.com_1140_0,1.1159574468085107
fcc-test_video2,final,100001,result_sim_abr_fcc-test_025_test_fcc_trace_215364_http---www.ebay.com_1020_0,025_test_fcc_trace_215364_http---www.ebay.com_1020_0,0.6159574468085106
fcc-test_video2,final,100001,result_sim_abr_fcc-test_026_trace_665192_http---www.facebook.com_640,026_trace_665192_http---www.facebook.com_640,1.4446808510638298
fcc-test_video2,final,100001,result_sim_abr_fcc-test_027_test_fcc_trace_27175_http---www.amazon.com_660_0,027_test_fcc_trace_27175_http---www.amazon.com_660_0,0.3870279919030516
fcc-test_video2,final,100001,result_sim_abr_fcc-test_028_trace_663494_http---www.facebook.com_960,028_trace_663494_http---www.facebook.com_960,1.5180851063829783
fcc-test_video2,final,100001,result_sim_abr_fcc-test_029_test_fcc_trace_5554_http---www.amazon.com_1080_0,029_test_fcc_trace_5554_http---www.amazon.com_1080_0,0.5680851063829787
fcc-test_video2,final,100001,result_sim_abr_fcc-test_030_test_fcc_trace_216810_http---www.facebook.com_120_0,030_test_fcc_trace_216810_http---www.facebook.com_120_0,1.218085106382979
fcc-test_video2,final,100001,result_sim_abr_fcc-test_031_trace_849842_http---www.facebook.com_640,031_trace_849842_http---www.facebook.com_640,0.3000000000000001
fcc-test_video2,final,100001,result_sim_abr_fcc-test_032_test_fcc_trace_805712_http---www.facebook.com_60_0,032_test_fcc_trace_805712_http---www.facebook.com_60_0,0.9414893617021282
fcc-test_video2,final,100001,result_sim_abr_fcc-test_033_test_fcc_trace_216810_http---www.facebook.com_480_0,033_test_fcc_trace_216810_http---www.facebook.com_480_0,0.975531914893617
fcc-test_video2,final,100001,result_sim_abr_fcc-test_034_trace_797466_http---www.amazon.com_320,034_trace_797466_http---www.amazon.com_320,0.5010638297872342
fcc-test_video2,final,100001,result_sim_abr_fcc-test_035_trace_7289_http---www.yahoo.com_320,035_trace_7289_http---www.yahoo.com_320,0.7404255319148937
fcc-test_video2,final,100001,result_sim_abr_fcc-test_036_trace_216826_http---www.amazon.com_960,036_trace_216826_http---www.amazon.com_960,0.4875777791043954
fcc-test_video2,final,100001,result_sim_abr_fcc-test_037_test_fcc_trace_215364_http---www.ebay.com_840_0,037_test_fcc_trace_215364_http---www.ebay.com_840_0,0.625531914893617
fcc-test_video2,final,100001,result_sim_abr_fcc-test_038_trace_216826_http---www.amazon.com_640,038_trace_216826_http---www.amazon.com_640,0.6011332210794762
fcc-test_video2,final,100001,result_sim_abr_fcc-test_039_trace_866_http---www.amazon.com_1280,039_trace_866_http---www.amazon.com_1280,0.5489361702127661
fcc-test_video2,final,100001,result_sim_abr_fcc-test_040_trace_799448_http---www.facebook.com_1280,040_trace_799448_http---www.facebook.com_1280,0.8404255319148939
fcc-test_video2,final,100001,result_sim_abr_fcc-test_041_test_fcc_trace_5554_http---www.amazon.com_1200_0,041_test_fcc_trace_5554_http---www.amazon.com_1200_0,0.5017979435820503
fcc-test_video2,final,100001,result_sim_abr_fcc-test_042_trace_14679_http---www.facebook.com_0,042_trace_14679_http---www.facebook.com_0,0.2904255319148937
fcc-test_video2,final,100001,result_sim_abr_fcc-test_043_trace_8299_http---www.amazon.com_640,043_trace_8299_http---www.amazon.com_640,1.770212765957446
fcc-test_video2,final,100001,result_sim_abr_fcc-test_044_trace_8747_http---www.amazon.com_320,044_trace_8747_http---www.amazon.com_320,1.426595744680851
fcc-test_video2,final,100001,result_sim_abr_fcc-test_045_test_fcc_trace_27175_http---www.amazon.com_240_0,045_test_fcc_trace_27175_http---www.amazon.com_240_0,0.5872340425531914
fcc-test_video2,final,100001,result_sim_abr_fcc-test_046_trace_7190_http---www.yahoo.com_1280,046_trace_7190_http---www.yahoo.com_1280,0.7404255319148937
fcc-test_video2,final,100001,result_sim_abr_fcc-test_047_trace_8299_http---www.amazon.com_0,047_trace_8299_http---www.amazon.com_0,1.0746343529568536
fcc-test_video2,final,100001,result_sim_abr_fcc-test_048_trace_806172_http---www.amazon.com_1280,048_trace_806172_http---www.amazon.com_1280,0.8638297872340427
fcc-test_video2,final,100001,result_sim_abr_fcc-test_049_trace_665208_http---www.yahoo.com_0,049_trace_665208_http---www.yahoo.com_0,2.308510638297872
fcc-test_video2,final,100001,result_sim_abr_fcc-test_050_trace_207336_http---www.amazon.com_1280,050_trace_207336_http---www.amazon.com_1280,0.925531914893617
fcc-test_video2,final,100001,result_sim_abr_fcc-test_051_test_fcc_trace_805712_http---www.facebook.com_1500_0,051_test_fcc_trace_805712_http---www.facebook.com_1500_0,1.0042553191489363
fcc-test_video2,final,100001,result_sim_abr_fcc-test_052_test_fcc_trace_14731_http---www.facebook.com_420_0,052_test_fcc_trace_14731_http---www.facebook.com_420_0,0.3000000000000001
fcc-test_video2,final,100001,result_sim_abr_fcc-test_053_trace_8299_http---www.amazon.com_960,053_trace_8299_http---www.amazon.com_960,-0.32240173214467405
fcc-test_video2,final,100001,result_sim_abr_fcc-test_054_test_fcc_trace_805712_http---www.facebook.com_360_0,054_test_fcc_trace_805712_http---www.facebook.com_360_0,1.0457446808510642
fcc-test_video2,final,100001,result_sim_abr_fcc-test_055_trace_806172_http---www.amazon.com_960,055_trace_806172_http---www.amazon.com_960,1.2585106382978726
fcc-test_video2,final,100001,result_sim_abr_fcc-test_056_test_fcc_trace_27175_http---www.amazon.com_600_0,056_test_fcc_trace_27175_http---www.amazon.com_600_0,0.5393617021276595
fcc-test_video2,final,100001,result_sim_abr_fcc-test_057_test_fcc_trace_14731_http---www.facebook.com_1320_0,057_test_fcc_trace_14731_http---www.facebook.com_1320_0,0.19070040349099757
fcc-test_video2,final,100001,result_sim_abr_fcc-test_058_trace_797700_http---www.yahoo.com_960,058_trace_797700_http---www.yahoo.com_960,0.4053191489361702
fcc-test_video2,final,100001,result_sim_abr_fcc-test_059_trace_941752_http---www.facebook.com_0,059_trace_941752_http---www.facebook.com_0,0.395744680851064
fcc-test_video2,final,100001,result_sim_abr_fcc-test_060_test_fcc_trace_215364_http---www.ebay.com_1140_0,060_test_fcc_trace_215364_http---www.ebay.com_1140_0,0.4603081211075152
fcc-test_video2,final,100001,result_sim_abr_fcc-test_061_trace_806172_http---www.amazon.com_0,061_trace_806172_http---www.amazon.com_0,1.4
fcc-test_video2,final,100001,result_sim_abr_fcc-test_062_trace_797700_http---www.yahoo.com_320,062_trace_797700_http---www.yahoo.com_320,0.36702127659574474
fcc-test_video2,final,100001,result_sim_abr_fcc-test_063_trace_799296_http---www.amazon.com_960,063_trace_799296_http---www.amazon.com_960,1.4585106382978723
fcc-test_video2,final,100001,result_sim_abr_fcc-test_064_trace_10730_http---www.facebook.com_1280,064_trace_10730_http---www.facebook.com_1280,0.29554925986944025
fcc-test_video2,final,100001,result_sim_abr_fcc-test_065_trace_799448_http---www.facebook.com_320,065_trace_799448_http---www.facebook.com_320,0.6734042553191488
fcc-test_video2,final,100001,result_sim_abr_fcc-test_066_test_fcc_trace_805712_http---www.facebook.com_1140_0,066_test_fcc_trace_805712_http---www.facebook.com_1140_0,0.9021276595744685
fcc-test_video2,final,100001,result_sim_abr_fcc-test_067_test_fcc_trace_27175_http---www.amazon.com_1320_0,067_test_fcc_trace_27175_http---www.amazon.com_1320_0,0.501063829787234
fcc-test_video2,final,100001,result_sim_abr_fcc-test_068_trace_901648_http---www.amazon.com_640,068_trace_901648_http---www.amazon.com_640,1.1500000000000001
fcc-test_video2,final,100001,result_sim_abr_fcc-test_069_trace_939618_http---www.amazon.com_960,069_trace_939618_http---www.amazon.com_960,0.8627659574468091
fcc-test_video2,final,100001,result_sim_abr_fcc-test_070_test_fcc_trace_14731_http---www.facebook.com_720_0,070_test_fcc_trace_14731_http---www.facebook.com_720_0,0.2835837903542271
fcc-test_video2,final,100001,result_sim_abr_fcc-test_071_trace_7256_http---www.facebook.com_960,071_trace_7256_http---www.facebook.com_960,0.2904255319148937
fcc-test_video2,final,100001,result_sim_abr_fcc-test_072_test_fcc_trace_216810_http---www.facebook.com_1440_0,072_test_fcc_trace_216810_http---www.facebook.com_1440_0,1.3148936170212768
fcc-test_video2,final,100001,result_sim_abr_fcc-test_073_test_fcc_trace_5554_http---www.amazon.com_720_0,073_test_fcc_trace_5554_http---www.amazon.com_720_0,0.6638297872340425
fcc-test_video2,final,100001,result_sim_abr_fcc-test_074_test_fcc_trace_27175_http---www.amazon.com_1140_0,074_test_fcc_trace_27175_http---www.amazon.com_1140_0,0.9831195751566235
fcc-test_video2,final,100001,result_sim_abr_fcc-test_075_trace_7451_http---www.yahoo.com_640,075_trace_7451_http---www.yahoo.com_640,0.801063829787234
fcc-test_video2,final,100001,result_sim_abr_fcc-test_076_trace_805936_http---www.youtube.com_640,076_trace_805936_http---www.youtube.com_640,0.42446808510638306
fcc-test_video2,final,100001,result_sim_abr_fcc-test_077_trace_665208_http---www.yahoo.com_640,077_trace_665208_http---www.yahoo.com_640,1.7936170212765947
fcc-test_video2,final,100001,result_sim_abr_fcc-test_078_trace_8747_http---www.amazon.com_960,078_trace_8747_http---www.amazon.com_960,0.5244680851063831
fcc-test_video2,final,100001,result_sim_abr_fcc-test_079_test_fcc_trace_14731_http---www.facebook.com_1380_0,079_test_fcc_trace_14731_http---www.facebook.com_1380_0,0.2858919864049823
fcc-test_video2,final,100001,result_sim_abr_fcc-test_080_test_fcc_trace_215364_http---www.ebay.com_420_0,080_test_fcc_trace_215364_http---www.ebay.com_420_0,0.6446808510638298
fcc-test_video2,final,100001,result_sim_abr_fcc-test_081_test_fcc_trace_14731_http---www.facebook.com_360_0,081_test_fcc_trace_14731_http---www.facebook.com_360_0,0.31914893617021284
fcc-test_video2,final,100001,result_sim_abr_fcc-test_082_trace_26689_http---www.amazon.com_640,082_trace_26689_http---www.amazon.com_640,0.8074468085106385
fcc-test_video2,final,100001,result_sim_abr_fcc-test_083_test_fcc_trace_216810_http---www.facebook.com_300_0,083_test_fcc_trace_216810_http---www.facebook.com_300_0,1.4914893617021276
fcc-test_video2,final,100001,result_sim_abr_fcc-test_084_trace_849842_http---www.facebook.com_1280,084_trace_849842_http---www.facebook.com_1280,0.3000000000000001
fcc-test_video2,final,100001,result_sim_abr_fcc-test_085_test_fcc_trace_27175_http---www.amazon.com_840_0,085_test_fcc_trace_27175_http---www.amazon.com_840_0,1.720212765957446
fcc-test_video2,final,100001,result_sim_abr_fcc-test_086_trace_941778_http---www.youtube.com_320,086_trace_941778_http---www.youtube.com_320,0.2846991404409538
fcc-test_video2,final,100001,result_sim_abr_fcc-test_087_test_fcc_trace_27175_http---www.amazon.com_780_0,087_test_fcc_trace_27175_http---www.amazon.com_780_0,2.178723404255318
fcc-test_video2,final,100001,result_sim_abr_fcc-test_088_trace_10322_http---edition.cnn.com_960,088_trace_10322_http---edition.cnn.com_960,0.6351063829787235
fcc-test_video2,final,100001,result_sim_abr_fcc-test_089_test_fcc_trace_215364_http---www.ebay.com_60_0,089_test_fcc_trace_215364_http---www.ebay.com_60_0,0.7499999999999999
fcc-test_video2,final,100001,result_sim_abr_fcc-test_090_trace_663494_http---www.facebook.com_640,090_trace_663494_http---www.facebook.com_640,1.1287234042553191
fcc-test_video2,final,100001,result_sim_abr_fcc-test_091_trace_11332_http---www.facebook.com_960,091_trace_11332_http---www.facebook.com_960,0.30957446808510647
fcc-test_video2,final,100001,result_sim_abr_fcc-test_092_test_fcc_trace_216810_http---www.facebook.com_780_0,092_test_fcc_trace_216810_http---www.facebook.com_780_0,0.9747414610833977
fcc-test_video2,final,100001,result_sim_abr_fcc-test_093_test_fcc_trace_27175_http---www.amazon.com_720_0,093_test_fcc_trace_27175_http---www.amazon.com_720_0,1.5638297872340423
fcc-test_video2,final,100001,result_sim_abr_fcc-test_094_test_fcc_trace_14731_http---www.facebook.com_1020_0,094_test_fcc_trace_14731_http---www.facebook.com_1020_0,0.30957446808510647
fcc-test_video2,final,100001,result_sim_abr_fcc-test_095_trace_8996_http---www.facebook.com_320,095_trace_8996_http---www.facebook.com_320,0.33829787234042563
fcc-test_video2,final,100001,result_sim_abr_fcc-test_096_trace_925806_http---www.amazon.com_640,096_trace_925806_http---www.amazon.com_640,0.34787234042553195
fcc-test_video2,final,100001,result_sim_abr_fcc-test_097_test_fcc_trace_805712_http---www.facebook.com_1200_0,097_test_fcc_trace_805712_http---www.facebook.com_1200_0,1.0734042553191494
fcc-test_video2,final,100001,result_sim_abr_fcc-test_098_trace_939562_http---www.google.com-mobile-_320,098_trace_939562_http---www.google.com-mobile-_320,1.670212765957446
fcc-test_video2,final,100001,result_sim_abr_fcc-test_099_trace_925800_http---www.ebay.com_320,099_trace_925800_http---www.ebay.com_320,0.5393617021276597
fcc-test_video2,final,100002,result_sim_abr_fcc-test_000_trace_942154_http---www.ebay.com_0,000_trace_942154_http---www.ebay.com_0,0.47234042553191485
fcc-test_video2,final,100002,result_sim_abr_fcc-test_001_test_fcc_trace_215364_http---www.ebay.com_600_0,001_test_fcc_trace_215364_http---www.ebay.com_600_0,0.6542553191489362
fcc-test_video2,final,100002,result_sim_abr_fcc-test_002_trace_939592_http---www.facebook.com_640,002_trace_939592_http---www.facebook.com_640,1.0797872340425534
fcc-test_video2,final,100002,result_sim_abr_fcc-test_003_trace_215252_http---www.msn.com_640,003_trace_215252_http---www.msn.com_640,1.0180851063829792
fcc-test_video2,final,100002,result_sim_abr_fcc-test_004_trace_901648_http---www.amazon.com_960,004_trace_901648_http---www.amazon.com_960,1.2897484279212885
fcc-test_video2,final,100002,result_sim_abr_fcc-test_005_trace_13562_http---www.facebook.com_320,005_trace_13562_http---www.facebook.com_320,0.13688112831194207
fcc-test_video2,final,100002,result_sim_abr_fcc-test_006_trace_7256_http---www.facebook.com_640,006_trace_7256_http---www.facebook.com_640,0.3765957446808511
fcc-test_video2,final,100002,result_sim_abr_fcc-test_007_test_fcc_trace_14731_http---www.facebook.com_1080_0,007_test_fcc_trace_14731_http---www.facebook.com_1080_0,-0.25736368047779096
fcc-test_video2,final,100002,result_sim_abr_fcc-test_008_test_fcc_trace_27175_http---www.amazon.com_480_0,008_test_fcc_trace_27175_http---www.amazon.com_480_0,-0.8798214182483319
fcc-test_video2,final,100002,result_sim_abr_fcc-test_009_test_fcc_trace_27175_http---www.amazon.com_420_0,009_test_fcc_trace_27175_http---www.amazon.com_420_0,0.5106382978723404
fcc-test_video2,final,100002,result_sim_abr_fcc-test_010_test_fcc_trace_14731_http---www.facebook.com_1140_0,010_test_fcc_trace_14731_http---www.facebook.com_1140_0,0.34787234042553195
fcc-test_video2,final,100002,result_sim_abr_fcc-test_011_test_fcc_trace_5554_http---www.amazon.com_360_0,011_test_fcc_trace_5554_http---www.amazon.com_360_0,0.4053191489361702
fcc-test_video2,final,100002,result_sim_abr_fcc-test_012_trace_939562_http---www.google.com-mobile-_0,012_trace_939562_http---www.google.com-mobile-_0,1.741489361702127
fcc-test_video2,final,100002,result_sim_abr_fcc-test_013_trace_8299_http---www.amazon.com_1280,013_trace_8299_http---www.amazon.com_1280,-2.1949932187322023
fcc-test_video2,final,100002,result_sim_abr_fcc-test_014_trace_849842_http---www.facebook.com_960,014_trace_849842_http---www.facebook.com_960,0.347872340425532
fcc-test_video2,final,100002,result_sim_abr_fcc-test_015_test_fcc_trace_805712_http---www.facebook.com_720_0,015_test_fcc_trace_805712_http---www.facebook.com_720_0,1.0031914893617024
fcc-test_video2,final,100002,result_sim_abr_fcc-test_016_trace_11332_http---www.facebook.com_640,016_trace_11332_http---www.facebook.com_640,0.3765957446808511
fcc-test_video2,final,100002,result_sim_abr_fcc-test_017_trace_7451_http---www.yahoo.com_320,017_trace_7451_http---www.yahoo.com_320,0.7796444142940367
fcc-test_video2,final,100002,result_sim_abr_fcc-test_018_trace_806172_http---www.amazon.com_320,018_trace_806172_http---www.amazon.com_320,0.625531914893617
fcc-test_video2,final,100002,result_sim_abr_fcc-test_019_trace_7540_http---www.yahoo.com_0,019_trace_7540_http---www.yahoo.com_0,0.6978723404255318
fcc-test_video2,final,100002,result_sim_abr_fcc-test_020_trace_28838_http---www.amazon.com_1280,020_trace_28838_http---www.amazon.com_1280,-2.8691208827611563
fcc-test_video2,final,100002,result_sim_abr_fcc-test_021_test_fcc_trace_14731_http---www.facebook.com_300_0,021_test_fcc_trace_14731_http---www.facebook.com_300_0,0.24959796467653061
fcc-test_video2,final,100002,result_sim_abr_fcc-test_022_trace_7451_http---www.yahoo.com_960,022_trace_7451_http---www.yahoo.com_960,0.7457446808510639
fcc-test_video2,final,100002,result_sim_abr_fcc-test_023_trace_942092_http---www.facebook.com_0,023_trace_942092_http---www.facebook.com_0,1.2414893617021279
fcc-test_video2,final,100002,result_sim_abr_fcc-test_024_test_fcc_trace_216810_http---www.facebook.com_1140_0,024_test_fcc_trace_216810_http---www.facebook.com_1140_0,-0.7320216882347044
fcc-test_video2,final,100002,result_sim_abr_fcc-test_025_test_fcc_trace_215364_http---www.ebay.com_1020_0,025_test_fcc_trace_215364_http---www.ebay.com_1020_0,0.6925531914893618
fcc-test_video2,final,100002,result_sim_abr_fcc-test_026_trace_665192_http---www.facebook.com_640,026_trace_665192_http---www.facebook.com_640,1.5127659574468084
fcc-test_video2,final,100002,result_sim_abr_fcc-test_027_test_fcc_trace_27175_http---www.amazon.com_660_0,027_test_fcc_trace_27175_http---www.amazon.com_660_0,-0.044189826772496325
fcc-test_video2,final,100002,result_sim_abr_fcc-test_028_trace_663494_http---www.facebook.com_960,028_trace_663494_http---www.facebook.com_960,1.6053191489361696
fcc-test_video2,final,100002,result_sim_abr_fcc-test_029_test_fcc_trace_5554_http---www.amazon.com_1080_0,029_test_fcc_trace_5554_http---www.amazon.com_1080_0,0.6159574468085105
fcc-test_video2,final,100002,result_sim_abr_fcc-test_030_test_fcc_trace_216810_http---www.facebook.com_120_0,030_test_fcc_trace_216810_http---www.facebook.com_120_0,1.2191489361702128
fcc-test_video2,final,100002,result_sim_abr_fcc-test_031_trace_849842_http---www.facebook.com_640,031_trace_849842_http---www.facebook.com_640,0.3574468085106383
fcc-test_video2,final,100002,result_sim_abr_fcc-test_032_test_fcc_trace_805712_http---www.facebook.com_60_0,032_test_fcc_trace_805712_http---www.facebook.com_60_0,1.0223404255319155
fcc-test_video2,final,100002,result_sim_abr_fcc-test_033_test_fcc_trace_216810_http---www.facebook.com_480_0,033_test_fcc_trace_216810_http---www.facebook.com_480_0,1.0244680851063832
fcc-test_video2,final,100002,result_sim_abr_fcc-test_034_trace_797466_http---www.amazon.com_320,034_trace_797466_http---www.amazon.com_320,0.4531914893617021
fcc-test_video2,final,100002,result_sim_abr_fcc-test_035_trace_7289_http---www.yahoo.com_320,035_trace_7289_http---www.yahoo.com_320,0.7212765957446808
fcc-test_video2,final,100002,result_sim_abr_fcc-test_036_trace_216826_http---www.amazon.com_960,036_trace_216826_http---www.amazon.com_960,-0.5574198726330409
fcc-test_video2,final,100002,result_sim_abr_fcc-test_037_test_fcc_trace_215364_http---www.ebay.com_840_0,037_test_fcc_trace_215364_http---www.ebay.com_840_0,0.7404255319148937
fcc-test_video2,final,100002,result_sim_abr_fcc-test_038_trace_216826_http---www.amazon.com_640,038_trace_216826_http---www.amazon.com_640,1.1409448646814309
fcc-test_video2,final,100002,result_sim_abr_fcc-test_039_trace_866_http---www.amazon.com_1280,039_trace_866_http---www.amazon.com_1280,0.6159574468085107
fcc-test_video2,final,100002,result_sim_abr_fcc-test_040_trace_799448_http---www.facebook.com_1280,040_trace_799448_http---www.facebook.com_1280,0.7978723404255322
fcc-test_video2,final,100002,result_sim_abr_fcc-test_041_test_fcc_trace_5554_http---www.amazon.com_1200_0,041_test_fcc_trace_5554_http---www.amazon.com_1200_0,-0.25127620501785436
fcc-test_video2,final,100002,result_sim_abr_fcc-test_042_trace_14679_http---www.facebook.com_0,042_trace_14679_http---www.facebook.com_0,0.35744680851063837
fcc-test_video2,final,100002,result_sim_abr_fcc-test_043_trace_8299_http---www.amazon.com_640,043_trace_8299_http---www.amazon.com_640,2.0574468085106377
fcc-test_video2,final,100002,result_sim_abr_fcc-test_044_trace_8747_http---www.amazon.com_320,044_trace_8747_http---www.amazon.com_320,1.619148936170213
fcc-test_video2,final,100002,result_sim_abr_fcc-test_045_test_fcc_trace_27175_http---www.amazon.com_240_0,045_test_fcc_trace_27175_http---www.amazon.com_240_0,0.5819148936170213
fcc-test_video2,final,100002,result_sim_abr_fcc-test_046_trace_7190_http---www.yahoo.com_1280,046_trace_7190_http---www.yahoo.com_1280,0.7882978723404258
fcc-test_video2,final,100002,result_sim_abr_fcc-test_047_trace_8299_http---www.amazon.com_0,047_trace_8299_http---www.amazon.com_0,0.44654161744624066
fcc-test_video2,final,100002,result_sim_abr_fcc-test_048_trace_806172_http---www.amazon.com_1280,048_trace_806172_http---www.amazon.com_1280,0.9042553191489362
fcc-test_video2,final,100002,result_sim_abr_fcc-test_049_trace_665208_http---www.yahoo.com_0,049_trace_665208_http---www.yahoo.com_0,2.082978723404255
fcc-test_video2,final,100002,result_sim_abr_fcc-test_050_trace_207336_http---www.amazon.com_1280,050_trace_207336_http---www.amazon.com_1280,0.6634914042701993
fcc-test_video2,final,100002,result_sim_abr_fcc-test_051_test_fcc_trace_805712_http---www.facebook.com_1500_0,051_test_fcc_trace_805712_http---www.facebook.com_1500_0,0.9797872340425537
fcc-test_video2,final,100002,result_sim_abr_fcc-test_052_test_fcc_trace_14731_http---www.facebook.com_420_0,052_test_fcc_trace_14731_http---www.facebook.com_420_0,0.3095744680851064
fcc-test_video2,final,100002,result_sim_abr_fcc-test_053_trace_8299_http---www.amazon.com_960,053_trace_8299_http---www.amazon.com_960,-0.6247843973146703
fcc-test_video2,final,100002,result_sim_abr_fcc-test_054_test_fcc_trace_805712_http---www.facebook.com_360_0,054_test_fcc_trace_805712_http---www.facebook.com_360_0,0.938297872340426
fcc-test_video2,final,100002,result_sim_abr_fcc-test_055_trace_806172_http---www.amazon.com_960,055_trace_806172_http---www.amazon.com_960,1.315957446808511
fcc-test_video2,final,100002,result_sim_abr_fcc-test_056_test_fcc_trace_27175_http---www.amazon.com_600_0,056_test_fcc_trace_27175_http---www.amazon.com_600_0,0.6255319148936171
fcc-test_video2,final,100002,result_sim_abr_fcc-test_057_test_fcc_trace_14731_http---www.facebook.com_1320_0,057_test_fcc_trace_14731_http---www.facebook.com_1320_0,0.21942380774631673
fcc-test_video2,final,100002,result_sim_abr_fcc-test_058_trace_797700_http---www.yahoo.com_960,058_trace_797700_http---www.yahoo.com_960,0.43569191550753256
fcc-test_video2,final,100002,result_sim_abr_fcc-test_059_trace_941752_http---www.facebook.com_0,059_trace_941752_http---www.facebook.com_0,0.4531914893617022
fcc-test_video2,final,100002,result_sim_abr_fcc-test_060_test_fcc_trace_215364_http---www.ebay.com_1140_0,060_test_fcc_trace_215364_http---www.ebay.com_1140_0,0.7457446808510638
fcc-test_video2,final,100002,result_sim_abr_fcc-test_061_trace_806172_http---www.amazon.com_0,061_trace_806172_http---www.amazon.com_0,1.0906531795755514
fcc-test_video2,final,100002,result_sim_abr_fcc-test_062_trace_797700_http---www.yahoo.com_320,062_trace_797700_http---www.yahoo.com_320,0.347938886831986
fcc-test_video2,final,100002,result_sim_abr_fcc-test_063_trace_799296_http---www.amazon.com_960,063_trace_799296_http---www.amazon.com_960,1.6531914893617017
fcc-test_video2,final,100002,result_sim_abr_fcc-test_064_trace_10730_http---www.facebook.com_1280,064_trace_10730_http---www.facebook.com_1280,0.30000000000000004
fcc-test_video2,final,100002,result_sim_abr_fcc-test_065_trace_799448_http---www.facebook.com_320,065_trace_799448_http---www.facebook.com_320,0.7404255319148936
fcc-test_video2,final,100002,result_sim_abr_fcc-test_066_test_fcc_trace_805712_http---www.facebook.com_1140_0,066_test_fcc_trace_805712_http---www.facebook.com_1140_0,0.9957446808510644
fcc-test_video2,final,100002,result_sim_abr_fcc-test_067_test_fcc_trace_27175_http---www.amazon.com_1320_0,067_test_fcc_trace_27175_http---www.amazon.com_1320_0,0.5106382978723404
fcc-test_video2,final,100002,result_sim_abr_fcc-test_068_trace_901648_http---www.amazon.com_640,068_trace_901648_http---www.amazon.com_640,0.39731596306520345
fcc-test_video2,final,100002,result_sim_abr_fcc-test_069_trace_939618_http---www.amazon.com_960,069_trace_939618_http---www.amazon.com_960,0.8797872340425537
fcc-test_video2,final,100002,result_sim_abr_fcc-test_070_test_fcc_trace_14731_http---www.facebook.com_720_0,070_test_fcc_trace_14731_http---www.facebook.com_720_0,-0.1343908583215404
fcc-test_video2,final,100002,result_sim_abr_fcc-test_071_trace_7256_http---www.facebook.com_960,071_trace_7256_http---www.facebook.com_960,0.39574468085106396
fcc-test_video2,final,100002,result_sim_abr_fcc-test_072_test_fcc_trace_216810_http---www.facebook.com_1440_0,072_test_fcc_trace_216810_http---www.facebook.com_1440_0,1.3127659574468087
fcc-test_video2,final,100002,result_sim_abr_fcc-test_073_test_fcc_trace_5554_http---www.amazon.com_720_0,073_test_fcc_trace_5554_http---www.amazon.com_720_0,0.6925531914893617
fcc-test_video2,final,100002,result_sim_abr_fcc-test_074_test_fcc_trace_27175_http---www.amazon.com_1140_0,074_test_fcc_trace_27175_http---www.amazon.com_1140_0,-1.7961663763324827
fcc-test_video2,final,100002,result_sim_abr_fcc-test_075_trace_7451_http---www.yahoo.com_640,075_trace_7451_http---www.yahoo.com_640,0.8212765957446811
fcc-test_video2,final,100002,result_sim_abr_fcc-test_076_trace_805936_http---www.youtube.com_640,076_trace_805936_http---www.youtube.com_640,0.5297872340425533
fcc-test_video2,final,100002,result_sim_abr_fcc-test_077_trace_665208_http---www.yahoo.com_640,077_trace_665208_http---www.yahoo.com_640,1.7329787234042544
fcc-test_video2,final,100002,result_sim_abr_fcc-test_078_trace_8747_http---www.amazon.com_960,078_trace_8747_http---www.amazon.com_960,0.5245843086048505
fcc-test_video2,final,100002,result_sim_abr_fcc-test_079_test_fcc_trace_14731_http---www.facebook.com_1380_0,079_test_fcc_trace_14731_http---www.facebook.com_1380_0,0.30504092257519505
fcc-test_video2,final,100002,result_sim_abr_fcc-test_080_test_fcc_trace_215364_http---www.ebay.com_420_0,080_test_fcc_trace_215364_http---www.ebay.com_420_0,0.38289925543827924
fcc-test_video2,final,100002,result_sim_abr_fcc-test_081_test_fcc_trace_14731_http---www.facebook.com_360_0,081_test_fcc_trace_14731_http---www.facebook.com_360_0,0.3287234042553192
fcc-test_video2,final,100002,result_sim_abr_fcc-test_082_trace_26689_http---www.amazon.com_640,082_trace_26689_http---www.amazon.com_640,0.8553191489361706
fcc-test_video2,final,100002,result_sim_abr_fcc-test_083_test_fcc_trace_216810_http---www.facebook.com_300_0,083_test_fcc_trace_216810_http---www.facebook.com_300_0,1.404558133735434
fcc-test_video2,final,100002,result_sim_abr_fcc-test_084_trace_849842_http---www.facebook.com_1280,084_trace_849842_http---www.facebook.com_1280,0.35744680851063837
fcc-test_video2,final,100002,result_sim_abr_fcc-test_085_test_fcc_trace_27175_http---www.amazon.com_840_0,085_test_fcc_trace_27175_http---www.amazon.com_840_0,1.842553191489361
fcc-test_video2,final,100002,result_sim_abr_fcc-test_086_trace_941778_http---www.youtube.com_320,086_trace_941778_http---www.youtube.com_320,-0.03295238967570418
fcc-test_video2,final,100002,result_sim_abr_fcc-test_087_test_fcc_trace_27175_http---www.amazon.com_780_0,087_test_fcc_trace_27175_http---www.amazon.com_780_0,1.994680851063829
fcc-test_video2,final,100002,result_sim_abr_fcc-test_088_trace_10322_http---edition.cnn.com_960,088_trace_10322_http---edition.cnn.com_960,0.6446808510638298
fcc-test_video2,final,100002,result_sim_abr_fcc-test_089_test_fcc_trace_215364_http---www.ebay.com_60_0,089_test_fcc_trace_215364_http---www.ebay.com_60_0,0.7882978723404258
fcc-test_video2,final,100002,result_sim_abr_fcc-test_090_trace_663494_http---www.facebook.com_640,090_trace_663494_http---www.facebook.com_640,1.0966161790153333
fcc-test_video2,final,100002,result_sim_abr_fcc-test_091_trace_11332_http---www.facebook.com_960,091_trace_11332_http---www.facebook.com_960,0.34787234042553195
fcc-test_video2,final,100002,result_sim_abr_fcc-test_092_test_fcc_trace_216810_http---www.facebook.com_780_0,092_test_fcc_trace_216810_http---www.facebook.com_780_0,1.1021276595744687
fcc-test_video2,final,100002,result_sim_abr_fcc-test_093_test_fcc_trace_27175_http---www.amazon.com_720_0,093_test_fcc_trace_27175_http---www.amazon.com_720_0,1.6212765957446806
fcc-test_video2,final,100002,result_sim_abr_fcc-test_094_test_fcc_trace_14731_http---www.facebook.com_1020_0,094_test_fcc_trace_14731_http---www.facebook.com_1020_0,0.31914893617021284
fcc-test_video2,final,100002,result_sim_abr_fcc-test_095_trace_8996_http---www.facebook.com_320,095_trace_8996_http---www.facebook.com_320,0.36702127659574474
fcc-test_video2,final,100002,result_sim_abr_fcc-test_096_trace_925806_http---www.amazon.com_640,096_trace_925806_http---www.amazon.com_640,0.1045975655552733
fcc-test_video2,final,100002,result_sim_abr_fcc-test_097_test_fcc_trace_805712_http---www.facebook.com_1200_0,097_test_fcc_trace_805712_http---www.facebook.com_1200_0,1.0042553191489363
fcc-test_video2,final,100002,result_sim_abr_fcc-test_098_trace_939562_http---www.google.com-mobile-_320,098_trace_939562_http---www.google.com-mobile-_320,1.8340425531914886
fcc-test_video2,final,100002,result_sim_abr_fcc-test_099_trace_925800_http---www.ebay.com_320,099_trace_925800_http---www.ebay.com_320,0.5181123686365323
fcc-test_video2,final,100003,result_sim_abr_fcc-test_000_trace_942154_http---www.ebay.com_0,000_trace_942154_http---www.ebay.com_0,0.4244680851063831
fcc-test_video2,final,100003,result_sim_abr_fcc-test_001_test_fcc_trace_215364_http---www.ebay.com_600_0,001_test_fcc_trace_215364_http---www.ebay.com_600_0,0.6159574468085107
fcc-test_video2,final,100003,result_sim_abr_fcc-test_002_trace_939592_http---www.facebook.com_640,002_trace_939592_http---www.facebook.com_640,1.0925531914893618
fcc-test_video2,final,100003,result_sim_abr_fcc-test_003_trace_215252_http---www.msn.com_640,003_trace_215252_http---www.msn.com_640,1.1255319148936174
fcc-test_video2,final,100003,result_sim_abr_fcc-test_004_trace_901648_http---www.amazon.com_960,004_trace_901648_http---www.amazon.com_960,1.7702127659574463
fcc-test_video2,final,100003,result_sim_abr_fcc-test_005_trace_13562_http---www.facebook.com_320,005_trace_13562_http---www.facebook.com_320,0.3765957446808511
fcc-test_video2,final,100003,result_sim_abr_fcc-test_006_trace_7256_http---www.facebook.com_640,006_trace_7256_http---www.facebook.com_640,0.3861702127659576
fcc-test_video2,final,100003,result_sim_abr_fcc-test_007_test_fcc_trace_14731_http---www.facebook.com_1080_0,007_test_fcc_trace_14731_http---www.facebook.com_1080_0,0.3003471292494439
fcc-test_video2,final,100003,result_sim_abr_fcc-test_008_test_fcc_trace_27175_http---www.amazon.com_480_0,008_test_fcc_trace_27175_http---www.amazon.com_480_0,0.9712765957446812
fcc-test_video2,final,100003,result_sim_abr_fcc-test_009_test_fcc_trace_27175_http---www.amazon.com_420_0,009_test_fcc_trace_27175_http---www.amazon.com_420_0,0.47234042553191485
fcc-test_video2,final,100003,result_sim_abr_fcc-test_010_test_fcc_trace_14731_http---www.facebook.com_1140_0,010_test_fcc_trace_14731_http---www.facebook.com_1140_0,0.32872340425531926
fcc-test_video2,final,100003,result_sim_abr_fcc-test_011_test_fcc_trace_5554_http---www.amazon.com_360_0,011_test_fcc_trace_5554_http---www.amazon.com_360_0,0.3861702127659575
fcc-test_video2,final,100003,result_sim_abr_fcc-test_012_trace_939562_http---www.google.com-mobile-_0,012_trace_939562_http---www.google.com-mobile-_0,1.770212765957446
fcc-test_video2,final,100003,result_sim_abr_fcc-test_013_trace_8299_http---www.amazon.com_1280,013_trace_8299_http---www.amazon.com_1280,0.23019904373536007
fcc-test_video2,final,100003,result_sim_abr_fcc-test_014_trace_849842_http---www.facebook.com_960,014_trace_849842_http---www.facebook.com_960,0.347872340425532
fcc-test_video2,final,100003,result_sim_abr_fcc-test_015_test_fcc_trace_805712_http---www.facebook.com_720_0,015_test_fcc_trace_805712_http---www.facebook.com_720_0,1.0702127659574467
fcc-test_video2,final,100003,result_sim_abr_fcc-test_016_trace_11332_http---www.facebook.com_640,016_trace_11332_http---www.facebook.com_640,0.32872340425531926
fcc-test_video2,final,100003,result_sim_abr_fcc-test_017_trace_7451_http---www.yahoo.com_320,017_trace_7451_http---www.yahoo.com_320,0.75
fcc-test_video2,final,100003,result_sim_abr_fcc-test_018_trace_806172_http---www.amazon.com_320,018_trace_806172_http---www.amazon.com_320,0.625531914893617
fcc-test_video2,final,100003,result_sim_abr_fcc-test_019_trace_7540_http---www.yahoo.com_0,019_trace_7540_http---www.yahoo.com_0,0.6787234042553192
fcc-test_video2,final,100003,result_sim_abr_fcc-test_020_trace_28838_http---www.amazon.com_1280,020_trace_28838_http---www.amazon.com_1280,1.1319148936170211
fcc-test_video2,final,100003,result_sim_abr_fcc-test_021_test_fcc_trace_14731_http---www.facebook.com_300_0,021_test_fcc_trace_14731_http---www.facebook.com_300_0,0.3286571580126128
fcc-test_video2,final,100003,result_sim_abr_fcc-test_022_trace_7451_http---www.yahoo.com_960,022_trace_7451_http---www.yahoo.com_960,0.702127659574468
fcc-test_video2,final,100003,result_sim_abr_fcc-test_023_trace_942092_http---www.facebook.com_0,023_trace_942092_http---www.facebook.com_0,1.4031914893617021
fcc-test_video2,final,100003,result_sim_abr_fcc-test_024_test_fcc_trace_216810_http---www.facebook.com_1140_0,024_test_fcc_trace_216810_http---www.facebook.com_1140_0,-1.91286459978662
fcc-test_video2,final,100003,result_sim_abr_fcc-test_025_test_fcc_trace_215364_http---www.ebay.com_1020_0,025_test_fcc_trace_215364_http---www.ebay.com_1020_0,0.6063829787234043
fcc-test_video2,final,100003,result_sim_abr_fcc-test_026_trace_665192_http---www.facebook.com_640,026_trace_665192_http---www.facebook.com_640,1.4893617021276595
fcc-test_video2,final,100003,result_sim_abr_fcc-test_027_test_fcc_trace_27175_http---www.amazon.com_660_0,027_test_fcc_trace_27175_http---www.amazon.com_660_0,-2.0153012827173518
fcc-test_video2,final,100003,result_sim_abr_fcc-test_028_trace_663494_http---www.facebook.com_960,028_trace_663494_http---www.facebook.com_960,1.3817151212199028
fcc-test_video2,final,100003,result_sim_abr_fcc-test_029_test_fcc_trace_5554_http---www.amazon.com_1080_0,029_test_fcc_trace_5554_http---www.amazon.com_1080_0,0.5393617021276595
fcc-test_video2,final,100003,result_sim_abr_fcc-test_030_test_fcc_trace_216810_http---www.facebook.com_120_0,030_test_fcc_trace_216810_http---www.facebook.com_120_0,1.3265957446808514
fcc-test_video2,final,100003,result_sim_abr_fcc-test_031_trace_849842_http---www.facebook.com_640,031_trace_849842_http---www.facebook.com_640,0.3382978723404256
fcc-test_video2,final,100003,result_sim_abr_fcc-test_032_test_fcc_trace_805712_http---www.facebook.com_60_0,032_test_fcc_trace_805712_http---www.facebook.com_60_0,0.9946808510638302
fcc-test_video2,final,100003,result_sim_abr_fcc-test_033_test_fcc_trace_216810_http---www.facebook.com_480_0,033_test_fcc_trace_216810_http---www.facebook.com_480_0,0.7690301726807658
fcc-test_video2,final,100003,result_sim_abr_fcc-test_034_trace_797466_http---www.amazon.com_320,034_trace_797466_http---www.amazon.com_320,0.08347230953325702
fcc-test_video2,final,100003,result_sim_abr_fcc-test_035_trace_7289_http---www.yahoo.com_320,035_trace_7289_http---www.yahoo.com_320,0.7574468085106386
fcc-test_video2,final,100003,result_sim_abr_fcc-test_036_trace_216826_http---www.amazon.com_960,036_trace_216826_http---www.amazon.com_960,0.9899041618865417
fcc-test_video2,final,100003,result_sim_abr_fcc-test_037_test_fcc_trace_215364_http---www.ebay.com_840_0,037_test_fcc_trace_215364_http---www.ebay.com_840_0,0.6446808510638298
fcc-test_video2,final,100003,result_sim_abr_fcc-test_038_trace_216826_http---www.amazon.com_640,038_trace_216826_http---www.amazon.com_640,0.35355211683007937
fcc-test_video2,final,100003,result_sim_abr_fcc-test_039_trace_866_http---www.amazon.com_1280,039_trace_866_http---www.amazon.com_1280,0.5872340425531914
fcc-test_video2,final,100003,result_sim_abr_fcc-test_040_trace_799448_http---www.facebook.com_1280,040_trace_799448_http---www.facebook.com_1280,0.20360695627982542
fcc-test_video2,final,100003,result_sim_abr_fcc-test_041_test_fcc_trace_5554_http---www.amazon.com_1200_0,041_test_fcc_trace_5554_http---www.amazon.com_1200_0,0.6957446808510638
fcc-test_video2,final,100003,result_sim_abr_fcc-test_042_trace_14679_http---www.facebook.com_0,042_trace_14679_http---www.facebook.com_0,0.34787234042553195
fcc-test_video2,final,100003,result_sim_abr_fcc-test_043_trace_8299_http---www.amazon.com_640,043_trace_8299_http---www.amazon.com_640,1.8372340425531908
fcc-test_video2,final,100003,result_sim_abr_fcc-test_044_trace_8747_http---www.amazon.com_320,044_trace_8747_http---www.amazon.com_320,1.5521276595744677
fcc-test_video2,final,100003,result_sim_abr_fcc-test_045_test_fcc_trace_27175_http---www.amazon.com_240_0,045_test_fcc_trace_27175_http---www.amazon.com_240_0,0.5723404255319149
fcc-test_video2,final,100003,result_sim_abr_fcc-test_046_trace_7190_http---www.yahoo.com_1280,046_trace_7190_http---www.yahoo.com_1280,0.6351063829787235
fcc-test_video2,final,100003,result_sim_abr_fcc-test_047_trace_8299_http---www.amazon.com_0,047_trace_8299_http---www.amazon.com_0,1.953191489361701
fcc-test_video2,final,100003,result_sim_abr_fcc-test_048_trace_806172_http---www.amazon.com_1280,048_trace_806172_http---www.amazon.com_1280,0.8351063829787231
fcc-test_video2,final,100003,result_sim_abr_fcc-test_049_trace_665208_http---www.yahoo.com_0,049_trace_665208_http---www.yahoo.com_0,1.672340425531914
fcc-test_video2,final,100003,result_sim_abr_fcc-test_050_trace_207336_http---www.amazon.com_1280,050_trace_207336_http---www.amazon.com_1280,0.9160916531551492
fcc-test_video2,final,100003,result_sim_abr_fcc-test_051_test_fcc_trace_805712_http---www.facebook.com_1500_0,051_test_fcc_trace_805712_http---www.facebook.com_1500_0,1.022340425531915
fcc-test_video2,final,100003,result_sim_abr_fcc-test_052_test_fcc_trace_14731_http---www.facebook.com_420_0,052_test_fcc_trace_14731_http---www.facebook.com_420_0,0.30957446808510647
fcc-test_video2,final,100003,result_sim_abr_fcc-test_053_trace_8299_http---www.amazon.com_960,053_trace_8299_http---www.amazon.com_960,-0.49833340652374
fcc-test_video2,final,100003,result_sim_abr_fcc-test_054_test_fcc_trace_805712_http---www.facebook.com_360_0,054_test_fcc_trace_805712_http---www.facebook.com_360_0,0.9574468085106386
fcc-test_video2,final,100003,result_sim_abr_fcc-test_055_trace_806172_http---www.amazon.com_960,055_trace_806172_http---www.amazon.com_960,1.3265957446808516
fcc-test_video2,final,100003,result_sim_abr_fcc-test_056_test_fcc_trace_27175_http---www.amazon.com_600_0,056_test_fcc_trace_27175_http---www.amazon.com_600_0,0.5436170212765957
fcc-test_video2,final,100003,result_sim_abr_fcc-test_057_test_fcc_trace_14731_http---www.facebook.com_1320_0,057_test_fcc_trace_14731_http---www.facebook.com_1320_0,0.22899827583142315
fcc-test_video2,final,100003,result_sim_abr_fcc-test_058_trace_797700_http---www.yahoo.com_960,058_trace_797700_http---www.yahoo.com_960,0.4148936170212767
fcc-test_video2,final,100003,result_sim_abr_fcc-test_059_trace_941752_http---www.facebook.com_0,059_trace_941752_http---www.facebook.com_0,0.4436170212765959
fcc-test_video2,final,100003,result_sim_abr_fcc-test_060_test_fcc_trace_215364_http---www.ebay.com_1140_0,060_test_fcc_trace_215364_http---www.ebay.com_1140_0,0.7404255319148936
fcc-test_video2,final,100003,result_sim_abr_fcc-test_061_trace_806172_http---www.amazon.com_0,061_trace_806172_http---www.amazon.com_0,1.397872340425532
fcc-test_video2,final,100003,result_sim_abr_fcc-test_062_trace_797700_http---www.yahoo.com_320,062_trace_797700_http---www.yahoo.com_320,-0.009207133299510034
fcc-test_video2,final,100003,result_sim_abr_fcc-test_063_trace_799296_http---www.amazon.com_960,063_trace_799296_http---www.amazon.com_960,1.6170212765957441
fcc-test_video2,final,100003,result_sim_abr_fcc-test_064_trace_10730_http---www.facebook.com_1280,064_trace_10730_http---www.facebook.com_1280,0.3287234042553192
fcc-test_video2,final,100003,result_sim_abr_fcc-test_065_trace_799448_http---www.facebook.com_320,065_trace_799448_http---www.facebook.com_320,0.6329787234042554
fcc-test_video2,final,100003,result_sim_abr_fcc-test_066_test_fcc_trace_805712_http---www.facebook.com_1140_0,066_test_fcc_trace_805712_http---www.facebook.com_1140_0,1.0797872340425534
fcc-test_video2,final,100003,result_sim_abr_fcc-test_067_test_fcc_trace_27175_http---www.amazon.com_1320_0,067_test_fcc_trace_27175_http---www.amazon.com_1320_0,0.4819148936170212
fcc-test_video2,final,100003,result_sim_abr_fcc-test_068_trace_901648_http---www.amazon.com_640,068_trace_901648_http---www.amazon.com_640,0.2674496380707262
fcc-test_video2,final,100003,result_sim_abr_fcc-test_069_trace_939618_http---www.amazon.com_960,069_trace_939618_http---www.amazon.com_960,0.8127659574468087
fcc-test_video2,final,100003,result_sim_abr_fcc-test_070_test_fcc_trace_14731_http---www.facebook.com_720_0,070_test_fcc_trace_14731_http---www.facebook.com_720_0,0.20222107368803888
fcc-test_video2,final,100003,result_sim_abr_fcc-test_071_trace_7256_http---www.facebook.com_960,071_trace_7256_http---www.facebook.com_960,0.3861702127659575
fcc-test_video2,final,100003,result_sim_abr_fcc-test_072_test_fcc_trace_216810_http---www.facebook.com_1440_0,072_test_fcc_trace_216810_http---www.facebook.com_1440_0,1.3521276595744682
fcc-test_video2,final,100003,result_sim_abr_fcc-test_073_test_fcc_trace_5554_http---www.amazon.com_720_0,073_test_fcc_trace_5554_http---www.amazon.com_720_0,0.625531914893617
fcc-test_video2,final,100003,result_sim_abr_fcc-test_074_test_fcc_trace_27175_http---www.amazon.com_1140_0,074_test_fcc_trace_27175_http---www.amazon.com_1140_0,1.2098515621306585
fcc-test_video2,final,100003,result_sim_abr_fcc-test_075_trace_7451_http---www.yahoo.com_640,075_trace_7451_http---www.yahoo.com_640,0.7074468085106383
fcc-test_video2,final,100003,result_sim_abr_fcc-test_076_trace_805936_http---www.youtube.com_640,076_trace_805936_http---www.youtube.com_640,-0.7637890033230056
fcc-test_video2,final,100003,result_sim_abr_fcc-test_077_trace_665208_http---www.yahoo.com_640,077_trace_665208_http---www.yahoo.com_640,1.8148936170212757
fcc-test_video2,final,100003,result_sim_abr_fcc-test_078_trace_8747_http---www.amazon.com_960,078_trace_8747_http---www.amazon.com_960,0.5234042553191489
fcc-test_video2,final,100003,result_sim_abr_fcc-test_079_test_fcc_trace_14731_http---www.facebook.com_1380_0,079_test_fcc_trace_14731_http---www.facebook.com_1380_0,0.29546645449008874
fcc-test_video2,final,100003,result_sim_abr_fcc-test_080_test_fcc_trace_215364_http---www.ebay.com_420_0,080_test_fcc_trace_215364_http---www.ebay.com_420_0,0.3984990108249194
fcc-test_video2,final,100003,result_sim_abr_fcc-test_081_test_fcc_trace_14731_http---www.facebook.com_360_0,081_test_fcc_trace_14731_http---www.facebook.com_360_0,0.30957446808510647
fcc-test_video2,final,100003,result_sim_abr_fcc-test_082_trace_26689_http---www.amazon.com_640,082_trace_26689_http---www.amazon.com_640,0.8478723404255324
fcc-test_video2,final,100003,result_sim_abr_fcc-test_083_test_fcc_trace_216810_http---www.facebook.com_300_0,083_test_fcc_trace_216810_http---www.facebook.com_300_0,1.50531914893617
fcc-test_video2,final,100003,result_sim_abr_fcc-test_084_trace_849842_http---www.facebook.com_1280,084_trace_849842_http---www.facebook.com_1280,0.35744680851063837
fcc-test_video2,final,100003,result_sim_abr_fcc-test_085_test_fcc_trace_27175_http---www.amazon.com_840_0,085_test_fcc_trace_27175_http---www.amazon.com_840_0,1.9712765957446798
fcc-test_video2,final,100003,result_sim_abr_fcc-test_086_trace_941778_http---www.youtube.com_320,086_trace_941778_http---www.youtube.com_320,0.2846991404409538
fcc-test_video2,final,100003,result_sim_abr_fcc-test_087_test_fcc_trace_27175_http---www.amazon.com_780_0,087_test_fcc_trace_27175_http---www.amazon.com_780_0,2.0606382978723397
fcc-test_video2,final,100003,result_sim_abr_fcc-test_088_trace_10322_http---edition.cnn.com_960,088_trace_10322_http---edition.cnn.com_960,0.5872340425531914
fcc-test_video2,final,100003,result_sim_abr_fcc-test_089_test_fcc_trace_215364_http---www.ebay.com_60_0,089_test_fcc_trace_215364_http---www.ebay.com_60_0,0.7212765957446806
fcc-test_video2,final,100003,result_sim_abr_fcc-test_090_trace_663494_http---www.facebook.com_640,090_trace_663494_http---www.facebook.com_640,1.1351063829787233
fcc-test_video2,final,100003,result_sim_abr_fcc-test_091_trace_11332_http---www.facebook.com_960,091_trace_11332_http---www.facebook.com_960,0.33829787234042563
fcc-test_video2,final,100003,result_sim_abr_fcc-test_092_test_fcc_trace_216810_http---www.facebook.com_780_0,092_test_fcc_trace_216810_http---www.facebook.com_780_0,1.1106382978723408
fcc-test_video2,final,100003,result_sim_abr_fcc-test_093_test_fcc_trace_27175_http---www.amazon.com_720_0,093_test_fcc_trace_27175_http---www.amazon.com_720_0,1.5712765957446808
fcc-test_video2,final,100003,result_sim_abr_fcc-test_094_test_fcc_trace_14731_http---www.facebook.com_1020_0,094_test_fcc_trace_14731_http---www.facebook.com_1020_0,0.3000000000000001
fcc-test_video2,final,100003,result_sim_abr_fcc-test_095_trace_8996_http---www.facebook.com_320,095_trace_8996_http---www.facebook.com_320,0.3574468085106383
fcc-test_video2,final,100003,result_sim_abr_fcc-test_096_trace_925806_http---www.amazon.com_640,096_trace_925806_http---www.amazon.com_640,0.36702127659574474
fcc-test_video2,final,100003,result_sim_abr_fcc-test_097_test_fcc_trace_805712_http---www.facebook.com_1200_0,097_test_fcc_trace_805712_http---www.facebook.com_1200_0,0.9957446808510638
fcc-test_video2,final,100003,result_sim_abr_fcc-test_098_trace_939562_http---www.google.com-mobile-_320,098_trace_939562_http---www.google.com-mobile-_320,1.7606382978723396
fcc-test_video2,final,100003,result_sim_abr_fcc-test_099_trace_925800_http---www.ebay.com_320,099_trace_925800_http---www.ebay.com_320,0.5393617021276597
fcc-test_video2,final,100004,result_sim_abr_fcc-test_000_trace_942154_http---www.ebay.com_0,000_trace_942154_http---www.ebay.com_0,0.4436170212765958
fcc-test_video2,final,100004,result_sim_abr_fcc-test_001_test_fcc_trace_215364_http---www.ebay.com_600_0,001_test_fcc_trace_215364_http---www.ebay.com_600_0,0.6638297872340425
fcc-test_video2,final,100004,result_sim_abr_fcc-test_002_trace_939592_http---www.facebook.com_640,002_trace_939592_http---www.facebook.com_640,0.5710344626981043
fcc-test_video2,final,100004,result_sim_abr_fcc-test_003_trace_215252_http---www.msn.com_640,003_trace_215252_http---www.msn.com_640,1.0521276595744682
fcc-test_video2,final,100004,result_sim_abr_fcc-test_004_trace_901648_http---www.amazon.com_960,004_trace_901648_http---www.amazon.com_960,1.6574468085106382
fcc-test_video2,final,100004,result_sim_abr_fcc-test_005_trace_13562_http---www.facebook.com_320,005_trace_13562_http---www.facebook.com_320,0.3765957446808511
fcc-test_video2,final,100004,result_sim_abr_fcc-test_006_trace_7256_http---www.facebook.com_640,006_trace_7256_http---www.facebook.com_640,0.3574468085106383
fcc-test_video2,final,100004,result_sim_abr_fcc-test_007_test_fcc_trace_14731_http---www.facebook.com_1080_0,007_test_fcc_trace_14731_http---www.facebook.com_1080_0,0.2811981930792311
fcc-test_video2,final,100004,result_sim_abr_fcc-test_008_test_fcc_trace_27175_http---www.amazon.com_480_0,008_test_fcc_trace_27175_http---www.amazon.com_480_0,-1.0467623579181802
fcc-test_video2,final,100004,result_sim_abr_fcc-test_009_test_fcc_trace_27175_http---www.amazon.com_420_0,009_test_fcc_trace_27175_http---www.amazon.com_420_0,0.5393617021276597
fcc-test_video2,final,100004,result_sim_abr_fcc-test_010_test_fcc_trace_14731_http---www.facebook.com_1140_0,010_test_fcc_trace_14731_http---www.facebook.com_1140_0,0.3670212765957447
fcc-test_video2,final,100004,result_sim_abr_fcc-test_011_test_fcc_trace_5554_http---www.amazon.com_360_0,011_test_fcc_trace_5554_http---www.amazon.com_360_0,0.4148936170212766
fcc-test_video2,final,100004,result_sim_abr_fcc-test_012_trace_939562_http---www.google.com-mobile-_0,012_trace_939562_http---www.google.com-mobile-_0,1.4417910957470448
fcc-test_video2,final,100004,result_sim_abr_fcc-test_013_trace_8299_http---www.amazon.com_1280,013_trace_8299_http---www.amazon.com_1280,0.4073925617869667
fcc-test_video2,final,100004,result_sim_abr_fcc-test_014_trace_849842_http---www.facebook.com_960,014_trace_849842_http---www.facebook.com_960,0.3765957446808511
fcc-test_video2,final,100004,result_sim_abr_fcc-test_015_test_fcc_trace_805712_http---www.facebook.com_720_0,015_test_fcc_trace_805712_http---www.facebook.com_720_0,0.9574468085106386
fcc-test_video2,final,100004,result_sim_abr_fcc-test_016_trace_11332_http---www.facebook.com_640,016_trace_11332_http---www.facebook.com_640,0.3574468085106383
fcc-test_video2,final,100004,result_sim_abr_fcc-test_017_trace_7451_http---www.yahoo.com_320,017_trace_7451_http---www.yahoo.com_320,0.6925531914893617
fcc-test_video2,final,100004,result_sim_abr_fcc-test_018_trace_806172_http---www.amazon.com_320,018_trace_806172_http---www.amazon.com_320,0.5968085106382979
fcc-test_video2,final,100004,result_sim_abr_fcc-test_019_trace_7540_http---www.yahoo.com_0,019_trace_7540_http---www.yahoo.com_0,0.6351063829787235
fcc-test_video2,final,100004,result_sim_abr_fcc-test_020_trace_28838_http---www.amazon.com_1280,020_trace_28838_http---www.amazon.com_1280,0.21510847401922
fcc-test_video2,final,100004,result_sim_abr_fcc-test_021_test_fcc_trace_14731_http---www.facebook.com_300_0,021_test_fcc_trace_14731_http---www.facebook.com_300_0,0.3382316260977192
fcc-test_video2,final,100004,result_sim_abr_fcc-test_022_trace_7451_http---www.yahoo.com_960,022_trace_7451_http---www.yahoo.com_960,0.7308510638297873
fcc-test_video2,final,100004,result_sim_abr_fcc-test_023_trace_942092_http---www.facebook.com_0,023_trace_942092_http---www.facebook.com_0,1.3542553191489364
fcc-test_video2,final,100004,result_sim_abr_fcc-test_024_test_fcc_trace_216810_http---www.facebook.com_1140_0,024_test_fcc_trace_216810_http---www.facebook.com_1140_0,-0.008684999936170284
fcc-test_video2,final,100004,result_sim_abr_fcc-test_025_test_fcc_trace_215364_http---www.ebay.com_1020_0,025_test_fcc_trace_215364_http---www.ebay.com_1020_0,0.6638297872340424
fcc-test_video2,final,100004,result_sim_abr_fcc-test_026_trace_665192_http---www.facebook.com_640,026_trace_665192_http---www.facebook.com_640,1.0228519049135925
fcc-test_video2,final,100004,result_sim_abr_fcc-test_027_test_fcc_trace_27175_http---www.amazon.com_660_0,027_test_fcc_trace_27175_http---www.amazon.com_660_0,-1.4322130367341719
fcc-test_video2,final,100004,result_sim_abr_fcc-test_028_trace_663494_http---www.facebook.com_960,028_trace_663494_http---www.facebook.com_960,1.2966390810422779
fcc-test_video2,final,100004,result_sim_abr_fcc-test_029_test_fcc_trace_5554_http---www.amazon.com_1080_0,029_test_fcc_trace_5554_http---www.amazon.com_1080_0,0.5680851063829786
fcc-test_video2,final,100004,result_sim_abr_fcc-test_030_test_fcc_trace_216810_http---www.facebook.com_120_0,030_test_fcc_trace_216810_http---www.facebook.com_120_0,1.3265957446808514
fcc-test_video2,final,100004,result_sim_abr_fcc-test_031_trace_849842_http---www.facebook.com_640,031_trace_849842_http---www.facebook.com_640,0.3861702127659575
fcc-test_video2,final,100004,result_sim_abr_fcc-test_032_test_fcc_trace_805712_http---www.facebook.com_60_0,032_test_fcc_trace_805712_http---www.facebook.com_60_0,1.0021276595744684
fcc-test_video2,final,100004,result_sim_abr_fcc-test_033_test_fcc_trace_216810_http---www.facebook.com_480_0,033_test_fcc_trace_216810_http---www.facebook.com_480_0,0.07650211399729814
fcc-test_video2,final,100004,result_sim_abr_fcc-test_034_trace_797466_http---www.amazon.com_320,034_trace_797466_http---www.amazon.com_320,0.4914893617021277
fcc-test_video2,final,100004,result_sim_abr_fcc-test_035_trace_7289_http---www.yahoo.com_320,035_trace_7289_http---www.yahoo.com_320,0.7308510638297872
fcc-test_video2,final,100004,result_sim_abr_fcc-test_036_trace_216826_http---www.amazon.com_960,036_trace_216826_http---www.amazon.com_960,-2.372870182709937
fcc-test_video2,final,100004,result_sim_abr_fcc-test_037_test_fcc_trace_215364_http---www.ebay.com_840_0,037_test_fcc_trace_215364_http---www.ebay.com_840_0,0.7021276595744681
fcc-test_video2,final,100004,result_sim_abr_fcc-test_038_trace_216826_http---www.amazon.com_640,038_trace_216826_http---www.amazon.com_640,-0.1351165597550255
fcc-test_video2,final,100004,result_sim_abr_fcc-test_039_trace_866_http---www.amazon.com_1280,039_trace_866_http---www.amazon.com_1280,0.5872340425531916
fcc-test_video2,final,100004,result_sim_abr_fcc-test_040_trace_799448_http---www.facebook.com_1280,040_trace_799448_http---www.facebook.com_1280,0.7117021276595745
fcc-test_video2,final,100004,result_sim_abr_fcc-test_041_test_fcc_trace_5554_http---www.amazon.com_1200_0,041_test_fcc_trace_5554_http---www.amazon.com_1200_0,0.7021276595744681
fcc-test_video2,final,100004,result_sim_abr_fcc-test_042_trace_14679_http---www.facebook.com_0,042_trace_14679_http---www.facebook.com_0,0.36702127659574474
fcc-test_video2,final,100004,result_sim_abr_fcc-test_043_trace_8299_http---www.amazon.com_640,043_trace_8299_http---www.amazon.com_640,2.051063829787233
fcc-test_video2,final,100004,result_sim_abr_fcc-test_044_trace_8747_http---www.amazon.com_320,044_trace_8747_http---www.amazon.com_320,1.1640568238026796
fcc-test_video2,final,100004,result_sim_abr_fcc-test_045_test_fcc_trace_27175_http---www.amazon.com_240_0,045_test_fcc_trace_27175_http---www.amazon.com_240_0,0.5297872340425531
fcc-test_video2,final,100004,result_sim_abr_fcc-test_046_trace_7190_http---www.yahoo.com_1280,046_trace_7190_http---www.yahoo.com_1280,0.6872340425531914
fcc-test_video2,final,100004,result_sim_abr_fcc-test_047_trace_8299_http---www.amazon.com_0,047_trace_8299_http---www.amazon.com_0,-0.7333099282070262
fcc-test_video2,final,100004,result_sim_abr_fcc-test_048_trace_806172_http---www.amazon.com_1280,048_trace_806172_http---www.amazon.com_1280,0.577659574468085
fcc-test_video2,final,100004,result_sim_abr_fcc-test_049_trace_665208_http---www.yahoo.com_0,049_trace_665208_http---www.yahoo.com_0,2.1297872340425523
fcc-test_video2,final,100004,result_sim_abr_fcc-test_050_trace_207336_http---www.amazon.com_1280,050_trace_207336_http---www.amazon.com_1280,0.44764706286908995
fcc-test_video2,final,100004,result_sim_abr_fcc-test_051_test_fcc_trace_805712_http---www.facebook.com_1500_0,051_test_fcc_trace_805712_http---www.facebook.com_1500_0,0.6511901599946713
fcc-test_video2,final,100004,result_sim_abr_fcc-test_052_test_fcc_trace_14731_http---www.facebook.com_420_0,052_test_fcc_trace_14731_http---www.facebook.com_420_0,0.31914893617021284
fcc-test_video2,final,100004,result_sim_abr_fcc-test_053_trace_8299_http---www.amazon.com_960,053_trace_8299_http---www.amazon.com_960,0.557071872105243
fcc-test_video2,final,100004,result_sim_abr_fcc-test_054_test_fcc_trace_805712_http---www.facebook.com_360_0,054_test_fcc_trace_805712_http---www.facebook.com_360_0,0.9414893617021278
fcc-test_video2,final,100004,result_sim_abr_fcc-test_055_trace_806172_http---www.amazon.com_960,055_trace_806172_http---www.amazon.com_960,1.1957446808510637
fcc-test_video2,final,100004,result_sim_abr_fcc-test_056_test_fcc_trace_27175_http---www.amazon.com_600_0,056_test_fcc_trace_27175_http---www.amazon.com_600_0,0.5680851063829786
fcc-test_video2,final,100004,result_sim_abr_fcc-test_057_test_fcc_trace_14731_http---www.facebook.com_1320_0,057_test_fcc_trace_14731_http---www.facebook.com_1320_0,0.2002748715761039
fcc-test_video2,final,100004,result_sim_abr_fcc-test_058_trace_797700_http---www.yahoo.com_960,058_trace_797700_http---www.yahoo.com_960,0.43404255319148943
fcc-test_video2,final,100004,result_sim_abr_fcc-test_059_trace_941752_http---www.facebook.com_0,059_trace_941752_http---www.facebook.com_0,0.4340425531914893
fcc-test_video2,final,100004,result_sim_abr_fcc-test_060_test_fcc_trace_215364_http---www.ebay.com_1140_0,060_test_fcc_trace_215364_http---www.ebay.com_1140_0,0.625531914893617
fcc-test_video2,final,100004,result_sim_abr_fcc-test_061_trace_806172_http---www.amazon.com_0,061_trace_806172_http---www.amazon.com_0,1.3340425531914895
fcc-test_video2,final,100004,result_sim_abr_fcc-test_062_trace_797700_http---www.yahoo.com_320,062_trace_797700_http---www.yahoo.com_320,0.3765957446808511
fcc-test_video2,final,100004,result_sim_abr_fcc-test_063_trace_799296_http---www.amazon.com_960,063_trace_799296_http---www.amazon.com_960,1.7372340425531907
fcc-test_video2,final,100004,result_sim_abr_fcc-test_064_trace_10730_http---www.facebook.com_1280,064_trace_10730_http---www.facebook.com_1280,0.3000000000000001
fcc-test_video2,final,100004,result_sim_abr_fcc-test_065_trace_799448_http---www.facebook.com_320,065_trace_799448_http---www.facebook.com_320,0.6659574468085107
fcc-test_video2,final,100004,result_sim_abr_fcc-test_066_test_fcc_trace_805712_http---www.facebook.com_1140_0,066_test_fcc_trace_805712_http---www.facebook.com_1140_0,0.8755319148936171
fcc-test_video2,final,100004,result_sim_abr_fcc-test_067_test_fcc_trace_27175_http---www.amazon.com_1320_0,067_test_fcc_trace_27175_http---www.amazon.com_1320_0,0.2750396370777749
fcc-test_video2,final,100004,result_sim_abr_fcc-test_068_trace_901648_http---www.amazon.com_640,068_trace_901648_http---www.amazon.com_640,0.5752230024657826
fcc-test_video2,final,100004,result_sim_abr_fcc-test_069_trace_939618_http---www.amazon.com_960,069_trace_939618_http---www.amazon.com_960,0.7404255319148937
fcc-test_video2,final,100004,result_sim_abr_fcc-test_070_test_fcc_trace_14731_http---www.facebook.com_720_0,070_test_fcc_trace_14731_http---www.facebook.com_720_0,0.36975400312018447
fcc-test_video2,final,100004,result_sim_abr_fcc-test_071_trace_7256_http---www.facebook.com_960,071_trace_7256_http---www.facebook.com_960,0.4053191489361703
fcc-test_video2,final,100004,result_sim_abr_fcc-test_072_test_fcc_trace_216810_http---www.facebook.com_1440_0,072_test_fcc_trace_216810_http---www.facebook.com_1440_0,1.1893992818150594
fcc-test_video2,final,100004,result_sim_abr_fcc-test_073_test_fcc_trace_5554_http---www.amazon.com_720_0,073_test_fcc_trace_5554_http---www.amazon.com_720_0,0.5106382978723404
fcc-test_video2,final,100004,result_sim_abr_fcc-test_074_test_fcc_trace_27175_http---www.amazon.com_1140_0,074_test_fcc_trace_27175_http---www.amazon.com_1140_0,-0.1503629903914952
fcc-test_video2,final,100004,result_sim_abr_fcc-test_075_trace_7451_http---www.yahoo.com_640,075_trace_7451_http---www.yahoo.com_640,0.7212765957446806
fcc-test_video2,final,100004,result_sim_abr_fcc-test_076_trace_805936_http---www.youtube.com_640,076_trace_805936_http---www.youtube.com_640,0.4914893617021277
fcc-test_video2,final,100004,result_sim_abr_fcc-test_077_trace_665208_http---www.yahoo.com_640,077_trace_665208_http---www.yahoo.com_640,1.9648936170212756
fcc-test_video2,final,100004,result_sim_abr_fcc-test_078_trace_8747_http---www.amazon.com_960,078_trace_8747_http---www.amazon.com_960,-0.07011430107266683
fcc-test_video2,final,100004,result_sim_abr_fcc-test_079_test_fcc_trace_14731_http---www.facebook.com_1380_0,079_test_fcc_trace_14731_http---www.facebook.com_1380_0,0.2954664544900887
fcc-test_video2,final,100004,result_sim_abr_fcc-test_080_test_fcc_trace_215364_http---www.ebay.com_420_0,080_test_fcc_trace_215364_http---www.ebay.com_420_0,0.6351063829787235
fcc-test_video2,final,100004,result_sim_abr_fcc-test_081_test_fcc_trace_14731_http---www.facebook.com_360_0,081_test_fcc_trace_14731_http---www.facebook.com_360_0,0.34787234042553195
fcc-test_video2,final,100004,result_sim_abr_fcc-test_082_trace_26689_http---www.amazon.com_640,082_trace_26689_http---www.amazon.com_640,0.6542553191489361
fcc-test_video2,final,100004,result_sim_abr_fcc-test_083_test_fcc_trace_216810_http---www.facebook.com_300_0,083_test_fcc_trace_216810_http---www.facebook.com_300_0,1.3904255319148942
fcc-test_video2,final,100004,result_sim_abr_fcc-test_084_trace_849842_http---www.facebook.com_1280,084_trace_849842_http---www.facebook.com_1280,0.35744680851063837
fcc-test_video2,final,100004,result_sim_abr_fcc-test_085_test_fcc_trace_27175_http---www.amazon.com_840_0,085_test_fcc_trace_27175_http---www.amazon.com_840_0,2.155319148936169
fcc-test_video2,final,100004,result_sim_abr_fcc-test_086_trace_941778_http---www.youtube.com_320,086_trace_941778_http---www.youtube.com_320,0.33257148086648564
fcc-test_video2,final,100004,result_sim_abr_fcc-test_087_test_fcc_trace_27175_http---www.amazon.com_780_0,087_test_fcc_trace_27175_http---www.amazon.com_780_0,1.9574468085106373
fcc-test_video2,final,100004,result_sim_abr_fcc-test_088_trace_10322_http---edition.cnn.com_960,088_trace_10322_http---edition.cnn.com_960,0.577659574468085
fcc-test_video2,final,100004,result_sim_abr_fcc-test_089_test_fcc_trace_215364_http---www.ebay.com_60_0,089_test_fcc_trace_215364_http---www.ebay.com_60_0,0.7691489361702127
fcc-test_video2,final,100004,result_sim_abr_fcc-test_090_trace_663494_http---www.facebook.com_640,090_trace_663494_http---www.facebook.com_640,0.9531202592124822
fcc-test_video2,final,100004,result_sim_abr_fcc-test_091_trace_11332_http---www.facebook.com_960,091_trace_11332_http---www.facebook.com_960,0.32872340425531926
fcc-test_video2,final,100004,result_sim_abr_fcc-test_092_test_fcc_trace_216810_http---www.facebook.com_780_0,092_test_fcc_trace_216810_http---www.facebook.com_780_0,-0.054756828079227715
fcc-test_video2,final,100004,result_sim_abr_fcc-test_093_test_fcc_trace_27175_http---www.amazon.com_720_0,093_test_fcc_trace_27175_http---www.amazon.com_720_0,1.5010638297872336
fcc-test_video2,final,100004,result_sim_abr_fcc-test_094_test_fcc_trace_14731_http---www.facebook.com_1020_0,094_test_fcc_trace_14731_http---www.facebook.com_1020_0,0.32872340425531926
fcc-test_video2,final,100004,result_sim_abr_fcc-test_095_trace_8996_http---www.facebook.com_320,095_trace_8996_http---www.facebook.com_320,0.35744680851063837
fcc-test_video2,final,100004,result_sim_abr_fcc-test_096_trace_925806_http---www.amazon.com_640,096_trace_925806_http---www.amazon.com_640,0.39574468085106385
fcc-test_video2,final,100004,result_sim_abr_fcc-test_097_test_fcc_trace_805712_http---www.facebook.com_1200_0,097_test_fcc_trace_805712_http---www.facebook.com_1200_0,0.9127659574468089
fcc-test_video2,final,100004,result_sim_abr_fcc-test_098_trace_939562_http---www.google.com-mobile-_320,098_trace_939562_http---www.google.com-mobile-_320,2.0595744680851054
fcc-test_video2,final,100004,result_sim_abr_fcc-test_099_trace_925800_http---www.ebay.com_320,099_trace_925800_http---www.ebay.com_320,0.5585106382978723
fcc-test_video2,final,100005,result_sim_abr_fcc-test_000_trace_942154_http---www.ebay.com_0,000_trace_942154_http---www.ebay.com_0,0.3861702127659576
fcc-test_video2,final,100005,result_sim_abr_fcc-test_001_test_fcc_trace_215364_http---www.ebay.com_600_0,001_test_fcc_trace_215364_http---www.ebay.com_600_0,0.6063829787234043
fcc-test_video2,final,100005,result_sim_abr_fcc-test_002_trace_939592_http---www.facebook.com_640,002_trace_939592_http---www.facebook.com_640,1.140425531914894
fcc-test_video2,final,100005,result_sim_abr_fcc-test_003_trace_215252_http---www.msn.com_640,003_trace_215252_http---www.msn.com_640,1.1553191489361705
fcc-test_video2,final,100005,result_sim_abr_fcc-test_004_trace_901648_http---www.amazon.com_960,004_trace_901648_http---www.amazon.com_960,1.642553191489361
fcc-test_video2,final,100005,result_sim_abr_fcc-test_005_trace_13562_http---www.facebook.com_320,005_trace_13562_http---www.facebook.com_320,0.36702127659574474
fcc-test_video2,final,100005,result_sim_abr_fcc-test_006_trace_7256_http---www.facebook.com_640,006_trace_7256_http---www.facebook.com_640,0.36702127659574474
fcc-test_video2,final,100005,result_sim_abr_fcc-test_007_test_fcc_trace_14731_http---www.facebook.com_1080_0,007_test_fcc_trace_14731_http---www.facebook.com_1080_0,0.2907726611643375
fcc-test_video2,final,100005,result_sim_abr_fcc-test_008_test_fcc_trace_27175_http---www.amazon.com_480_0,008_test_fcc_trace_27175_http---www.amazon.com_480_0,0.04281884616976886
fcc-test_video2,final,100005,result_sim_abr_fcc-test_009_test_fcc_trace_27175_http---www.amazon.com_420_0,009_test_fcc_trace_27175_http---www.amazon.com_420_0,0.48191489361702133
fcc-test_video2,final,100005,result_sim_abr_fcc-test_010_test_fcc_trace_14731_http---www.facebook.com_1140_0,010_test_fcc_trace_14731_http---www.facebook.com_1140_0,0.3489089667604401
fcc-test_video2,final,100005,result_sim_abr_fcc-test_011_test_fcc_trace_5554_http---www.amazon.com_360_0,011_test_fcc_trace_5554_http---www.amazon.com_360_0,0.1294737217726505
fcc-test_video2,final,100005,result_sim_abr_fcc-test_012_trace_939562_http---www.google.com-mobile-_0,012_trace_939562_http---www.google.com-mobile-_0,1.7095744680851057
fcc-test_video2,final,100005,result_sim_abr_fcc-test_013_trace_8299_http---www.amazon.com_1280,013_trace_8299_http---www.amazon.com_1280,0.9714392062656073
fcc-test_video2,final,100005,result_sim_abr_fcc-test_014_trace_849842_http---www.facebook.com_960,014_trace_849842_http---www.facebook.com_960,-0.5806885934760745
fcc-test_video2,final,100005,result_sim_abr_fcc-test_015_test_fcc_trace_805712_http---www.facebook.com_720_0,015_test_fcc_trace_805712_http---www.facebook.com_720_0,1.1095744680851067
fcc-test_video2,final,100005,result_sim_abr_fcc-test_016_trace_11332_http---www.facebook.com_640,016_trace_11332_http---www.facebook.com_640,0.3765957446808511
fcc-test_video2,final,100005,result_sim_abr_fcc-test_017_trace_7451_http---www.yahoo.com_320,017_trace_7451_http---www.yahoo.com_320,0.7265957446808511
fcc-test_video2,final,100005,result_sim_abr_fcc-test_018_trace_806172_http---www.amazon.com_320,018_trace_806172_http---www.amazon.com_320,0.6446808510638298
fcc-test_video2,final,100005,result_sim_abr_fcc-test_019_trace_7540_http---www.yahoo.com_0,019_trace_7540_http---www.yahoo.com_0,0.6542553191489361
fcc-test_video2,final,100005,result_sim_abr_fcc-test_020_trace_28838_http---www.amazon.com_1280,020_trace_28838_http---www.amazon.com_1280,-4.0133609204178855
fcc-test_video2,final,100005,result_sim_abr_fcc-test_021_test_fcc_trace_14731_http---www.facebook.com_300_0,021_test_fcc_trace_14731_http---www.facebook.com_300_0,-0.06163988919667567
fcc-test_video2,final,100005,result_sim_abr_fcc-test_022_trace_7451_http---www.yahoo.com_960,022_trace_7451_http---www.yahoo.com_960,0.7265957446808512
fcc-test_video2,final,100005,result_sim_abr_fcc-test_023_trace_942092_http---www.facebook.com_0,023_trace_942092_http---www.facebook.com_0,1.3095744680851067
fcc-test_video2,final,100005,result_sim_abr_fcc-test_024_test_fcc_trace_216810_http---www.facebook.com_1140_0,024_test_fcc_trace_216810_http---www.facebook.com_1140_0,-2.3414517648361097
fcc-test_video2,final,100005,result_sim_abr_fcc-test_025_test_fcc_trace_215364_http---www.ebay.com_1020_0,025_test_fcc_trace_215364_http---www.ebay.com_1020_0,0.6489361702127661
fcc-test_video2,final,100005,result_sim_abr_fcc-test_026_trace_665192_http---www.facebook.com_640,026_trace_665192_http---www.facebook.com_640,1.4734042553191486
fcc-test_video2,final,100005,result_sim_abr_fcc-test_027_test_fcc_trace_27175_http---www.amazon.com_660_0,027_test_fcc_trace_27175_http---www.amazon.com_660_0,-0.916176988422612
fcc-test_video2,final,100005,result_sim_abr_fcc-test_028_trace_663494_http---www.facebook.com_960,028_trace_663494_http---www.facebook.com_960,1.2325682228296515
fcc-test_video2,final,100005,result_sim_abr_fcc-test_029_test_fcc_trace_5554_http---www.amazon.com_1080_0,029_test_fcc_trace_5554_http---www.amazon.com_1080_0,0.4914893617021276
fcc-test_video2,final,100005,result_sim_abr_fcc-test_030_test_fcc_trace_216810_http---www.facebook.com_120_0,030_test_fcc_trace_216810_http---www.facebook.com_120_0,0.9640111715458898
fcc-test_video2,final,100005,result_sim_abr_fcc-test_031_trace_849842_http---www.facebook.com_640,031_trace_849842_http---www.facebook.com_640,0.32872340425531926
fcc-test_video2,final,100005,result_sim_abr_fcc-test_032_test_fcc_trace_805712_http---www.facebook.com_60_0,032_test_fcc_trace_805712_http---www.facebook.com_60_0,-0.6414967106166227
fcc-test_video2,final,100005,result_sim_abr_fcc-test_033_test_fcc_trace_216810_http---www.facebook.com_480_0,033_test_fcc_trace_216810_http---www.facebook.com_480_0,-1.9450592837132539
fcc-test_video2,final,100005,result_sim_abr_fcc-test_034_trace_797466_http---www.amazon.com_320,034_trace_797466_http---www.amazon.com_320,0.4819148936170214
fcc-test_video2,final,100005,result_sim_abr_fcc-test_035_trace_7289_http---www.yahoo.com_320,035_trace_7289_http---www.yahoo.com_320,0.7021276595744681
fcc-test_video2,final,100005,result_sim_abr_fcc-test_036_trace_216826_http---www.amazon.com_960,036_trace_216826_http---www.amazon.com_960,-0.8304164271511677
fcc-test_video2,final,100005,result_sim_abr_fcc-test_037_test_fcc_trace_215364_http---www.ebay.com_840_0,037_test_fcc_trace_215364_http---www.ebay.com_840_0,0.6351063829787233
fcc-test_video2,final,100005,result_sim_abr_fcc-test_038_trace_216826_http---www.amazon.com_640,038_trace_216826_http---www.amazon.com_640,0.6934116592450068
fcc-test_video2,final,100005,result_sim_abr_fcc-test_039_trace_866_http---www.amazon.com_1280,039_trace_866_http---www.amazon.com_1280,0.6159574468085106
fcc-test_video2,final,100005,result_sim_abr_fcc-test_040_trace_799448_http---www.facebook.com_1280,040_trace_799448_http---www.facebook.com_1280,0.796808510638298
fcc-test_video2,final,100005,result_sim_abr_fcc-test_041_test_fcc_trace_5554_http---www.amazon.com_1200_0,041_test_fcc_trace_5554_http---www.amazon.com_1200_0,0.40980131146839377
fcc-test_video2,final,100005,result_sim_abr_fcc-test_042_trace_14679_http---www.facebook.com_0,042_trace_14679_http---www.facebook.com_0,-0.832114335251278
fcc-test_video2,final,100005,result_sim_abr_fcc-test_043_trace_8299_http---www.amazon.com_640,043_trace_8299_http---www.amazon.com_640,0.8672855521981495
fcc-test_video2,final,100005,result_sim_abr_fcc-test_044_trace_8747_http---www.amazon.com_320,044_trace_8747_http---www.amazon.com_320,1.5531914893617016
fcc-test_video2,final,100005,result_sim_abr_fcc-test_045_test_fcc_trace_27175_http---www.amazon.com_240_0,045_test_fcc_trace_27175_http---www.amazon.com_240_0,0.6266415136506504
fcc-test_video2,final,100005,result_sim_abr_fcc-test_046_trace_7190_http---www.yahoo.com_1280,046_trace_7190_http---www.yahoo.com_1280,0.7308510638297873
fcc-test_video2,final,100005,result_sim_abr_fcc-test_047_trace_8299_http---www.amazon.com_0,047_trace_8299_http---www.amazon.com_0,-1.3176377354306623
fcc-test_video2,final,100005,result_sim_abr_fcc-test_048_trace_806172_http---www.amazon.com_1280,048_trace_806172_http---www.amazon.com_1280,-0.8954556893258444
fcc-test_video2,final,100005,result_sim_abr_fcc-test_049_trace_665208_http---www.yahoo.com_0,049_trace_665208_http---www.yahoo.com_0,1.826595744680851
fcc-test_video2,final,100005,result_sim_abr_fcc-test_050_trace_207336_http---www.amazon.com_1280,050_trace_207336_http---www.amazon.com_1280,0.20103540248942134
fcc-test_video2,final,100005,result_sim_abr_fcc-test_051_test_fcc_trace_805712_http---www.facebook.com_1500_0,051_test_fcc_trace_805712_http---www.facebook.com_1500_0,-0.16471219881629826
fcc-test_video2,final,100005,result_sim_abr_fcc-test_052_test_fcc_trace_14731_http---www.facebook.com_420_0,052_test_fcc_trace_14731_http---www.facebook.com_420_0,-0.7383814103840903
fcc-test_video2,final,100005,result_sim_abr_fcc-test_053_trace_8299_http---www.amazon.com_960,053_trace_8299_http---www.amazon.com_960,-1.5597337896733272
fcc-test_video2,final,100005,result_sim_abr_fcc-test_054_test_fcc_trace_805712_http---www.facebook.com_360_0,054_test_fcc_trace_805712_http---www.facebook.com_360_0,0.8627659574468084
fcc-test_video2,final,100005,result_sim_abr_fcc-test_055_trace_806172_http---www.amazon.com_960,055_trace_806172_http---www.amazon.com_960,1.3617021276595744
fcc-test_video2,final,100005,result_sim_abr_fcc-test_056_test_fcc_trace_27175_http---www.amazon.com_600_0,056_test_fcc_trace_27175_http---www.amazon.com_600_0,0.5106382978723404
fcc-test_video2,final,100005,result_sim_abr_fcc-test_057_test_fcc_trace_14731_http---www.facebook.com_1320_0,057_test_fcc_trace_14731_http---www.facebook.com_1320_0,0.23857274391652944
fcc-test_video2,final,100005,result_sim_abr_fcc-test_058_trace_797700_http---www.yahoo.com_960,058_trace_797700_http---www.yahoo.com_960,0.39574468085106396
fcc-test_video2,final,100005,result_sim_abr_fcc-test_059_trace_941752_http---www.facebook.com_0,059_trace_941752_http---www.facebook.com_0,0.4436170212765958
fcc-test_video2,final,100005,result_sim_abr_fcc-test_060_test_fcc_trace_215364_http---www.ebay.com_1140_0,060_test_fcc_trace_215364_http---www.ebay.com_1140_0,0.6159574468085106
fcc-test_video2,final,100005,result_sim_abr_fcc-test_061_trace_806172_http---www.amazon.com_0,061_trace_806172_http---www.amazon.com_0,1.320212765957447
fcc-test_video2,final,100005,result_sim_abr_fcc-test_062_trace_797700_http---www.yahoo.com_320,062_trace_797700_http---www.yahoo.com_320,0.3546312944599438
fcc-test_video2,final,100005,result_sim_abr_fcc-test_063_trace_799296_http---www.amazon.com_960,063_trace_799296_http---www.amazon.com_960,1.592553191489361
fcc-test_video2,final,100005,result_sim_abr_fcc-test_064_trace_10730_http---www.facebook.com_1280,064_trace_10730_http---www.facebook.com_1280,0.2904255319148937
fcc-test_video2,final,100005,result_sim_abr_fcc-test_065_trace_799448_http---www.facebook.com_320,065_trace_799448_http---www.facebook.com_320,0.6638297872340425
fcc-test_video2,final,100005,result_sim_abr_fcc-test_066_test_fcc_trace_805712_http---www.facebook.com_1140_0,066_test_fcc_trace_805712_http---www.facebook.com_1140_0,1.0297872340425533
fcc-test_video2,final,100005,result_sim_abr_fcc-test_067_test_fcc_trace_27175_http---www.amazon.com_1320_0,067_test_fcc_trace_27175_http---www.amazon.com_1320_0,0.43404255319148943
fcc-test_video2,final,100005,result_sim_abr_fcc-test_068_trace_901648_http---www.amazon.com_640,068_trace_901648_http---www.amazon.com_640,0.17360329279345482
fcc-test_video2,final,100005,result_sim_abr_fcc-test_069_trace_939618_http---www.amazon.com_960,069_trace_939618_http---www.amazon.com_960,0.9755319148936172
fcc-test_video2,final,100005,result_sim_abr_fcc-test_070_test_fcc_trace_14731_http---www.facebook.com_720_0,070_test_fcc_trace_14731_http---www.facebook.com_720_0,-0.04874693261613743
fcc-test_video2,final,100005,result_sim_abr_fcc-test_071_trace_7256_http---www.facebook.com_960,071_trace_7256_http---www.facebook.com_960,0.3861702127659574
fcc-test_video2,final,100005,result_sim_abr_fcc-test_072_test_fcc_trace_216810_http---www.facebook.com_1440_0,072_test_fcc_trace_216810_http---www.facebook.com_1440_0,1.224252971429734
fcc-test_video2,final,100005,result_sim_abr_fcc-test_073_test_fcc_trace_5554_http---www.amazon.com_720_0,073_test_fcc_trace_5554_http---www.amazon.com_720_0,0.6223404255319152
fcc-test_video2,final,100005,result_sim_abr_fcc-test_074_test_fcc_trace_27175_http---www.amazon.com_1140_0,074_test_fcc_trace_27175_http---www.amazon.com_1140_0,-4.506495694849284
fcc-test_video2,final,100005,result_sim_abr_fcc-test_075_trace_7451_http---www.yahoo.com_640,075_trace_7451_http---www.yahoo.com_640,0.208143284166896
fcc-test_video2,final,100005,result_sim_abr_fcc-test_076_trace_805936_http---www.youtube.com_640,076_trace_805936_http---www.youtube.com_640,-1.0086590307863574
fcc-test_video2,final,100005,result_sim_abr_fcc-test_077_trace_665208_http---www.yahoo.com_640,077_trace_665208_http---www.yahoo.com_640,1.656382978723404
fcc-test_video2,final,100005,result_sim_abr_fcc-test_078_trace_8747_http---www.amazon.com_960,078_trace_8747_http---www.amazon.com_960,0.5478723404255319
fcc-test_video2,final,100005,result_sim_abr_fcc-test_079_test_fcc_trace_14731_http---www.facebook.com_1380_0,079_test_fcc_trace_14731_http---www.facebook.com_1380_0,0.2667430502347696
fcc-test_video2,final,100005,result_sim_abr_fcc-test_080_test_fcc_trace_215364_http---www.ebay.com_420_0,080_test_fcc_trace_215364_http---www.ebay.com_420_0,-0.017066545352751736
fcc-test_video2,final,100005,result_sim_abr_fcc-test_081_test_fcc_trace_14731_http---www.facebook.com_360_0,081_test_fcc_trace_14731_http---www.facebook.com_360_0,-0.9318296014902354
fcc-test_video2,final,100005,result_sim_abr_fcc-test_082_trace_26689_http---www.amazon.com_640,082_trace_26689_http---www.amazon.com_640,0.45539205383824294
fcc-test_video2,final,100005,result_sim_abr_fcc-test_083_test_fcc_trace_216810_http---www.facebook.com_300_0,083_test_fcc_trace_216810_http---www.facebook.com_300_0,1.4478723404255318
fcc-test_video2,final,100005,result_sim_abr_fcc-test_084_trace_849842_http---www.facebook.com_1280,084_trace_849842_http---www.facebook.com_1280,0.3670212765957447
fcc-test_video2,final,100005,result_sim_abr_fcc-test_085_test_fcc_trace_27175_http---www.amazon.com_840_0,085_test_fcc_trace_27175_http---www.amazon.com_840_0,1.9308510638297869
fcc-test_video2,final,100005,result_sim_abr_fcc-test_086_trace_941778_http---www.youtube.com_320,086_trace_941778_http---www.youtube.com_320,0.3134225446962729
fcc-test_video2,final,100005,result_sim_abr_fcc-test_087_test_fcc_trace_27175_http---www.amazon.com_780_0,087_test_fcc_trace_27175_http---www.amazon.com_780_0,2.1478723404255318
fcc-test_video2,final,100005,result_sim_abr_fcc-test_088_trace_10322_http---edition.cnn.com_960,088_trace_10322_http---edition.cnn.com_960,0.5585106382978723
fcc-test_video2,final,100005,result_sim_abr_fcc-test_089_test_fcc_trace_215364_http---www.ebay.com_60_0,089_test_fcc_trace_215364_http---www.ebay.com_60_0,0.7595744680851064
fcc-test_video2,final,100005,result_sim_abr_fcc-test_090_trace_663494_http---www.facebook.com_640,090_trace_663494_http---www.facebook.com_640,1.2244680851063832
fcc-test_video2,final,100005,result_sim_abr_fcc-test_091_trace_11332_http---www.facebook.com_960,091_trace_11332_http---www.facebook.com_960,0.30000000000000004
fcc-test_video2,final,100005,result_sim_abr_fcc-test_092_test_fcc_trace_216810_http---www.facebook.com_780_0,092_test_fcc_trace_216810_http---www.facebook.com_780_0,0.0038214795180140843
fcc-test_video2,final,100005,result_sim_abr_fcc-test_093_test_fcc_trace_27175_http---www.amazon.com_720_0,093_test_fcc_trace_27175_http---www.amazon.com_720_0,1.7553191489361692
fcc-test_video2,final,100005,result_sim_abr_fcc-test_094_test_fcc_trace_14731_http---www.facebook.com_1020_0,094_test_fcc_trace_14731_http---www.facebook.com_1020_0,0.3382978723404256
fcc-test_video2,final,100005,result_sim_abr_fcc-test_095_trace_8996_http---www.facebook.com_320,095_trace_8996_http---www.facebook.com_320,-0.5350537527346806
fcc-test_video2,final,100005,result_sim_abr_fcc-test_096_trace_925806_http---www.amazon.com_640,096_trace_925806_http---www.amazon.com_640,0.14094174984545146
fcc-test_video2,final,100005,result_sim_abr_fcc-test_097_test_fcc_trace_805712_http---www.facebook.com_1200_0,097_test_fcc_trace_805712_http---www.facebook.com_1200_0,0.9712765957446808
fcc-test_video2,final,100005,result_sim_abr_fcc-test_098_trace_939562_http---www.google.com-mobile-_320,098_trace_939562_http---www.google.com-mobile-_320,1.7351063829787228
fcc-test_video2,final,100005,result_sim_abr_fcc-test_099_trace_925800_http---www.ebay.com_320,099_trace_925800_http---www.ebay.com_320,0.5297872340425532
